#    L    TT             EE             BB             TE             PP             TP             EP          
     2   0.104316E+04   0.311549E-01   0.000000E+00   0.257246E+01   0.490412E-07   0.311783E-02  -0.122441E-04
     3   0.987769E+03   0.398468E-01   0.000000E+00   0.290510E+01   0.596912E-07   0.313413E-02  -0.130888E-04
     4   0.932781E+03   0.343672E-01   0.000000E+00   0.273715E+01   0.687892E-07   0.306352E-02  -0.110066E-04
     5   0.891179E+03   0.228096E-01   0.000000E+00   0.233791E+01   0.766838E-07   0.296112E-02  -0.740881E-05
     6   0.862446E+03   0.127020E-01   0.000000E+00   0.188700E+01   0.835777E-07   0.285004E-02  -0.348601E-05
     7   0.843879E+03   0.686605E-02   0.000000E+00   0.148510E+01   0.896507E-07   0.274116E-02  -0.146817E-06
     8   0.832413E+03   0.444792E-02   0.000000E+00   0.117609E+01   0.950275E-07   0.263516E-02   0.203819E-05
     9   0.826582E+03   0.356601E-02   0.000000E+00   0.966533E+00   0.998149E-07   0.253077E-02   0.288718E-05
    10   0.824874E+03   0.302240E-02   0.000000E+00   0.848857E+00   0.104081E-06   0.242995E-02   0.261166E-05
    11   0.825852E+03   0.253464E-02   0.000000E+00   0.805587E+00   0.107918E-06   0.233725E-02   0.167173E-05
    12   0.830237E+03   0.222134E-02   0.000000E+00   0.817628E+00   0.111329E-06   0.225187E-02   0.529246E-06
    13   0.836078E+03   0.214385E-02   0.000000E+00   0.860472E+00   0.114413E-06   0.217645E-02  -0.494606E-06
    14   0.843176E+03   0.223443E-02   0.000000E+00   0.913586E+00   0.117161E-06   0.210342E-02  -0.120272E-05
    15   0.850471E+03   0.241439E-02   0.000000E+00   0.970529E+00   0.119646E-06   0.203322E-02  -0.146433E-05
    16   0.859714E+03   0.267217E-02   0.000000E+00   0.103242E+01   0.121870E-06   0.196336E-02  -0.123291E-05
    17   0.870755E+03   0.305123E-02   0.000000E+00   0.109654E+01   0.123860E-06   0.189565E-02  -0.711707E-06
    18   0.882458E+03   0.359348E-02   0.000000E+00   0.116163E+01   0.125650E-06   0.183269E-02  -0.155218E-06
    19   0.895567E+03   0.429943E-02   0.000000E+00   0.123075E+01   0.127251E-06   0.177414E-02   0.207077E-06
    20   0.908455E+03   0.514410E-02   0.000000E+00   0.129885E+01   0.128669E-06   0.171908E-02   0.223601E-06
    21   0.921815E+03   0.612254E-02   0.000000E+00   0.137088E+01   0.129927E-06   0.166689E-02   0.214459E-07
    22   0.935678E+03   0.724754E-02   0.000000E+00   0.144739E+01   0.131044E-06   0.161716E-02  -0.229172E-06
    23   0.949654E+03   0.851076E-02   0.000000E+00   0.152494E+01   0.132030E-06   0.156975E-02  -0.454845E-06
    24   0.964060E+03   0.990858E-02   0.000000E+00   0.159944E+01   0.132891E-06   0.152458E-02  -0.618779E-06
    25   0.979024E+03   0.114465E-01   0.000000E+00   0.166368E+01   0.133638E-06   0.148152E-02  -0.733329E-06
    26   0.994049E+03   0.131381E-01   0.000000E+00   0.172200E+01   0.134283E-06   0.144041E-02  -0.807322E-06
    27   0.100955E+04   0.149947E-01   0.000000E+00   0.177502E+01   0.134834E-06   0.140091E-02  -0.787529E-06
    28   0.102535E+04   0.170108E-01   0.000000E+00   0.181771E+01   0.135298E-06   0.136277E-02  -0.631238E-06
    29   0.104138E+04   0.192139E-01   0.000000E+00   0.185538E+01   0.135675E-06   0.132624E-02  -0.398190E-06
    30   0.105783E+04   0.216330E-01   0.000000E+00   0.188166E+01   0.135967E-06   0.129159E-02  -0.177048E-06
    31   0.107409E+04   0.242607E-01   0.000000E+00   0.190709E+01   0.136183E-06   0.125863E-02  -0.714395E-07
    32   0.109096E+04   0.271099E-01   0.000000E+00   0.192626E+01   0.136337E-06   0.122709E-02  -0.154704E-06
    33   0.110790E+04   0.301431E-01   0.000000E+00   0.193744E+01   0.136430E-06   0.119680E-02  -0.365699E-06
    34   0.112492E+04   0.333894E-01   0.000000E+00   0.194165E+01   0.136467E-06   0.116758E-02  -0.606588E-06
    35   0.114258E+04   0.368568E-01   0.000000E+00   0.193017E+01   0.136451E-06   0.113926E-02  -0.765622E-06
    36   0.115997E+04   0.405739E-01   0.000000E+00   0.191362E+01   0.136385E-06   0.111177E-02  -0.758859E-06
    37   0.117763E+04   0.445629E-01   0.000000E+00   0.188586E+01   0.136274E-06   0.108546E-02  -0.626080E-06
    38   0.119567E+04   0.488092E-01   0.000000E+00   0.184855E+01   0.136121E-06   0.106067E-02  -0.435480E-06
    39   0.121399E+04   0.533034E-01   0.000000E+00   0.180152E+01   0.135927E-06   0.103715E-02  -0.246238E-06
    40   0.123249E+04   0.580397E-01   0.000000E+00   0.174315E+01   0.135695E-06   0.101453E-02  -0.115125E-06
    41   0.125110E+04   0.630166E-01   0.000000E+00   0.167236E+01   0.135428E-06   0.992513E-03  -0.833680E-07
    42   0.126982E+04   0.682469E-01   0.000000E+00   0.159011E+01   0.135126E-06   0.971050E-03  -0.130771E-06
    43   0.128866E+04   0.737472E-01   0.000000E+00   0.149749E+01   0.134793E-06   0.950164E-03  -0.221912E-06
    44   0.130766E+04   0.795317E-01   0.000000E+00   0.139398E+01   0.134430E-06   0.929881E-03  -0.321496E-06
    45   0.132691E+04   0.856119E-01   0.000000E+00   0.127875E+01   0.134041E-06   0.910225E-03  -0.394343E-06
    46   0.134636E+04   0.919947E-01   0.000000E+00   0.115142E+01   0.133628E-06   0.891210E-03  -0.415696E-06
    47   0.136599E+04   0.986804E-01   0.000000E+00   0.101146E+01   0.133192E-06   0.872810E-03  -0.402130E-06
    48   0.138579E+04   0.105661E+00   0.000000E+00   0.858333E+00   0.132735E-06   0.854988E-03  -0.380480E-06
    49   0.140573E+04   0.112927E+00   0.000000E+00   0.691538E+00   0.132258E-06   0.837709E-03  -0.377506E-06
    50   0.142587E+04   0.120480E+00   0.000000E+00   0.510731E+00   0.131763E-06   0.820936E-03  -0.419905E-06
    51   0.144627E+04   0.128325E+00   0.000000E+00   0.315863E+00   0.131253E-06   0.804645E-03  -0.524121E-06
    52   0.146688E+04   0.136466E+00   0.000000E+00   0.107873E+00   0.130726E-06   0.788850E-03  -0.665813E-06
    53   0.148762E+04   0.144904E+00   0.000000E+00  -0.112263E+00   0.130186E-06   0.773575E-03  -0.810520E-06
    54   0.150848E+04   0.153641E+00   0.000000E+00  -0.344428E+00   0.129632E-06   0.758845E-03  -0.923854E-06
    55   0.152945E+04   0.162682E+00   0.000000E+00  -0.588875E+00   0.129066E-06   0.744684E-03  -0.971496E-06
    56   0.155065E+04   0.172023E+00   0.000000E+00  -0.846496E+00   0.128489E-06   0.731103E-03  -0.930301E-06
    57   0.157218E+04   0.181661E+00   0.000000E+00  -0.111817E+01   0.127901E-06   0.718046E-03  -0.821603E-06
    58   0.159398E+04   0.191593E+00   0.000000E+00  -0.140410E+01   0.127302E-06   0.705443E-03  -0.677792E-06
    59   0.161598E+04   0.201819E+00   0.000000E+00  -0.170419E+01   0.126694E-06   0.693225E-03  -0.531197E-06
    60   0.163816E+04   0.212331E+00   0.000000E+00  -0.201794E+01   0.126077E-06   0.681321E-03  -0.414090E-06
    61   0.166051E+04   0.223121E+00   0.000000E+00  -0.234487E+01   0.125452E-06   0.669673E-03  -0.352011E-06
    62   0.168305E+04   0.234185E+00   0.000000E+00  -0.268496E+01   0.124819E-06   0.658262E-03  -0.343753E-06
    63   0.170580E+04   0.245521E+00   0.000000E+00  -0.303834E+01   0.124180E-06   0.647081E-03  -0.381438E-06
    64   0.172875E+04   0.257128E+00   0.000000E+00  -0.340512E+01   0.123535E-06   0.636122E-03  -0.457206E-06
    65   0.175194E+04   0.269005E+00   0.000000E+00  -0.378545E+01   0.122885E-06   0.625377E-03  -0.563209E-06
    66   0.177541E+04   0.281146E+00   0.000000E+00  -0.417955E+01   0.122232E-06   0.614845E-03  -0.690359E-06
    67   0.179913E+04   0.293542E+00   0.000000E+00  -0.458688E+01   0.121575E-06   0.604546E-03  -0.824565E-06
    68   0.182307E+04   0.306183E+00   0.000000E+00  -0.500673E+01   0.120916E-06   0.594507E-03  -0.950499E-06
    69   0.184718E+04   0.319062E+00   0.000000E+00  -0.543842E+01   0.120255E-06   0.584753E-03  -0.105285E-05
    70   0.187143E+04   0.332171E+00   0.000000E+00  -0.588145E+01   0.119592E-06   0.575313E-03  -0.111634E-05
    71   0.189581E+04   0.345506E+00   0.000000E+00  -0.633565E+01   0.118928E-06   0.566204E-03  -0.113012E-05
    72   0.192041E+04   0.359063E+00   0.000000E+00  -0.680188E+01   0.118263E-06   0.557415E-03  -0.110108E-05
    73   0.194537E+04   0.372835E+00   0.000000E+00  -0.728107E+01   0.117596E-06   0.548926E-03  -0.104049E-05
    74   0.197067E+04   0.386811E+00   0.000000E+00  -0.777305E+01   0.116928E-06   0.540720E-03  -0.959662E-06
    75   0.199634E+04   0.400980E+00   0.000000E+00  -0.827735E+01   0.116258E-06   0.532775E-03  -0.869847E-06
    76   0.202232E+04   0.415328E+00   0.000000E+00  -0.879338E+01   0.115588E-06   0.525074E-03  -0.781126E-06
    77   0.204848E+04   0.429842E+00   0.000000E+00  -0.931971E+01   0.114917E-06   0.517595E-03  -0.698840E-06
    78   0.207482E+04   0.444511E+00   0.000000E+00  -0.985588E+01   0.114245E-06   0.510316E-03  -0.627143E-06
    79   0.210138E+04   0.459323E+00   0.000000E+00  -0.104017E+02   0.113574E-06   0.503216E-03  -0.570187E-06
    80   0.212818E+04   0.474267E+00   0.000000E+00  -0.109573E+02   0.112903E-06   0.496274E-03  -0.532120E-06
    81   0.215524E+04   0.489330E+00   0.000000E+00  -0.115224E+02   0.112232E-06   0.489468E-03  -0.516015E-06
    82   0.218257E+04   0.504502E+00   0.000000E+00  -0.120965E+02   0.111563E-06   0.482781E-03  -0.520656E-06
    83   0.221015E+04   0.519771E+00   0.000000E+00  -0.126795E+02   0.110896E-06   0.476197E-03  -0.543755E-06
    84   0.223798E+04   0.535126E+00   0.000000E+00  -0.132708E+02   0.110230E-06   0.469698E-03  -0.583028E-06
    85   0.226606E+04   0.550554E+00   0.000000E+00  -0.138703E+02   0.109565E-06   0.463268E-03  -0.636194E-06
    86   0.229436E+04   0.566045E+00   0.000000E+00  -0.144774E+02   0.108904E-06   0.456896E-03  -0.700567E-06
    87   0.232287E+04   0.581586E+00   0.000000E+00  -0.150915E+02   0.108244E-06   0.450598E-03  -0.771838E-06
    88   0.235156E+04   0.597164E+00   0.000000E+00  -0.157122E+02   0.107587E-06   0.444396E-03  -0.845296E-06
    89   0.238045E+04   0.612766E+00   0.000000E+00  -0.163389E+02   0.106932E-06   0.438311E-03  -0.916233E-06
    90   0.240954E+04   0.628374E+00   0.000000E+00  -0.169713E+02   0.106280E-06   0.432366E-03  -0.979944E-06
    91   0.243883E+04   0.643976E+00   0.000000E+00  -0.176088E+02   0.105631E-06   0.426578E-03  -0.103265E-05
    92   0.246834E+04   0.659557E+00   0.000000E+00  -0.182512E+02   0.104985E-06   0.420945E-03  -0.107429E-05
    93   0.249806E+04   0.675100E+00   0.000000E+00  -0.188979E+02   0.104342E-06   0.415463E-03  -0.110569E-05
    94   0.252801E+04   0.690595E+00   0.000000E+00  -0.195488E+02   0.103702E-06   0.410125E-03  -0.112771E-05
    95   0.255819E+04   0.706024E+00   0.000000E+00  -0.202033E+02   0.103065E-06   0.404925E-03  -0.114120E-05
    96   0.258859E+04   0.721375E+00   0.000000E+00  -0.208610E+02   0.102431E-06   0.399858E-03  -0.114700E-05
    97   0.261922E+04   0.736631E+00   0.000000E+00  -0.215214E+02   0.101800E-06   0.394919E-03  -0.114596E-05
    98   0.265008E+04   0.751779E+00   0.000000E+00  -0.221840E+02   0.101173E-06   0.390101E-03  -0.113893E-05
    99   0.268115E+04   0.766802E+00   0.000000E+00  -0.228484E+02   0.100549E-06   0.385398E-03  -0.112674E-05
   100   0.271244E+04   0.781690E+00   0.000000E+00  -0.235140E+02   0.999282E-07   0.380806E-03  -0.111025E-05
   101   0.274395E+04   0.796427E+00   0.000000E+00  -0.241803E+02   0.993109E-07   0.376319E-03  -0.109028E-05
   102   0.277568E+04   0.810991E+00   0.000000E+00  -0.248470E+02   0.986971E-07   0.371930E-03  -0.106770E-05
   103   0.280761E+04   0.825382E+00   0.000000E+00  -0.255133E+02   0.980868E-07   0.367634E-03  -0.104333E-05
   104   0.283974E+04   0.839571E+00   0.000000E+00  -0.261788E+02   0.974801E-07   0.363426E-03  -0.101803E-05
   105   0.287207E+04   0.853550E+00   0.000000E+00  -0.268428E+02   0.968771E-07   0.359300E-03  -0.992629E-06
   106   0.290459E+04   0.867303E+00   0.000000E+00  -0.275048E+02   0.962778E-07   0.355251E-03  -0.967969E-06
   107   0.293729E+04   0.880825E+00   0.000000E+00  -0.281642E+02   0.956823E-07   0.351272E-03  -0.944892E-06
   108   0.297016E+04   0.894091E+00   0.000000E+00  -0.288206E+02   0.950906E-07   0.347358E-03  -0.924238E-06
   109   0.300319E+04   0.907095E+00   0.000000E+00  -0.294731E+02   0.945029E-07   0.343504E-03  -0.906845E-06
   110   0.303639E+04   0.919815E+00   0.000000E+00  -0.301214E+02   0.939191E-07   0.339703E-03  -0.893554E-06
   111   0.306974E+04   0.932243E+00   0.000000E+00  -0.307649E+02   0.933394E-07   0.335952E-03  -0.885001E-06
   112   0.310324E+04   0.944371E+00   0.000000E+00  -0.314028E+02   0.927636E-07   0.332250E-03  -0.881022E-06
   113   0.313688E+04   0.956177E+00   0.000000E+00  -0.320349E+02   0.921919E-07   0.328596E-03  -0.881248E-06
   114   0.317065E+04   0.967646E+00   0.000000E+00  -0.326603E+02   0.916243E-07   0.324991E-03  -0.885315E-06
   115   0.320455E+04   0.978779E+00   0.000000E+00  -0.332786E+02   0.910606E-07   0.321435E-03  -0.892855E-06
   116   0.323857E+04   0.989559E+00   0.000000E+00  -0.338892E+02   0.905010E-07   0.317929E-03  -0.903504E-06
   117   0.327272E+04   0.999965E+00   0.000000E+00  -0.344915E+02   0.899454E-07   0.314472E-03  -0.916894E-06
   118   0.330696E+04   0.101000E+01   0.000000E+00  -0.350849E+02   0.893938E-07   0.311064E-03  -0.932662E-06
   119   0.334130E+04   0.101964E+01   0.000000E+00  -0.356690E+02   0.888463E-07   0.307706E-03  -0.950440E-06
   120   0.337574E+04   0.102889E+01   0.000000E+00  -0.362431E+02   0.883027E-07   0.304398E-03  -0.969865E-06
   121   0.341026E+04   0.103772E+01   0.000000E+00  -0.368065E+02   0.877631E-07   0.301140E-03  -0.990572E-06
   122   0.344485E+04   0.104613E+01   0.000000E+00  -0.373590E+02   0.872276E-07   0.297933E-03  -0.101219E-05
   123   0.347950E+04   0.105412E+01   0.000000E+00  -0.378997E+02   0.866961E-07   0.294776E-03  -0.103437E-05
   124   0.351421E+04   0.106167E+01   0.000000E+00  -0.384282E+02   0.861686E-07   0.291669E-03  -0.105673E-05
   125   0.354897E+04   0.106877E+01   0.000000E+00  -0.389440E+02   0.856451E-07   0.288614E-03  -0.107892E-05
   126   0.358377E+04   0.107542E+01   0.000000E+00  -0.394464E+02   0.851256E-07   0.285609E-03  -0.110056E-05
   127   0.361860E+04   0.108161E+01   0.000000E+00  -0.399350E+02   0.846101E-07   0.282656E-03  -0.112130E-05
   128   0.365345E+04   0.108733E+01   0.000000E+00  -0.404093E+02   0.840986E-07   0.279754E-03  -0.114076E-05
   129   0.368831E+04   0.109258E+01   0.000000E+00  -0.408686E+02   0.835912E-07   0.276904E-03  -0.115860E-05
   130   0.372318E+04   0.109734E+01   0.000000E+00  -0.413125E+02   0.830877E-07   0.274106E-03  -0.117444E-05
   131   0.375803E+04   0.110161E+01   0.000000E+00  -0.417404E+02   0.825883E-07   0.271360E-03  -0.118799E-05
   132   0.379288E+04   0.110540E+01   0.000000E+00  -0.421518E+02   0.820929E-07   0.268664E-03  -0.119928E-05
   133   0.382770E+04   0.110868E+01   0.000000E+00  -0.425463E+02   0.816014E-07   0.266017E-03  -0.120841E-05
   134   0.386250E+04   0.111149E+01   0.000000E+00  -0.429233E+02   0.811139E-07   0.263417E-03  -0.121548E-05
   135   0.389725E+04   0.111378E+01   0.000000E+00  -0.432826E+02   0.806303E-07   0.260864E-03  -0.122058E-05
   136   0.393196E+04   0.111558E+01   0.000000E+00  -0.436234E+02   0.801505E-07   0.258355E-03  -0.122381E-05
   137   0.396662E+04   0.111687E+01   0.000000E+00  -0.439453E+02   0.796746E-07   0.255889E-03  -0.122527E-05
   138   0.400121E+04   0.111767E+01   0.000000E+00  -0.442480E+02   0.792025E-07   0.253464E-03  -0.122506E-05
   139   0.403573E+04   0.111796E+01   0.000000E+00  -0.445310E+02   0.787343E-07   0.251079E-03  -0.122328E-05
   140   0.407018E+04   0.111776E+01   0.000000E+00  -0.447939E+02   0.782697E-07   0.248733E-03  -0.122002E-05
   141   0.410454E+04   0.111706E+01   0.000000E+00  -0.450364E+02   0.778090E-07   0.246424E-03  -0.121539E-05
   142   0.413880E+04   0.111586E+01   0.000000E+00  -0.452579E+02   0.773519E-07   0.244150E-03  -0.120948E-05
   143   0.417296E+04   0.111417E+01   0.000000E+00  -0.454581E+02   0.768985E-07   0.241910E-03  -0.120240E-05
   144   0.420701E+04   0.111200E+01   0.000000E+00  -0.456366E+02   0.764488E-07   0.239702E-03  -0.119423E-05
   145   0.424093E+04   0.110934E+01   0.000000E+00  -0.457928E+02   0.760027E-07   0.237525E-03  -0.118508E-05
   146   0.427471E+04   0.110619E+01   0.000000E+00  -0.459267E+02   0.755603E-07   0.235378E-03  -0.117504E-05
   147   0.430833E+04   0.110259E+01   0.000000E+00  -0.460375E+02   0.751214E-07   0.233258E-03  -0.116422E-05
   148   0.434178E+04   0.109851E+01   0.000000E+00  -0.461251E+02   0.746861E-07   0.231165E-03  -0.115271E-05
   149   0.437505E+04   0.109398E+01   0.000000E+00  -0.461889E+02   0.742543E-07   0.229097E-03  -0.114061E-05
   150   0.440813E+04   0.108899E+01   0.000000E+00  -0.462285E+02   0.738260E-07   0.227053E-03  -0.112801E-05
   151   0.444098E+04   0.108357E+01   0.000000E+00  -0.462437E+02   0.734012E-07   0.225030E-03  -0.111501E-05
   152   0.447361E+04   0.107771E+01   0.000000E+00  -0.462341E+02   0.729798E-07   0.223029E-03  -0.110164E-05
   153   0.450602E+04   0.107143E+01   0.000000E+00  -0.461995E+02   0.725619E-07   0.221050E-03  -0.108792E-05
   154   0.453820E+04   0.106475E+01   0.000000E+00  -0.461397E+02   0.721474E-07   0.219092E-03  -0.107386E-05
   155   0.457014E+04   0.105766E+01   0.000000E+00  -0.460543E+02   0.717363E-07   0.217155E-03  -0.105950E-05
   156   0.460186E+04   0.105020E+01   0.000000E+00  -0.459432E+02   0.713285E-07   0.215240E-03  -0.104486E-05
   157   0.463332E+04   0.104236E+01   0.000000E+00  -0.458062E+02   0.709241E-07   0.213345E-03  -0.102995E-05
   158   0.466453E+04   0.103418E+01   0.000000E+00  -0.456430E+02   0.705230E-07   0.211471E-03  -0.101481E-05
   159   0.469548E+04   0.102565E+01   0.000000E+00  -0.454533E+02   0.701252E-07   0.209618E-03  -0.999442E-06
   160   0.472616E+04   0.101679E+01   0.000000E+00  -0.452371E+02   0.697306E-07   0.207785E-03  -0.983880E-06
   161   0.475655E+04   0.100763E+01   0.000000E+00  -0.449940E+02   0.693393E-07   0.205973E-03  -0.968143E-06
   162   0.478665E+04   0.998173E+00   0.000000E+00  -0.447240E+02   0.689513E-07   0.204181E-03  -0.952253E-06
   163   0.481643E+04   0.988457E+00   0.000000E+00  -0.444267E+02   0.685664E-07   0.202408E-03  -0.936232E-06
   164   0.484588E+04   0.978481E+00   0.000000E+00  -0.441021E+02   0.681847E-07   0.200655E-03  -0.920102E-06
   165   0.487500E+04   0.968268E+00   0.000000E+00  -0.437499E+02   0.678062E-07   0.198922E-03  -0.903884E-06
   166   0.490377E+04   0.957841E+00   0.000000E+00  -0.433701E+02   0.674308E-07   0.197209E-03  -0.887602E-06
   167   0.493219E+04   0.947223E+00   0.000000E+00  -0.429625E+02   0.670586E-07   0.195514E-03  -0.871276E-06
   168   0.496025E+04   0.936438E+00   0.000000E+00  -0.425272E+02   0.666894E-07   0.193839E-03  -0.854929E-06
   169   0.498793E+04   0.925507E+00   0.000000E+00  -0.420641E+02   0.663233E-07   0.192183E-03  -0.838582E-06
   170   0.501524E+04   0.914448E+00   0.000000E+00  -0.415730E+02   0.659603E-07   0.190546E-03  -0.822257E-06
   171   0.504215E+04   0.903291E+00   0.000000E+00  -0.410540E+02   0.656002E-07   0.188927E-03  -0.805977E-06
   172   0.506868E+04   0.892058E+00   0.000000E+00  -0.405069E+02   0.652432E-07   0.187327E-03  -0.789763E-06
   173   0.509479E+04   0.880774E+00   0.000000E+00  -0.399318E+02   0.648892E-07   0.185745E-03  -0.773637E-06
   174   0.512049E+04   0.869460E+00   0.000000E+00  -0.393287E+02   0.645381E-07   0.184182E-03  -0.757620E-06
   175   0.514577E+04   0.858155E+00   0.000000E+00  -0.386976E+02   0.641900E-07   0.182636E-03  -0.741736E-06
   176   0.517062E+04   0.846876E+00   0.000000E+00  -0.380386E+02   0.638447E-07   0.181108E-03  -0.726000E-06
   177   0.519502E+04   0.835659E+00   0.000000E+00  -0.373517E+02   0.635024E-07   0.179598E-03  -0.710411E-06
   178   0.521897E+04   0.824529E+00   0.000000E+00  -0.366369E+02   0.631629E-07   0.178105E-03  -0.694962E-06
   179   0.524247E+04   0.813510E+00   0.000000E+00  -0.358944E+02   0.628263E-07   0.176629E-03  -0.679646E-06
   180   0.526550E+04   0.802639E+00   0.000000E+00  -0.351241E+02   0.624925E-07   0.175169E-03  -0.664456E-06
   181   0.528806E+04   0.791948E+00   0.000000E+00  -0.343264E+02   0.621614E-07   0.173725E-03  -0.649385E-06
   182   0.531014E+04   0.781468E+00   0.000000E+00  -0.335013E+02   0.618331E-07   0.172297E-03  -0.634426E-06
   183   0.533174E+04   0.771222E+00   0.000000E+00  -0.326490E+02   0.615076E-07   0.170884E-03  -0.619573E-06
   184   0.535284E+04   0.761248E+00   0.000000E+00  -0.317698E+02   0.611847E-07   0.169486E-03  -0.604818E-06
   185   0.537344E+04   0.751586E+00   0.000000E+00  -0.308635E+02   0.608645E-07   0.168103E-03  -0.590155E-06
   186   0.539353E+04   0.742258E+00   0.000000E+00  -0.299307E+02   0.605469E-07   0.166735E-03  -0.575576E-06
   187   0.541311E+04   0.733297E+00   0.000000E+00  -0.289713E+02   0.602319E-07   0.165380E-03  -0.561075E-06
   188   0.543217E+04   0.724743E+00   0.000000E+00  -0.279857E+02   0.599195E-07   0.164038E-03  -0.546645E-06
   189   0.545070E+04   0.716630E+00   0.000000E+00  -0.269741E+02   0.596097E-07   0.162710E-03  -0.532279E-06
   190   0.546869E+04   0.708992E+00   0.000000E+00  -0.259368E+02   0.593024E-07   0.161395E-03  -0.517970E-06
   191   0.548615E+04   0.701863E+00   0.000000E+00  -0.248741E+02   0.589976E-07   0.160092E-03  -0.503711E-06
   192   0.550304E+04   0.695279E+00   0.000000E+00  -0.237861E+02   0.586953E-07   0.158802E-03  -0.489496E-06
   193   0.551938E+04   0.689274E+00   0.000000E+00  -0.226731E+02   0.583954E-07   0.157523E-03  -0.475317E-06
   194   0.553517E+04   0.683887E+00   0.000000E+00  -0.215357E+02   0.580980E-07   0.156255E-03  -0.461168E-06
   195   0.555038E+04   0.679153E+00   0.000000E+00  -0.203740E+02   0.578029E-07   0.154999E-03  -0.447042E-06
   196   0.556503E+04   0.675109E+00   0.000000E+00  -0.191885E+02   0.575102E-07   0.153753E-03  -0.432931E-06
   197   0.557911E+04   0.671794E+00   0.000000E+00  -0.179795E+02   0.572198E-07   0.152518E-03  -0.418830E-06
   198   0.559262E+04   0.669246E+00   0.000000E+00  -0.167475E+02   0.569318E-07   0.151293E-03  -0.404730E-06
   199   0.560555E+04   0.667499E+00   0.000000E+00  -0.154927E+02   0.566460E-07   0.150077E-03  -0.390626E-06
   200   0.561790E+04   0.666593E+00   0.000000E+00  -0.142158E+02   0.563625E-07   0.148870E-03  -0.376510E-06
   201   0.562966E+04   0.666565E+00   0.000000E+00  -0.129169E+02   0.560812E-07   0.147673E-03  -0.362378E-06
   202   0.564082E+04   0.667452E+00   0.000000E+00  -0.115966E+02   0.558021E-07   0.146484E-03  -0.348228E-06
   203   0.565137E+04   0.669289E+00   0.000000E+00  -0.102552E+02   0.555252E-07   0.145305E-03  -0.334062E-06
   204   0.566131E+04   0.672115E+00   0.000000E+00  -0.889328E+01   0.552504E-07   0.144134E-03  -0.319882E-06
   205   0.567060E+04   0.675964E+00   0.000000E+00  -0.751125E+01   0.549779E-07   0.142971E-03  -0.305688E-06
   206   0.567927E+04   0.680873E+00   0.000000E+00  -0.610951E+01   0.547074E-07   0.141818E-03  -0.291483E-06
   207   0.568729E+04   0.686880E+00   0.000000E+00  -0.468848E+01   0.544391E-07   0.140672E-03  -0.277267E-06
   208   0.569465E+04   0.694021E+00   0.000000E+00  -0.324875E+01   0.541729E-07   0.139536E-03  -0.263043E-06
   209   0.570139E+04   0.702331E+00   0.000000E+00  -0.179090E+01   0.539087E-07   0.138408E-03  -0.248810E-06
   210   0.570749E+04   0.711847E+00   0.000000E+00  -0.315504E+00   0.536466E-07   0.137288E-03  -0.234570E-06
   211   0.571296E+04   0.722608E+00   0.000000E+00   0.117688E+01   0.533866E-07   0.136177E-03  -0.220326E-06
   212   0.571782E+04   0.734647E+00   0.000000E+00   0.268567E+01   0.531286E-07   0.135074E-03  -0.206078E-06
   213   0.572206E+04   0.748002E+00   0.000000E+00   0.421028E+01   0.528726E-07   0.133979E-03  -0.191827E-06
   214   0.572569E+04   0.762710E+00   0.000000E+00   0.575015E+01   0.526185E-07   0.132893E-03  -0.177574E-06
   215   0.572871E+04   0.778801E+00   0.000000E+00   0.730465E+01   0.523665E-07   0.131815E-03  -0.163322E-06
   216   0.573112E+04   0.796319E+00   0.000000E+00   0.887319E+01   0.521164E-07   0.130744E-03  -0.149072E-06
   217   0.573289E+04   0.815295E+00   0.000000E+00   0.104551E+02   0.518682E-07   0.129682E-03  -0.134824E-06
   218   0.573405E+04   0.835758E+00   0.000000E+00   0.120499E+02   0.516219E-07   0.128628E-03  -0.120580E-06
   219   0.573458E+04   0.857752E+00   0.000000E+00   0.136569E+02   0.513776E-07   0.127582E-03  -0.106341E-06
   220   0.573447E+04   0.881306E+00   0.000000E+00   0.152755E+02   0.511351E-07   0.126543E-03  -0.921094E-07
   221   0.573373E+04   0.906451E+00   0.000000E+00   0.169049E+02   0.508945E-07   0.125513E-03  -0.778857E-07
   222   0.573235E+04   0.933230E+00   0.000000E+00   0.185448E+02   0.506557E-07   0.124490E-03  -0.636713E-07
   223   0.573034E+04   0.961666E+00   0.000000E+00   0.201942E+02   0.504187E-07   0.123475E-03  -0.494676E-07
   224   0.572769E+04   0.991796E+00   0.000000E+00   0.218526E+02   0.501836E-07   0.122468E-03  -0.352759E-07
   225   0.572442E+04   0.102364E+01   0.000000E+00   0.235192E+02   0.499502E-07   0.121468E-03  -0.210976E-07
   226   0.572051E+04   0.105725E+01   0.000000E+00   0.251934E+02   0.497186E-07   0.120476E-03  -0.693393E-08
   227   0.571598E+04   0.109264E+01   0.000000E+00   0.268745E+02   0.494887E-07   0.119491E-03   0.721373E-08
   228   0.571081E+04   0.112985E+01   0.000000E+00   0.285618E+02   0.492606E-07   0.118514E-03   0.213441E-07
   229   0.570503E+04   0.116890E+01   0.000000E+00   0.302546E+02   0.490342E-07   0.117544E-03   0.354557E-07
   230   0.569862E+04   0.120984E+01   0.000000E+00   0.319523E+02   0.488095E-07   0.116581E-03   0.495475E-07
   231   0.569160E+04   0.125266E+01   0.000000E+00   0.336539E+02   0.485865E-07   0.115626E-03   0.636179E-07
   232   0.568396E+04   0.129742E+01   0.000000E+00   0.353590E+02   0.483651E-07   0.114678E-03   0.776656E-07
   233   0.567570E+04   0.134413E+01   0.000000E+00   0.370666E+02   0.481454E-07   0.113737E-03   0.916895E-07
   234   0.566682E+04   0.139283E+01   0.000000E+00   0.387761E+02   0.479273E-07   0.112804E-03   0.105688E-06
   235   0.565734E+04   0.144353E+01   0.000000E+00   0.404868E+02   0.477108E-07   0.111877E-03   0.119660E-06
   236   0.564725E+04   0.149628E+01   0.000000E+00   0.421978E+02   0.474959E-07   0.110957E-03   0.133604E-06
   237   0.563655E+04   0.155108E+01   0.000000E+00   0.439085E+02   0.472826E-07   0.110045E-03   0.147519E-06
   238   0.562526E+04   0.160795E+01   0.000000E+00   0.456182E+02   0.470708E-07   0.109139E-03   0.161403E-06
   239   0.561337E+04   0.166691E+01   0.000000E+00   0.473260E+02   0.468606E-07   0.108240E-03   0.175255E-06
   240   0.560088E+04   0.172800E+01   0.000000E+00   0.490310E+02   0.466518E-07   0.107348E-03   0.189074E-06
   241   0.558780E+04   0.179124E+01   0.000000E+00   0.507328E+02   0.464446E-07   0.106463E-03   0.202859E-06
   242   0.557414E+04   0.185663E+01   0.000000E+00   0.524304E+02   0.462389E-07   0.105584E-03   0.216607E-06
   243   0.555990E+04   0.192420E+01   0.000000E+00   0.541230E+02   0.460346E-07   0.104712E-03   0.230318E-06
   244   0.554508E+04   0.199397E+01   0.000000E+00   0.558100E+02   0.458318E-07   0.103847E-03   0.243991E-06
   245   0.552970E+04   0.206596E+01   0.000000E+00   0.574907E+02   0.456303E-07   0.102988E-03   0.257624E-06
   246   0.551376E+04   0.214016E+01   0.000000E+00   0.591642E+02   0.454303E-07   0.102135E-03   0.271216E-06
   247   0.549726E+04   0.221661E+01   0.000000E+00   0.608299E+02   0.452317E-07   0.101289E-03   0.284765E-06
   248   0.548021E+04   0.229531E+01   0.000000E+00   0.624869E+02   0.450345E-07   0.100450E-03   0.298270E-06
   249   0.546262E+04   0.237628E+01   0.000000E+00   0.641346E+02   0.448386E-07   0.996164E-04   0.311730E-06
   250   0.544450E+04   0.245954E+01   0.000000E+00   0.657721E+02   0.446441E-07   0.987894E-04   0.325144E-06
   251   0.542583E+04   0.254508E+01   0.000000E+00   0.673986E+02   0.444509E-07   0.979687E-04   0.338510E-06
   252   0.540663E+04   0.263290E+01   0.000000E+00   0.690134E+02   0.442590E-07   0.971540E-04   0.351827E-06
   253   0.538690E+04   0.272302E+01   0.000000E+00   0.706156E+02   0.440684E-07   0.963455E-04   0.365096E-06
   254   0.536665E+04   0.281545E+01   0.000000E+00   0.722045E+02   0.438791E-07   0.955431E-04   0.378316E-06
   255   0.534588E+04   0.291017E+01   0.000000E+00   0.737792E+02   0.436910E-07   0.947466E-04   0.391487E-06
   256   0.532458E+04   0.300719E+01   0.000000E+00   0.753391E+02   0.435043E-07   0.939561E-04   0.404607E-06
   257   0.530278E+04   0.310652E+01   0.000000E+00   0.768835E+02   0.433187E-07   0.931716E-04   0.417677E-06
   258   0.528048E+04   0.320815E+01   0.000000E+00   0.784114E+02   0.431345E-07   0.923928E-04   0.430696E-06
   259   0.525769E+04   0.331208E+01   0.000000E+00   0.799232E+02   0.429515E-07   0.916199E-04   0.443664E-06
   260   0.523445E+04   0.341830E+01   0.000000E+00   0.814168E+02   0.427697E-07   0.908527E-04   0.456580E-06
   261   0.521074E+04   0.352682E+01   0.000000E+00   0.828929E+02   0.425891E-07   0.900912E-04   0.469444E-06
   262   0.518659E+04   0.363764E+01   0.000000E+00   0.843500E+02   0.424097E-07   0.893353E-04   0.482256E-06
   263   0.516201E+04   0.375074E+01   0.000000E+00   0.857881E+02   0.422316E-07   0.885850E-04   0.495014E-06
   264   0.513700E+04   0.386611E+01   0.000000E+00   0.872057E+02   0.420546E-07   0.878403E-04   0.507719E-06
   265   0.511157E+04   0.398375E+01   0.000000E+00   0.886036E+02   0.418788E-07   0.871011E-04   0.520371E-06
   266   0.508572E+04   0.410365E+01   0.000000E+00   0.899796E+02   0.417041E-07   0.863672E-04   0.532968E-06
   267   0.505948E+04   0.422577E+01   0.000000E+00   0.913329E+02   0.415306E-07   0.856388E-04   0.545511E-06
   268   0.503283E+04   0.435012E+01   0.000000E+00   0.926643E+02   0.413583E-07   0.849157E-04   0.557998E-06
   269   0.500578E+04   0.447668E+01   0.000000E+00   0.939715E+02   0.411871E-07   0.841979E-04   0.570430E-06
   270   0.497834E+04   0.460543E+01   0.000000E+00   0.952554E+02   0.410170E-07   0.834853E-04   0.582806E-06
   271   0.495053E+04   0.473636E+01   0.000000E+00   0.965136E+02   0.408481E-07   0.827779E-04   0.595125E-06
   272   0.492234E+04   0.486945E+01   0.000000E+00   0.977470E+02   0.406802E-07   0.820755E-04   0.607388E-06
   273   0.489380E+04   0.500466E+01   0.000000E+00   0.989541E+02   0.405134E-07   0.813783E-04   0.619594E-06
   274   0.486491E+04   0.514200E+01   0.000000E+00   0.100136E+03   0.403478E-07   0.806861E-04   0.631742E-06
   275   0.483568E+04   0.528141E+01   0.000000E+00   0.101289E+03   0.401832E-07   0.799989E-04   0.643832E-06
   276   0.480613E+04   0.542290E+01   0.000000E+00   0.102416E+03   0.400196E-07   0.793165E-04   0.655863E-06
   277   0.477627E+04   0.556643E+01   0.000000E+00   0.103514E+03   0.398571E-07   0.786391E-04   0.667835E-06
   278   0.474610E+04   0.571199E+01   0.000000E+00   0.104583E+03   0.396957E-07   0.779664E-04   0.679748E-06
   279   0.471564E+04   0.585952E+01   0.000000E+00   0.105623E+03   0.395353E-07   0.772985E-04   0.691602E-06
   280   0.468490E+04   0.600900E+01   0.000000E+00   0.106633E+03   0.393759E-07   0.766353E-04   0.703395E-06
   281   0.465388E+04   0.616041E+01   0.000000E+00   0.107614E+03   0.392175E-07   0.759768E-04   0.715127E-06
   282   0.462260E+04   0.631370E+01   0.000000E+00   0.108563E+03   0.390602E-07   0.753228E-04   0.726798E-06
   283   0.459107E+04   0.646885E+01   0.000000E+00   0.109481E+03   0.389038E-07   0.746735E-04   0.738408E-06
   284   0.455930E+04   0.662582E+01   0.000000E+00   0.110367E+03   0.387484E-07   0.740286E-04   0.749956E-06
   285   0.452729E+04   0.678459E+01   0.000000E+00   0.111221E+03   0.385940E-07   0.733881E-04   0.761441E-06
   286   0.449506E+04   0.694510E+01   0.000000E+00   0.112043E+03   0.384405E-07   0.727521E-04   0.772864E-06
   287   0.446263E+04   0.710732E+01   0.000000E+00   0.112831E+03   0.382880E-07   0.721204E-04   0.784224E-06
   288   0.443000E+04   0.727121E+01   0.000000E+00   0.113586E+03   0.381364E-07   0.714930E-04   0.795519E-06
   289   0.439718E+04   0.743672E+01   0.000000E+00   0.114307E+03   0.379858E-07   0.708699E-04   0.806751E-06
   290   0.436418E+04   0.760383E+01   0.000000E+00   0.114993E+03   0.378361E-07   0.702509E-04   0.817918E-06
   291   0.433102E+04   0.777249E+01   0.000000E+00   0.115645E+03   0.376873E-07   0.696361E-04   0.829021E-06
   292   0.429770E+04   0.794259E+01   0.000000E+00   0.116262E+03   0.375394E-07   0.690254E-04   0.840057E-06
   293   0.426424E+04   0.811418E+01   0.000000E+00   0.116844E+03   0.373924E-07   0.684187E-04   0.851029E-06
   294   0.423064E+04   0.828719E+01   0.000000E+00   0.117389E+03   0.372463E-07   0.678160E-04   0.861933E-06
   295   0.419691E+04   0.846147E+01   0.000000E+00   0.117898E+03   0.371010E-07   0.672172E-04   0.872772E-06
   296   0.416306E+04   0.863709E+01   0.000000E+00   0.118371E+03   0.369566E-07   0.666223E-04   0.883543E-06
   297   0.412910E+04   0.881391E+01   0.000000E+00   0.118806E+03   0.368131E-07   0.660312E-04   0.894246E-06
   298   0.409504E+04   0.899191E+01   0.000000E+00   0.119203E+03   0.366704E-07   0.654439E-04   0.904882E-06
   299   0.406090E+04   0.917102E+01   0.000000E+00   0.119563E+03   0.365285E-07   0.648604E-04   0.915449E-06
   300   0.402668E+04   0.935117E+01   0.000000E+00   0.119886E+03   0.363875E-07   0.642805E-04   0.925948E-06
   301   0.399240E+04   0.953242E+01   0.000000E+00   0.120170E+03   0.362473E-07   0.637042E-04   0.936377E-06
   302   0.395807E+04   0.971456E+01   0.000000E+00   0.120416E+03   0.361078E-07   0.631316E-04   0.946732E-06
   303   0.392370E+04   0.989765E+01   0.000000E+00   0.120624E+03   0.359692E-07   0.625626E-04   0.957009E-06
   304   0.388930E+04   0.100816E+02   0.000000E+00   0.120795E+03   0.358314E-07   0.619973E-04   0.967204E-06
   305   0.385490E+04   0.102664E+02   0.000000E+00   0.120926E+03   0.356943E-07   0.614357E-04   0.977313E-06
   306   0.382048E+04   0.104519E+02   0.000000E+00   0.121020E+03   0.355580E-07   0.608777E-04   0.987331E-06
   307   0.378607E+04   0.106382E+02   0.000000E+00   0.121074E+03   0.354225E-07   0.603234E-04   0.997253E-06
   308   0.375168E+04   0.108250E+02   0.000000E+00   0.121090E+03   0.352878E-07   0.597728E-04   0.100708E-05
   309   0.371732E+04   0.110125E+02   0.000000E+00   0.121068E+03   0.351539E-07   0.592260E-04   0.101680E-05
   310   0.368299E+04   0.112003E+02   0.000000E+00   0.121007E+03   0.350207E-07   0.586828E-04   0.102641E-05
   311   0.364871E+04   0.113887E+02   0.000000E+00   0.120907E+03   0.348882E-07   0.581434E-04   0.103591E-05
   312   0.361447E+04   0.115774E+02   0.000000E+00   0.120768E+03   0.347565E-07   0.576078E-04   0.104529E-05
   313   0.358031E+04   0.117664E+02   0.000000E+00   0.120590E+03   0.346256E-07   0.570759E-04   0.105455E-05
   314   0.354623E+04   0.119556E+02   0.000000E+00   0.120373E+03   0.344954E-07   0.565477E-04   0.106369E-05
   315   0.351222E+04   0.121450E+02   0.000000E+00   0.120117E+03   0.343659E-07   0.560234E-04   0.107270E-05
   316   0.347831E+04   0.123345E+02   0.000000E+00   0.119821E+03   0.342371E-07   0.555028E-04   0.108157E-05
   317   0.344451E+04   0.125240E+02   0.000000E+00   0.119488E+03   0.341091E-07   0.549860E-04   0.109031E-05
   318   0.341084E+04   0.127134E+02   0.000000E+00   0.119116E+03   0.339817E-07   0.544731E-04   0.109890E-05
   319   0.337728E+04   0.129028E+02   0.000000E+00   0.118705E+03   0.338551E-07   0.539640E-04   0.110735E-05
   320   0.334385E+04   0.130920E+02   0.000000E+00   0.118256E+03   0.337292E-07   0.534587E-04   0.111564E-05
   321   0.331058E+04   0.132809E+02   0.000000E+00   0.117769E+03   0.336040E-07   0.529572E-04   0.112378E-05
   322   0.327746E+04   0.134695E+02   0.000000E+00   0.117243E+03   0.334795E-07   0.524596E-04   0.113176E-05
   323   0.324451E+04   0.136577E+02   0.000000E+00   0.116679E+03   0.333556E-07   0.519659E-04   0.113958E-05
   324   0.321172E+04   0.138454E+02   0.000000E+00   0.116077E+03   0.332324E-07   0.514761E-04   0.114723E-05
   325   0.317913E+04   0.140326E+02   0.000000E+00   0.115438E+03   0.331099E-07   0.509901E-04   0.115470E-05
   326   0.314672E+04   0.142192E+02   0.000000E+00   0.114762E+03   0.329881E-07   0.505081E-04   0.116200E-05
   327   0.311451E+04   0.144051E+02   0.000000E+00   0.114048E+03   0.328670E-07   0.500300E-04   0.116912E-05
   328   0.308252E+04   0.145902E+02   0.000000E+00   0.113297E+03   0.327464E-07   0.495557E-04   0.117605E-05
   329   0.305074E+04   0.147745E+02   0.000000E+00   0.112510E+03   0.326266E-07   0.490855E-04   0.118279E-05
   330   0.301919E+04   0.149578E+02   0.000000E+00   0.111686E+03   0.325074E-07   0.486192E-04   0.118934E-05
   331   0.298788E+04   0.151402E+02   0.000000E+00   0.110826E+03   0.323888E-07   0.481568E-04   0.119569E-05
   332   0.295682E+04   0.153216E+02   0.000000E+00   0.109930E+03   0.322709E-07   0.476984E-04   0.120184E-05
   333   0.292600E+04   0.155018E+02   0.000000E+00   0.108999E+03   0.321536E-07   0.472440E-04   0.120778E-05
   334   0.289544E+04   0.156808E+02   0.000000E+00   0.108033E+03   0.320369E-07   0.467936E-04   0.121351E-05
   335   0.286516E+04   0.158584E+02   0.000000E+00   0.107032E+03   0.319208E-07   0.463471E-04   0.121902E-05
   336   0.283516E+04   0.160347E+02   0.000000E+00   0.105996E+03   0.318054E-07   0.459047E-04   0.122432E-05
   337   0.280544E+04   0.162097E+02   0.000000E+00   0.104928E+03   0.316905E-07   0.454663E-04   0.122939E-05
   338   0.277601E+04   0.163831E+02   0.000000E+00   0.103826E+03   0.315763E-07   0.450320E-04   0.123423E-05
   339   0.274688E+04   0.165549E+02   0.000000E+00   0.102691E+03   0.314626E-07   0.446017E-04   0.123884E-05
   340   0.271808E+04   0.167252E+02   0.000000E+00   0.101524E+03   0.313495E-07   0.441755E-04   0.124321E-05
   341   0.268958E+04   0.168938E+02   0.000000E+00   0.100325E+03   0.312370E-07   0.437533E-04   0.124734E-05
   342   0.266140E+04   0.170605E+02   0.000000E+00   0.990942E+02   0.311251E-07   0.433352E-04   0.125122E-05
   343   0.263356E+04   0.172253E+02   0.000000E+00   0.978325E+02   0.310138E-07   0.429212E-04   0.125486E-05
   344   0.260604E+04   0.173882E+02   0.000000E+00   0.965395E+02   0.309030E-07   0.425113E-04   0.125824E-05
   345   0.257885E+04   0.175490E+02   0.000000E+00   0.952159E+02   0.307928E-07   0.421056E-04   0.126136E-05
   346   0.255201E+04   0.177076E+02   0.000000E+00   0.938618E+02   0.306832E-07   0.417039E-04   0.126422E-05
   347   0.252551E+04   0.178641E+02   0.000000E+00   0.924779E+02   0.305741E-07   0.413064E-04   0.126681E-05
   348   0.249937E+04   0.180182E+02   0.000000E+00   0.910644E+02   0.304655E-07   0.409131E-04   0.126913E-05
   349   0.247358E+04   0.181700E+02   0.000000E+00   0.896234E+02   0.303575E-07   0.405239E-04   0.127118E-05
   350   0.244816E+04   0.183194E+02   0.000000E+00   0.881542E+02   0.302500E-07   0.401388E-04   0.127294E-05
   351   0.242312E+04   0.184664E+02   0.000000E+00   0.866584E+02   0.301430E-07   0.397580E-04   0.127442E-05
   352   0.239847E+04   0.186110E+02   0.000000E+00   0.851367E+02   0.300366E-07   0.393812E-04   0.127564E-05
   353   0.237420E+04   0.187530E+02   0.000000E+00   0.835892E+02   0.299307E-07   0.390084E-04   0.127660E-05
   354   0.235033E+04   0.188924E+02   0.000000E+00   0.820181E+02   0.298253E-07   0.386395E-04   0.127732E-05
   355   0.232686E+04   0.190292E+02   0.000000E+00   0.804226E+02   0.297204E-07   0.382743E-04   0.127781E-05
   356   0.230379E+04   0.191633E+02   0.000000E+00   0.788037E+02   0.296160E-07   0.379128E-04   0.127809E-05
   357   0.228114E+04   0.192946E+02   0.000000E+00   0.771619E+02   0.295121E-07   0.375548E-04   0.127818E-05
   358   0.225889E+04   0.194231E+02   0.000000E+00   0.754982E+02   0.294088E-07   0.372003E-04   0.127809E-05
   359   0.223706E+04   0.195487E+02   0.000000E+00   0.738124E+02   0.293059E-07   0.368491E-04   0.127783E-05
   360   0.221564E+04   0.196712E+02   0.000000E+00   0.721062E+02   0.292035E-07   0.365011E-04   0.127742E-05
   361   0.219464E+04   0.197907E+02   0.000000E+00   0.703785E+02   0.291017E-07   0.361563E-04   0.127687E-05
   362   0.217406E+04   0.199071E+02   0.000000E+00   0.686312E+02   0.290003E-07   0.358145E-04   0.127620E-05
   363   0.215392E+04   0.200204E+02   0.000000E+00   0.668649E+02   0.288994E-07   0.354757E-04   0.127543E-05
   364   0.213419E+04   0.201304E+02   0.000000E+00   0.650803E+02   0.287990E-07   0.351396E-04   0.127456E-05
   365   0.211491E+04   0.202372E+02   0.000000E+00   0.632783E+02   0.286991E-07   0.348063E-04   0.127361E-05
   366   0.209606E+04   0.203406E+02   0.000000E+00   0.614596E+02   0.285997E-07   0.344756E-04   0.127261E-05
   367   0.207765E+04   0.204408E+02   0.000000E+00   0.596250E+02   0.285007E-07   0.341474E-04   0.127155E-05
   368   0.205968E+04   0.205374E+02   0.000000E+00   0.577755E+02   0.284022E-07   0.338215E-04   0.127046E-05
   369   0.204215E+04   0.206308E+02   0.000000E+00   0.559116E+02   0.283042E-07   0.334980E-04   0.126936E-05
   370   0.202507E+04   0.207205E+02   0.000000E+00   0.540343E+02   0.282067E-07   0.331766E-04   0.126825E-05
   371   0.200843E+04   0.208068E+02   0.000000E+00   0.521443E+02   0.281096E-07   0.328574E-04   0.126715E-05
   372   0.199225E+04   0.208895E+02   0.000000E+00   0.502424E+02   0.280130E-07   0.325401E-04   0.126607E-05
   373   0.197651E+04   0.209686E+02   0.000000E+00   0.483294E+02   0.279168E-07   0.322247E-04   0.126504E-05
   374   0.196122E+04   0.210442E+02   0.000000E+00   0.464061E+02   0.278211E-07   0.319110E-04   0.126406E-05
   375   0.194638E+04   0.211160E+02   0.000000E+00   0.444732E+02   0.277259E-07   0.315990E-04   0.126316E-05
   376   0.193199E+04   0.211841E+02   0.000000E+00   0.425316E+02   0.276311E-07   0.312886E-04   0.126234E-05
   377   0.191806E+04   0.212485E+02   0.000000E+00   0.405820E+02   0.275367E-07   0.309796E-04   0.126162E-05
   378   0.190457E+04   0.213091E+02   0.000000E+00   0.386251E+02   0.274428E-07   0.306719E-04   0.126101E-05
   379   0.189154E+04   0.213658E+02   0.000000E+00   0.366618E+02   0.273493E-07   0.303656E-04   0.126053E-05
   380   0.187897E+04   0.214186E+02   0.000000E+00   0.346929E+02   0.272563E-07   0.300603E-04   0.126020E-05
   381   0.186685E+04   0.214675E+02   0.000000E+00   0.327190E+02   0.271637E-07   0.297561E-04   0.126002E-05
   382   0.185518E+04   0.215123E+02   0.000000E+00   0.307410E+02   0.270715E-07   0.294528E-04   0.126002E-05
   383   0.184398E+04   0.215533E+02   0.000000E+00   0.287597E+02   0.269798E-07   0.291503E-04   0.126021E-05
   384   0.183322E+04   0.215902E+02   0.000000E+00   0.267761E+02   0.268885E-07   0.288485E-04   0.126060E-05
   385   0.182291E+04   0.216231E+02   0.000000E+00   0.247909E+02   0.267976E-07   0.285474E-04   0.126121E-05
   386   0.181305E+04   0.216521E+02   0.000000E+00   0.228051E+02   0.267071E-07   0.282467E-04   0.126205E-05
   387   0.180365E+04   0.216770E+02   0.000000E+00   0.208195E+02   0.266171E-07   0.279465E-04   0.126314E-05
   388   0.179469E+04   0.216981E+02   0.000000E+00   0.188349E+02   0.265274E-07   0.276465E-04   0.126450E-05
   389   0.178618E+04   0.217151E+02   0.000000E+00   0.168523E+02   0.264382E-07   0.273468E-04   0.126613E-05
   390   0.177811E+04   0.217281E+02   0.000000E+00   0.148725E+02   0.263494E-07   0.270471E-04   0.126805E-05
   391   0.177049E+04   0.217372E+02   0.000000E+00   0.128963E+02   0.262610E-07   0.267474E-04   0.127027E-05
   392   0.176330E+04   0.217421E+02   0.000000E+00   0.109245E+02   0.261730E-07   0.264476E-04   0.127282E-05
   393   0.175656E+04   0.217431E+02   0.000000E+00   0.895795E+01   0.260853E-07   0.261476E-04   0.127571E-05
   394   0.175025E+04   0.217400E+02   0.000000E+00   0.699740E+01   0.259981E-07   0.258472E-04   0.127894E-05
   395   0.174436E+04   0.217327E+02   0.000000E+00   0.504374E+01   0.259113E-07   0.255464E-04   0.128255E-05
   396   0.173891E+04   0.217215E+02   0.000000E+00   0.309776E+01   0.258248E-07   0.252451E-04   0.128653E-05
   397   0.173388E+04   0.217062E+02   0.000000E+00   0.116026E+01   0.257388E-07   0.249431E-04   0.129090E-05
   398   0.172927E+04   0.216868E+02   0.000000E+00  -0.767966E+00   0.256531E-07   0.246404E-04   0.129569E-05
   399   0.172509E+04   0.216632E+02   0.000000E+00  -0.268611E+01   0.255678E-07   0.243368E-04   0.130090E-05
   400   0.172133E+04   0.216357E+02   0.000000E+00  -0.459339E+01   0.254829E-07   0.240322E-04   0.130656E-05
   401   0.171799E+04   0.216041E+02   0.000000E+00  -0.648901E+01   0.253983E-07   0.237266E-04   0.131265E-05
   402   0.171506E+04   0.215684E+02   0.000000E+00  -0.837222E+01   0.253142E-07   0.234201E-04   0.131918E-05
   403   0.171254E+04   0.215288E+02   0.000000E+00  -0.102423E+02   0.252304E-07   0.231127E-04   0.132611E-05
   404   0.171044E+04   0.214851E+02   0.000000E+00  -0.120984E+02   0.251469E-07   0.228046E-04   0.133342E-05
   405   0.170873E+04   0.214374E+02   0.000000E+00  -0.139399E+02   0.250639E-07   0.224960E-04   0.134108E-05
   406   0.170742E+04   0.213859E+02   0.000000E+00  -0.157661E+02   0.249812E-07   0.221868E-04   0.134906E-05
   407   0.170650E+04   0.213304E+02   0.000000E+00  -0.175761E+02   0.248988E-07   0.218773E-04   0.135734E-05
   408   0.170597E+04   0.212709E+02   0.000000E+00  -0.193691E+02   0.248169E-07   0.215676E-04   0.136590E-05
   409   0.170582E+04   0.212076E+02   0.000000E+00  -0.211446E+02   0.247352E-07   0.212578E-04   0.137470E-05
   410   0.170605E+04   0.211405E+02   0.000000E+00  -0.229017E+02   0.246540E-07   0.209480E-04   0.138373E-05
   411   0.170664E+04   0.210695E+02   0.000000E+00  -0.246398E+02   0.245731E-07   0.206383E-04   0.139295E-05
   412   0.170761E+04   0.209948E+02   0.000000E+00  -0.263583E+02   0.244925E-07   0.203288E-04   0.140235E-05
   413   0.170893E+04   0.209163E+02   0.000000E+00  -0.280565E+02   0.244124E-07   0.200197E-04   0.141188E-05
   414   0.171062E+04   0.208342E+02   0.000000E+00  -0.297339E+02   0.243325E-07   0.197111E-04   0.142154E-05
   415   0.171265E+04   0.207484E+02   0.000000E+00  -0.313898E+02   0.242530E-07   0.194031E-04   0.143129E-05
   416   0.171503E+04   0.206590E+02   0.000000E+00  -0.330236E+02   0.241739E-07   0.190958E-04   0.144111E-05
   417   0.171775E+04   0.205660E+02   0.000000E+00  -0.346347E+02   0.240951E-07   0.187894E-04   0.145097E-05
   418   0.172080E+04   0.204696E+02   0.000000E+00  -0.362223E+02   0.240167E-07   0.184839E-04   0.146085E-05
   419   0.172419E+04   0.203696E+02   0.000000E+00  -0.377860E+02   0.239386E-07   0.181795E-04   0.147072E-05
   420   0.172790E+04   0.202662E+02   0.000000E+00  -0.393250E+02   0.238608E-07   0.178763E-04   0.148055E-05
   421   0.173193E+04   0.201594E+02   0.000000E+00  -0.408388E+02   0.237834E-07   0.175744E-04   0.149032E-05
   422   0.173628E+04   0.200492E+02   0.000000E+00  -0.423265E+02   0.237063E-07   0.172740E-04   0.150001E-05
   423   0.174094E+04   0.199356E+02   0.000000E+00  -0.437878E+02   0.236296E-07   0.169751E-04   0.150958E-05
   424   0.174590E+04   0.198188E+02   0.000000E+00  -0.452219E+02   0.235532E-07   0.166779E-04   0.151901E-05
   425   0.175115E+04   0.196987E+02   0.000000E+00  -0.466284E+02   0.234772E-07   0.163825E-04   0.152828E-05
   426   0.175670E+04   0.195754E+02   0.000000E+00  -0.480069E+02   0.234014E-07   0.160890E-04   0.153736E-05
   427   0.176252E+04   0.194491E+02   0.000000E+00  -0.493569E+02   0.233260E-07   0.157975E-04   0.154622E-05
   428   0.176863E+04   0.193199E+02   0.000000E+00  -0.506781E+02   0.232510E-07   0.155082E-04   0.155484E-05
   429   0.177499E+04   0.191878E+02   0.000000E+00  -0.519701E+02   0.231762E-07   0.152211E-04   0.156320E-05
   430   0.178161E+04   0.190528E+02   0.000000E+00  -0.532323E+02   0.231018E-07   0.149365E-04   0.157126E-05
   431   0.178848E+04   0.189152E+02   0.000000E+00  -0.544645E+02   0.230277E-07   0.146543E-04   0.157900E-05
   432   0.179559E+04   0.187749E+02   0.000000E+00  -0.556662E+02   0.229540E-07   0.143748E-04   0.158640E-05
   433   0.180295E+04   0.186320E+02   0.000000E+00  -0.568368E+02   0.228805E-07   0.140980E-04   0.159343E-05
   434   0.181053E+04   0.184867E+02   0.000000E+00  -0.579761E+02   0.228074E-07   0.138241E-04   0.160006E-05
   435   0.181835E+04   0.183388E+02   0.000000E+00  -0.590836E+02   0.227346E-07   0.135532E-04   0.160627E-05
   436   0.182639E+04   0.181885E+02   0.000000E+00  -0.601588E+02   0.226621E-07   0.132854E-04   0.161204E-05
   437   0.183464E+04   0.180359E+02   0.000000E+00  -0.612014E+02   0.225900E-07   0.130208E-04   0.161733E-05
   438   0.184311E+04   0.178811E+02   0.000000E+00  -0.622109E+02   0.225181E-07   0.127595E-04   0.162212E-05
   439   0.185178E+04   0.177241E+02   0.000000E+00  -0.631870E+02   0.224466E-07   0.125017E-04   0.162638E-05
   440   0.186064E+04   0.175650E+02   0.000000E+00  -0.641293E+02   0.223753E-07   0.122475E-04   0.163010E-05
   441   0.186969E+04   0.174038E+02   0.000000E+00  -0.650376E+02   0.223044E-07   0.119970E-04   0.163324E-05
   442   0.187891E+04   0.172408E+02   0.000000E+00  -0.659117E+02   0.222338E-07   0.117503E-04   0.163578E-05
   443   0.188830E+04   0.170759E+02   0.000000E+00  -0.667510E+02   0.221635E-07   0.115076E-04   0.163769E-05
   444   0.189784E+04   0.169093E+02   0.000000E+00  -0.675554E+02   0.220935E-07   0.112689E-04   0.163895E-05
   445   0.190754E+04   0.167409E+02   0.000000E+00  -0.683246E+02   0.220238E-07   0.110344E-04   0.163952E-05
   446   0.191736E+04   0.165711E+02   0.000000E+00  -0.690583E+02   0.219544E-07   0.108042E-04   0.163940E-05
   447   0.192733E+04   0.163998E+02   0.000000E+00  -0.697567E+02   0.218853E-07   0.105784E-04   0.163854E-05
   448   0.193742E+04   0.162271E+02   0.000000E+00  -0.704194E+02   0.218165E-07   0.103571E-04   0.163693E-05
   449   0.194765E+04   0.160532E+02   0.000000E+00  -0.710463E+02   0.217480E-07   0.101405E-04   0.163453E-05
   450   0.195799E+04   0.158780E+02   0.000000E+00  -0.716374E+02   0.216798E-07   0.992865E-05   0.163133E-05
   451   0.196844E+04   0.157018E+02   0.000000E+00  -0.721926E+02   0.216119E-07   0.972167E-05   0.162730E-05
   452   0.197901E+04   0.155246E+02   0.000000E+00  -0.727118E+02   0.215443E-07   0.951952E-05   0.162245E-05
   453   0.198967E+04   0.153465E+02   0.000000E+00  -0.731947E+02   0.214769E-07   0.932213E-05   0.161682E-05
   454   0.200042E+04   0.151676E+02   0.000000E+00  -0.736412E+02   0.214099E-07   0.912945E-05   0.161041E-05
   455   0.201126E+04   0.149880E+02   0.000000E+00  -0.740513E+02   0.213431E-07   0.894140E-05   0.160325E-05
   456   0.202216E+04   0.148077E+02   0.000000E+00  -0.744247E+02   0.212767E-07   0.875792E-05   0.159535E-05
   457   0.203313E+04   0.146269E+02   0.000000E+00  -0.747614E+02   0.212105E-07   0.857895E-05   0.158674E-05
   458   0.204415E+04   0.144456E+02   0.000000E+00  -0.750611E+02   0.211446E-07   0.840443E-05   0.157744E-05
   459   0.205520E+04   0.142640E+02   0.000000E+00  -0.753239E+02   0.210790E-07   0.823430E-05   0.156747E-05
   460   0.206630E+04   0.140821E+02   0.000000E+00  -0.755499E+02   0.210136E-07   0.806848E-05   0.155684E-05
   461   0.207742E+04   0.139001E+02   0.000000E+00  -0.757385E+02   0.209486E-07   0.790691E-05   0.154558E-05
   462   0.208859E+04   0.137180E+02   0.000000E+00  -0.758919E+02   0.208838E-07   0.774954E-05   0.153371E-05
   463   0.209976E+04   0.135361E+02   0.000000E+00  -0.760087E+02   0.208193E-07   0.759629E-05   0.152125E-05
   464   0.211097E+04   0.133543E+02   0.000000E+00  -0.760897E+02   0.207551E-07   0.744711E-05   0.150822E-05
   465   0.212219E+04   0.131729E+02   0.000000E+00  -0.761349E+02   0.206911E-07   0.730192E-05   0.149463E-05
   466   0.213342E+04   0.129919E+02   0.000000E+00  -0.761452E+02   0.206274E-07   0.716068E-05   0.148052E-05
   467   0.214466E+04   0.128114E+02   0.000000E+00  -0.761197E+02   0.205640E-07   0.702330E-05   0.146589E-05
   468   0.215589E+04   0.126316E+02   0.000000E+00  -0.760594E+02   0.205009E-07   0.688974E-05   0.145077E-05
   469   0.216711E+04   0.124525E+02   0.000000E+00  -0.759643E+02   0.204380E-07   0.675992E-05   0.143518E-05
   470   0.217831E+04   0.122741E+02   0.000000E+00  -0.758343E+02   0.203754E-07   0.663378E-05   0.141914E-05
   471   0.218947E+04   0.120967E+02   0.000000E+00  -0.756689E+02   0.203131E-07   0.651126E-05   0.140266E-05
   472   0.220059E+04   0.119204E+02   0.000000E+00  -0.754695E+02   0.202510E-07   0.639230E-05   0.138578E-05
   473   0.221166E+04   0.117451E+02   0.000000E+00  -0.752347E+02   0.201892E-07   0.627682E-05   0.136851E-05
   474   0.222267E+04   0.115710E+02   0.000000E+00  -0.749668E+02   0.201276E-07   0.616478E-05   0.135086E-05
   475   0.223362E+04   0.113983E+02   0.000000E+00  -0.746644E+02   0.200664E-07   0.605609E-05   0.133287E-05
   476   0.224451E+04   0.112270E+02   0.000000E+00  -0.743282E+02   0.200053E-07   0.595071E-05   0.131454E-05
   477   0.225533E+04   0.110572E+02   0.000000E+00  -0.739590E+02   0.199446E-07   0.584856E-05   0.129590E-05
   478   0.226608E+04   0.108891E+02   0.000000E+00  -0.735570E+02   0.198840E-07   0.574959E-05   0.127698E-05
   479   0.227676E+04   0.107227E+02   0.000000E+00  -0.731231E+02   0.198238E-07   0.565372E-05   0.125778E-05
   480   0.228735E+04   0.105583E+02   0.000000E+00  -0.726568E+02   0.197638E-07   0.556090E-05   0.123834E-05
   481   0.229786E+04   0.103957E+02   0.000000E+00  -0.721589E+02   0.197040E-07   0.547107E-05   0.121866E-05
   482   0.230828E+04   0.102352E+02   0.000000E+00  -0.716298E+02   0.196445E-07   0.538415E-05   0.119878E-05
   483   0.231859E+04   0.100768E+02   0.000000E+00  -0.710698E+02   0.195853E-07   0.530008E-05   0.117870E-05
   484   0.232879E+04   0.992072E+01   0.000000E+00  -0.704795E+02   0.195263E-07   0.521881E-05   0.115846E-05
   485   0.233887E+04   0.976701E+01   0.000000E+00  -0.698591E+02   0.194675E-07   0.514026E-05   0.113806E-05
   486   0.234882E+04   0.961572E+01   0.000000E+00  -0.692091E+02   0.194090E-07   0.506438E-05   0.111754E-05
   487   0.235864E+04   0.946695E+01   0.000000E+00  -0.685299E+02   0.193507E-07   0.499109E-05   0.109691E-05
   488   0.236832E+04   0.932090E+01   0.000000E+00  -0.678221E+02   0.192927E-07   0.492035E-05   0.107619E-05
   489   0.237787E+04   0.917752E+01   0.000000E+00  -0.670862E+02   0.192349E-07   0.485207E-05   0.105540E-05
   490   0.238727E+04   0.903702E+01   0.000000E+00  -0.663227E+02   0.191774E-07   0.478621E-05   0.103456E-05
   491   0.239652E+04   0.889948E+01   0.000000E+00  -0.655322E+02   0.191201E-07   0.472269E-05   0.101370E-05
   492   0.240562E+04   0.876490E+01   0.000000E+00  -0.647152E+02   0.190630E-07   0.466145E-05   0.992821E-06
   493   0.241458E+04   0.863344E+01   0.000000E+00  -0.638724E+02   0.190062E-07   0.460243E-05   0.971957E-06
   494   0.242337E+04   0.850523E+01   0.000000E+00  -0.630041E+02   0.189496E-07   0.454557E-05   0.951126E-06
   495   0.243201E+04   0.838035E+01   0.000000E+00  -0.621112E+02   0.188932E-07   0.449080E-05   0.930346E-06
   496   0.244048E+04   0.825882E+01   0.000000E+00  -0.611940E+02   0.188371E-07   0.443805E-05   0.909639E-06
   497   0.244878E+04   0.814077E+01   0.000000E+00  -0.602532E+02   0.187811E-07   0.438727E-05   0.889023E-06
   498   0.245690E+04   0.802628E+01   0.000000E+00  -0.592894E+02   0.187255E-07   0.433839E-05   0.868520E-06
   499   0.246483E+04   0.791543E+01   0.000000E+00  -0.583032E+02   0.186700E-07   0.429135E-05   0.848149E-06
   500   0.247257E+04   0.780837E+01   0.000000E+00  -0.572951E+02   0.186148E-07   0.424608E-05   0.827931E-06
   501   0.248011E+04   0.770509E+01   0.000000E+00  -0.562658E+02   0.185598E-07   0.420252E-05   0.807881E-06
   502   0.248745E+04   0.760574E+01   0.000000E+00  -0.552160E+02   0.185050E-07   0.416066E-05   0.788000E-06
   503   0.249459E+04   0.751032E+01   0.000000E+00  -0.541463E+02   0.184505E-07   0.412048E-05   0.768286E-06
   504   0.250152E+04   0.741904E+01   0.000000E+00  -0.530574E+02   0.183962E-07   0.408196E-05   0.748735E-06
   505   0.250825E+04   0.733181E+01   0.000000E+00  -0.519501E+02   0.183420E-07   0.404508E-05   0.729344E-06
   506   0.251477E+04   0.724879E+01   0.000000E+00  -0.508251E+02   0.182882E-07   0.400984E-05   0.710109E-06
   507   0.252109E+04   0.717005E+01   0.000000E+00  -0.496830E+02   0.182345E-07   0.397620E-05   0.691029E-06
   508   0.252719E+04   0.709566E+01   0.000000E+00  -0.485246E+02   0.181810E-07   0.394416E-05   0.672099E-06
   509   0.253308E+04   0.702568E+01   0.000000E+00  -0.473505E+02   0.181278E-07   0.391370E-05   0.653316E-06
   510   0.253876E+04   0.696017E+01   0.000000E+00  -0.461616E+02   0.180748E-07   0.388480E-05   0.634678E-06
   511   0.254422E+04   0.689917E+01   0.000000E+00  -0.449585E+02   0.180220E-07   0.385745E-05   0.616180E-06
   512   0.254947E+04   0.684274E+01   0.000000E+00  -0.437418E+02   0.179694E-07   0.383163E-05   0.597821E-06
   513   0.255449E+04   0.679095E+01   0.000000E+00  -0.425124E+02   0.179170E-07   0.380733E-05   0.579596E-06
   514   0.255929E+04   0.674386E+01   0.000000E+00  -0.412709E+02   0.178649E-07   0.378452E-05   0.561503E-06
   515   0.256386E+04   0.670150E+01   0.000000E+00  -0.400181E+02   0.178129E-07   0.376320E-05   0.543539E-06
   516   0.256821E+04   0.666394E+01   0.000000E+00  -0.387547E+02   0.177612E-07   0.374334E-05   0.525700E-06
   517   0.257233E+04   0.663121E+01   0.000000E+00  -0.374814E+02   0.177097E-07   0.372493E-05   0.507983E-06
   518   0.257622E+04   0.660338E+01   0.000000E+00  -0.361991E+02   0.176584E-07   0.370795E-05   0.490386E-06
   519   0.257987E+04   0.658049E+01   0.000000E+00  -0.349084E+02   0.176073E-07   0.369239E-05   0.472904E-06
   520   0.258328E+04   0.656258E+01   0.000000E+00  -0.336101E+02   0.175564E-07   0.367824E-05   0.455535E-06
   521   0.258646E+04   0.654970E+01   0.000000E+00  -0.323051E+02   0.175057E-07   0.366546E-05   0.438276E-06
   522   0.258939E+04   0.654189E+01   0.000000E+00  -0.309939E+02   0.174552E-07   0.365406E-05   0.421123E-06
   523   0.259207E+04   0.653918E+01   0.000000E+00  -0.296774E+02   0.174049E-07   0.364400E-05   0.404074E-06
   524   0.259451E+04   0.654162E+01   0.000000E+00  -0.283564E+02   0.173548E-07   0.363529E-05   0.387125E-06
   525   0.259671E+04   0.654921E+01   0.000000E+00  -0.270315E+02   0.173050E-07   0.362789E-05   0.370273E-06
   526   0.259867E+04   0.656199E+01   0.000000E+00  -0.257036E+02   0.172553E-07   0.362180E-05   0.353515E-06
   527   0.260039E+04   0.657999E+01   0.000000E+00  -0.243734E+02   0.172058E-07   0.361699E-05   0.336848E-06
   528   0.260187E+04   0.660323E+01   0.000000E+00  -0.230418E+02   0.171566E-07   0.361345E-05   0.320269E-06
   529   0.260311E+04   0.663174E+01   0.000000E+00  -0.217093E+02   0.171075E-07   0.361117E-05   0.303774E-06
   530   0.260411E+04   0.666553E+01   0.000000E+00  -0.203769E+02   0.170586E-07   0.361013E-05   0.287361E-06
   531   0.260487E+04   0.670463E+01   0.000000E+00  -0.190454E+02   0.170100E-07   0.361031E-05   0.271025E-06
   532   0.260540E+04   0.674904E+01   0.000000E+00  -0.177157E+02   0.169615E-07   0.361169E-05   0.254765E-06
   533   0.260569E+04   0.679877E+01   0.000000E+00  -0.163884E+02   0.169132E-07   0.361427E-05   0.238577E-06
   534   0.260573E+04   0.685385E+01   0.000000E+00  -0.150645E+02   0.168651E-07   0.361801E-05   0.222458E-06
   535   0.260554E+04   0.691429E+01   0.000000E+00  -0.137446E+02   0.168173E-07   0.362292E-05   0.206405E-06
   536   0.260511E+04   0.698010E+01   0.000000E+00  -0.124299E+02   0.167696E-07   0.362896E-05   0.190414E-06
   537   0.260444E+04   0.705128E+01   0.000000E+00  -0.111209E+02   0.167221E-07   0.363613E-05   0.174482E-06
   538   0.260354E+04   0.712784E+01   0.000000E+00  -0.981832E+01   0.166748E-07   0.364441E-05   0.158607E-06
   539   0.260241E+04   0.720975E+01   0.000000E+00  -0.852315E+01   0.166276E-07   0.365378E-05   0.142785E-06
   540   0.260104E+04   0.729703E+01   0.000000E+00  -0.723602E+01   0.165807E-07   0.366423E-05   0.127013E-06
   541   0.259944E+04   0.738968E+01   0.000000E+00  -0.595770E+01   0.165340E-07   0.367574E-05   0.111288E-06
   542   0.259762E+04   0.748769E+01   0.000000E+00  -0.468902E+01   0.164874E-07   0.368829E-05   0.956060E-07
   543   0.259556E+04   0.759105E+01   0.000000E+00  -0.343069E+01   0.164411E-07   0.370187E-05   0.799651E-07
   544   0.259328E+04   0.769976E+01   0.000000E+00  -0.218346E+01   0.163949E-07   0.371646E-05   0.643615E-07
   545   0.259079E+04   0.781377E+01   0.000000E+00  -0.948041E+00   0.163489E-07   0.373204E-05   0.487923E-07
   546   0.258806E+04   0.793309E+01   0.000000E+00   0.274865E+00   0.163031E-07   0.374860E-05   0.332543E-07
   547   0.258512E+04   0.805769E+01   0.000000E+00   0.148453E+01   0.162575E-07   0.376612E-05   0.177442E-07
   548   0.258196E+04   0.818747E+01   0.000000E+00   0.268026E+01   0.162121E-07   0.378459E-05   0.225909E-08
   549   0.257858E+04   0.832260E+01   0.000000E+00   0.386133E+01   0.161668E-07   0.380399E-05  -0.132043E-07
   550   0.257498E+04   0.846282E+01   0.000000E+00   0.502703E+01   0.161217E-07   0.382431E-05  -0.286491E-07
   551   0.257118E+04   0.860830E+01   0.000000E+00   0.617663E+01   0.160768E-07   0.384552E-05  -0.440776E-07
   552   0.256717E+04   0.875886E+01   0.000000E+00   0.730944E+01   0.160321E-07   0.386762E-05  -0.594883E-07
   553   0.256295E+04   0.891451E+01   0.000000E+00   0.842479E+01   0.159876E-07   0.389059E-05  -0.748791E-07
   554   0.255854E+04   0.907524E+01   0.000000E+00   0.952201E+01   0.159432E-07   0.391442E-05  -0.902477E-07
   555   0.255393E+04   0.924095E+01   0.000000E+00   0.106004E+02   0.158990E-07   0.393911E-05  -0.105592E-06
   556   0.254911E+04   0.941165E+01   0.000000E+00   0.116593E+02   0.158550E-07   0.396464E-05  -0.120909E-06
   557   0.254412E+04   0.958726E+01   0.000000E+00   0.126981E+02   0.158112E-07   0.399099E-05  -0.136197E-06
   558   0.253893E+04   0.976775E+01   0.000000E+00   0.137161E+02   0.157676E-07   0.401817E-05  -0.151455E-06
   559   0.253356E+04   0.995306E+01   0.000000E+00   0.147128E+02   0.157241E-07   0.404615E-05  -0.166678E-06
   560   0.252801E+04   0.101432E+02   0.000000E+00   0.156876E+02   0.156808E-07   0.407492E-05  -0.181866E-06
   561   0.252228E+04   0.103379E+02   0.000000E+00   0.166399E+02   0.156377E-07   0.410448E-05  -0.197016E-06
   562   0.251637E+04   0.105374E+02   0.000000E+00   0.175691E+02   0.155947E-07   0.413481E-05  -0.212126E-06
   563   0.251029E+04   0.107414E+02   0.000000E+00   0.184747E+02   0.155519E-07   0.416590E-05  -0.227193E-06
   564   0.250405E+04   0.109500E+02   0.000000E+00   0.193561E+02   0.155093E-07   0.419773E-05  -0.242215E-06
   565   0.249763E+04   0.111631E+02   0.000000E+00   0.202127E+02   0.154669E-07   0.423031E-05  -0.257191E-06
   566   0.249105E+04   0.113806E+02   0.000000E+00   0.210442E+02   0.154246E-07   0.426361E-05  -0.272117E-06
   567   0.248431E+04   0.116023E+02   0.000000E+00   0.218500E+02   0.153825E-07   0.429763E-05  -0.286992E-06
   568   0.247742E+04   0.118284E+02   0.000000E+00   0.226295E+02   0.153405E-07   0.433235E-05  -0.301813E-06
   569   0.247037E+04   0.120586E+02   0.000000E+00   0.233823E+02   0.152987E-07   0.436776E-05  -0.316578E-06
   570   0.246317E+04   0.122929E+02   0.000000E+00   0.241080E+02   0.152571E-07   0.440386E-05  -0.331284E-06
   571   0.245582E+04   0.125313E+02   0.000000E+00   0.248060E+02   0.152157E-07   0.444062E-05  -0.345930E-06
   572   0.244834E+04   0.127735E+02   0.000000E+00   0.254760E+02   0.151744E-07   0.447804E-05  -0.360514E-06
   573   0.244071E+04   0.130196E+02   0.000000E+00   0.261175E+02   0.151333E-07   0.451611E-05  -0.375032E-06
   574   0.243296E+04   0.132695E+02   0.000000E+00   0.267302E+02   0.150923E-07   0.455481E-05  -0.389483E-06
   575   0.242508E+04   0.135231E+02   0.000000E+00   0.273138E+02   0.150516E-07   0.459413E-05  -0.403865E-06
   576   0.241708E+04   0.137803E+02   0.000000E+00   0.278680E+02   0.150109E-07   0.463407E-05  -0.418174E-06
   577   0.240897E+04   0.140410E+02   0.000000E+00   0.283922E+02   0.149705E-07   0.467461E-05  -0.432410E-06
   578   0.240075E+04   0.143051E+02   0.000000E+00   0.288860E+02   0.149301E-07   0.471574E-05  -0.446569E-06
   579   0.239242E+04   0.145726E+02   0.000000E+00   0.293494E+02   0.148900E-07   0.475744E-05  -0.460650E-06
   580   0.238399E+04   0.148432E+02   0.000000E+00   0.297819E+02   0.148500E-07   0.479971E-05  -0.474650E-06
   581   0.237547E+04   0.151170E+02   0.000000E+00   0.301830E+02   0.148102E-07   0.484254E-05  -0.488567E-06
   582   0.236686E+04   0.153938E+02   0.000000E+00   0.305525E+02   0.147705E-07   0.488591E-05  -0.502399E-06
   583   0.235816E+04   0.156735E+02   0.000000E+00   0.308902E+02   0.147310E-07   0.492982E-05  -0.516143E-06
   584   0.234938E+04   0.159560E+02   0.000000E+00   0.311955E+02   0.146916E-07   0.497424E-05  -0.529798E-06
   585   0.234053E+04   0.162412E+02   0.000000E+00   0.314682E+02   0.146524E-07   0.501917E-05  -0.543360E-06
   586   0.233160E+04   0.165291E+02   0.000000E+00   0.317081E+02   0.146133E-07   0.506461E-05  -0.556828E-06
   587   0.232261E+04   0.168195E+02   0.000000E+00   0.319150E+02   0.145744E-07   0.511053E-05  -0.570200E-06
   588   0.231357E+04   0.171122E+02   0.000000E+00   0.320886E+02   0.145357E-07   0.515692E-05  -0.583472E-06
   589   0.230446E+04   0.174072E+02   0.000000E+00   0.322288E+02   0.144971E-07   0.520378E-05  -0.596644E-06
   590   0.229530E+04   0.177044E+02   0.000000E+00   0.323353E+02   0.144586E-07   0.525109E-05  -0.609712E-06
   591   0.228610E+04   0.180036E+02   0.000000E+00   0.324079E+02   0.144203E-07   0.529884E-05  -0.622675E-06
   592   0.227686E+04   0.183047E+02   0.000000E+00   0.324465E+02   0.143822E-07   0.534702E-05  -0.635530E-06
   593   0.226758E+04   0.186077E+02   0.000000E+00   0.324509E+02   0.143442E-07   0.539562E-05  -0.648275E-06
   594   0.225826E+04   0.189124E+02   0.000000E+00   0.324210E+02   0.143063E-07   0.544463E-05  -0.660907E-06
   595   0.224893E+04   0.192186E+02   0.000000E+00   0.323568E+02   0.142686E-07   0.549403E-05  -0.673425E-06
   596   0.223957E+04   0.195263E+02   0.000000E+00   0.322580E+02   0.142311E-07   0.554382E-05  -0.685826E-06
   597   0.223020E+04   0.198353E+02   0.000000E+00   0.321246E+02   0.141937E-07   0.559398E-05  -0.698108E-06
   598   0.222081E+04   0.201454E+02   0.000000E+00   0.319566E+02   0.141564E-07   0.564450E-05  -0.710269E-06
   599   0.221142E+04   0.204567E+02   0.000000E+00   0.317537E+02   0.141193E-07   0.569537E-05  -0.722306E-06
   600   0.220202E+04   0.207690E+02   0.000000E+00   0.315161E+02   0.140823E-07   0.574658E-05  -0.734217E-06
   601   0.219263E+04   0.210820E+02   0.000000E+00   0.312438E+02   0.140454E-07   0.579811E-05  -0.746001E-06
   602   0.218324E+04   0.213958E+02   0.000000E+00   0.309368E+02   0.140087E-07   0.584997E-05  -0.757656E-06
   603   0.217387E+04   0.217102E+02   0.000000E+00   0.305952E+02   0.139722E-07   0.590212E-05  -0.769182E-06
   604   0.216452E+04   0.220250E+02   0.000000E+00   0.302190E+02   0.139358E-07   0.595457E-05  -0.780578E-06
   605   0.215518E+04   0.223402E+02   0.000000E+00   0.298084E+02   0.138995E-07   0.600731E-05  -0.791844E-06
   606   0.214587E+04   0.226556E+02   0.000000E+00   0.293633E+02   0.138634E-07   0.606031E-05  -0.802980E-06
   607   0.213659E+04   0.229712E+02   0.000000E+00   0.288839E+02   0.138274E-07   0.611358E-05  -0.813984E-06
   608   0.212735E+04   0.232867E+02   0.000000E+00   0.283704E+02   0.137915E-07   0.616709E-05  -0.824857E-06
   609   0.211815E+04   0.236021E+02   0.000000E+00   0.278228E+02   0.137558E-07   0.622084E-05  -0.835598E-06
   610   0.210899E+04   0.239172E+02   0.000000E+00   0.272414E+02   0.137202E-07   0.627482E-05  -0.846206E-06
   611   0.209988E+04   0.242319E+02   0.000000E+00   0.266262E+02   0.136847E-07   0.632901E-05  -0.856681E-06
   612   0.209082E+04   0.245460E+02   0.000000E+00   0.259773E+02   0.136494E-07   0.638341E-05  -0.867022E-06
   613   0.208182E+04   0.248595E+02   0.000000E+00   0.252951E+02   0.136142E-07   0.643800E-05  -0.877230E-06
   614   0.207289E+04   0.251722E+02   0.000000E+00   0.245796E+02   0.135792E-07   0.649277E-05  -0.887302E-06
   615   0.206401E+04   0.254840E+02   0.000000E+00   0.238313E+02   0.135443E-07   0.654771E-05  -0.897240E-06
   616   0.205522E+04   0.257947E+02   0.000000E+00   0.230506E+02   0.135095E-07   0.660281E-05  -0.907042E-06
   617   0.204650E+04   0.261044E+02   0.000000E+00   0.222377E+02   0.134749E-07   0.665806E-05  -0.916708E-06
   618   0.203786E+04   0.264129E+02   0.000000E+00   0.213929E+02   0.134404E-07   0.671344E-05  -0.926237E-06
   619   0.202930E+04   0.267199E+02   0.000000E+00   0.205166E+02   0.134060E-07   0.676896E-05  -0.935629E-06
   620   0.202084E+04   0.270256E+02   0.000000E+00   0.196092E+02   0.133717E-07   0.682458E-05  -0.944883E-06
   621   0.201247E+04   0.273297E+02   0.000000E+00   0.186709E+02   0.133376E-07   0.688031E-05  -0.954000E-06
   622   0.200421E+04   0.276320E+02   0.000000E+00   0.177021E+02   0.133036E-07   0.693613E-05  -0.962978E-06
   623   0.199604E+04   0.279325E+02   0.000000E+00   0.167032E+02   0.132698E-07   0.699203E-05  -0.971816E-06
   624   0.198798E+04   0.282311E+02   0.000000E+00   0.156745E+02   0.132360E-07   0.704800E-05  -0.980515E-06
   625   0.198003E+04   0.285276E+02   0.000000E+00   0.146164E+02   0.132024E-07   0.710404E-05  -0.989074E-06
   626   0.197220E+04   0.288219E+02   0.000000E+00   0.135292E+02   0.131689E-07   0.716011E-05  -0.997492E-06
   627   0.196448E+04   0.291138E+02   0.000000E+00   0.124133E+02   0.131356E-07   0.721623E-05  -0.100577E-05
   628   0.195689E+04   0.294032E+02   0.000000E+00   0.112691E+02   0.131024E-07   0.727237E-05  -0.101390E-05
   629   0.194942E+04   0.296900E+02   0.000000E+00   0.100971E+02   0.130693E-07   0.732852E-05  -0.102190E-05
   630   0.194208E+04   0.299742E+02   0.000000E+00   0.889784E+01   0.130363E-07   0.738467E-05  -0.102975E-05
   631   0.193487E+04   0.302554E+02   0.000000E+00   0.767169E+01   0.130034E-07   0.744082E-05  -0.103746E-05
   632   0.192780E+04   0.305338E+02   0.000000E+00   0.641923E+01   0.129707E-07   0.749694E-05  -0.104502E-05
   633   0.192087E+04   0.308091E+02   0.000000E+00   0.514083E+01   0.129381E-07   0.755304E-05  -0.105244E-05
   634   0.191408E+04   0.310812E+02   0.000000E+00   0.383707E+01   0.129056E-07   0.760909E-05  -0.105971E-05
   635   0.190744E+04   0.313500E+02   0.000000E+00   0.250849E+01   0.128733E-07   0.766509E-05  -0.106684E-05
   636   0.190095E+04   0.316154E+02   0.000000E+00   0.115563E+01   0.128410E-07   0.772103E-05  -0.107383E-05
   637   0.189461E+04   0.318773E+02   0.000000E+00  -0.220958E+00   0.128089E-07   0.777689E-05  -0.108066E-05
   638   0.188843E+04   0.321355E+02   0.000000E+00  -0.162069E+01   0.127769E-07   0.783266E-05  -0.108736E-05
   639   0.188241E+04   0.323901E+02   0.000000E+00  -0.304302E+01   0.127450E-07   0.788833E-05  -0.109390E-05
   640   0.187654E+04   0.326407E+02   0.000000E+00  -0.448738E+01   0.127133E-07   0.794390E-05  -0.110030E-05
   641   0.187085E+04   0.328875E+02   0.000000E+00  -0.595319E+01   0.126816E-07   0.799934E-05  -0.110654E-05
   642   0.186531E+04   0.331301E+02   0.000000E+00  -0.743982E+01   0.126501E-07   0.805466E-05  -0.111264E-05
   643   0.185996E+04   0.333686E+02   0.000000E+00  -0.894660E+01   0.126187E-07   0.810983E-05  -0.111859E-05
   644   0.185477E+04   0.336028E+02   0.000000E+00  -0.104729E+02   0.125874E-07   0.816484E-05  -0.112439E-05
   645   0.184975E+04   0.338326E+02   0.000000E+00  -0.120180E+02   0.125562E-07   0.821969E-05  -0.113005E-05
   646   0.184492E+04   0.340578E+02   0.000000E+00  -0.135814E+02   0.125252E-07   0.827436E-05  -0.113554E-05
   647   0.184027E+04   0.342784E+02   0.000000E+00  -0.151623E+02   0.124942E-07   0.832885E-05  -0.114089E-05
   648   0.183579E+04   0.344942E+02   0.000000E+00  -0.167601E+02   0.124634E-07   0.838314E-05  -0.114609E-05
   649   0.183150E+04   0.347053E+02   0.000000E+00  -0.183740E+02   0.124327E-07   0.843721E-05  -0.115113E-05
   650   0.182740E+04   0.349113E+02   0.000000E+00  -0.200034E+02   0.124021E-07   0.849107E-05  -0.115603E-05
   651   0.182348E+04   0.351125E+02   0.000000E+00  -0.216476E+02   0.123716E-07   0.854470E-05  -0.116077E-05
   652   0.181975E+04   0.353086E+02   0.000000E+00  -0.233057E+02   0.123412E-07   0.859808E-05  -0.116535E-05
   653   0.181621E+04   0.354997E+02   0.000000E+00  -0.249773E+02   0.123109E-07   0.865122E-05  -0.116978E-05
   654   0.181287E+04   0.356857E+02   0.000000E+00  -0.266617E+02   0.122808E-07   0.870412E-05  -0.117407E-05
   655   0.180973E+04   0.358664E+02   0.000000E+00  -0.283581E+02   0.122507E-07   0.875676E-05  -0.117820E-05
   656   0.180678E+04   0.360419E+02   0.000000E+00  -0.300657E+02   0.122208E-07   0.880915E-05  -0.118217E-05
   657   0.180402E+04   0.362120E+02   0.000000E+00  -0.317841E+02   0.121909E-07   0.886126E-05  -0.118600E-05
   658   0.180147E+04   0.363768E+02   0.000000E+00  -0.335122E+02   0.121612E-07   0.891311E-05  -0.118968E-05
   659   0.179912E+04   0.365361E+02   0.000000E+00  -0.352495E+02   0.121316E-07   0.896468E-05  -0.119321E-05
   660   0.179696E+04   0.366898E+02   0.000000E+00  -0.369953E+02   0.121021E-07   0.901598E-05  -0.119658E-05
   661   0.179501E+04   0.368379E+02   0.000000E+00  -0.387488E+02   0.120727E-07   0.906699E-05  -0.119981E-05
   662   0.179326E+04   0.369803E+02   0.000000E+00  -0.405092E+02   0.120434E-07   0.911770E-05  -0.120289E-05
   663   0.179171E+04   0.371169E+02   0.000000E+00  -0.422758E+02   0.120142E-07   0.916812E-05  -0.120582E-05
   664   0.179037E+04   0.372478E+02   0.000000E+00  -0.440479E+02   0.119851E-07   0.921824E-05  -0.120860E-05
   665   0.178923E+04   0.373727E+02   0.000000E+00  -0.458247E+02   0.119561E-07   0.926805E-05  -0.121123E-05
   666   0.178828E+04   0.374918E+02   0.000000E+00  -0.476055E+02   0.119273E-07   0.931755E-05  -0.121372E-05
   667   0.178755E+04   0.376050E+02   0.000000E+00  -0.493894E+02   0.118985E-07   0.936674E-05  -0.121606E-05
   668   0.178702E+04   0.377122E+02   0.000000E+00  -0.511757E+02   0.118698E-07   0.941560E-05  -0.121825E-05
   669   0.178669E+04   0.378132E+02   0.000000E+00  -0.529638E+02   0.118413E-07   0.946413E-05  -0.122029E-05
   670   0.178657E+04   0.379083E+02   0.000000E+00  -0.547527E+02   0.118128E-07   0.951233E-05  -0.122219E-05
   671   0.178665E+04   0.379972E+02   0.000000E+00  -0.565418E+02   0.117844E-07   0.956019E-05  -0.122394E-05
   672   0.178693E+04   0.380800E+02   0.000000E+00  -0.583303E+02   0.117562E-07   0.960770E-05  -0.122555E-05
   673   0.178742E+04   0.381566E+02   0.000000E+00  -0.601174E+02   0.117280E-07   0.965487E-05  -0.122701E-05
   674   0.178811E+04   0.382271E+02   0.000000E+00  -0.619024E+02   0.117000E-07   0.970168E-05  -0.122833E-05
   675   0.178900E+04   0.382913E+02   0.000000E+00  -0.636845E+02   0.116720E-07   0.974813E-05  -0.122951E-05
   676   0.179010E+04   0.383492E+02   0.000000E+00  -0.654628E+02   0.116441E-07   0.979421E-05  -0.123054E-05
   677   0.179140E+04   0.384009E+02   0.000000E+00  -0.672368E+02   0.116164E-07   0.983993E-05  -0.123142E-05
   678   0.179289E+04   0.384462E+02   0.000000E+00  -0.690054E+02   0.115887E-07   0.988527E-05  -0.123217E-05
   679   0.179459E+04   0.384852E+02   0.000000E+00  -0.707678E+02   0.115612E-07   0.993023E-05  -0.123277E-05
   680   0.179648E+04   0.385178E+02   0.000000E+00  -0.725234E+02   0.115337E-07   0.997480E-05  -0.123323E-05
   681   0.179857E+04   0.385439E+02   0.000000E+00  -0.742711E+02   0.115063E-07   0.100190E-04  -0.123354E-05
   682   0.180085E+04   0.385636E+02   0.000000E+00  -0.760103E+02   0.114791E-07   0.100628E-04  -0.123372E-05
   683   0.180332E+04   0.385768E+02   0.000000E+00  -0.777401E+02   0.114519E-07   0.101061E-04  -0.123375E-05
   684   0.180600E+04   0.385834E+02   0.000000E+00  -0.794598E+02   0.114248E-07   0.101491E-04  -0.123364E-05
   685   0.180885E+04   0.385838E+02   0.000000E+00  -0.811686E+02   0.113978E-07   0.101917E-04  -0.123340E-05
   686   0.181190E+04   0.385776E+02   0.000000E+00  -0.828656E+02   0.113709E-07   0.102338E-04  -0.123301E-05
   687   0.181513E+04   0.385652E+02   0.000000E+00  -0.845508E+02   0.113442E-07   0.102755E-04  -0.123248E-05
   688   0.181856E+04   0.385463E+02   0.000000E+00  -0.862234E+02   0.113175E-07   0.103168E-04  -0.123181E-05
   689   0.182217E+04   0.385212E+02   0.000000E+00  -0.878820E+02   0.112908E-07   0.103577E-04  -0.123101E-05
   690   0.182596E+04   0.384899E+02   0.000000E+00  -0.895258E+02   0.112643E-07   0.103981E-04  -0.123006E-05
   691   0.182993E+04   0.384523E+02   0.000000E+00  -0.911547E+02   0.112379E-07   0.104381E-04  -0.122898E-05
   692   0.183409E+04   0.384085E+02   0.000000E+00  -0.927681E+02   0.112116E-07   0.104776E-04  -0.122776E-05
   693   0.183842E+04   0.383584E+02   0.000000E+00  -0.943652E+02   0.111853E-07   0.105166E-04  -0.122640E-05
   694   0.184292E+04   0.383022E+02   0.000000E+00  -0.959445E+02   0.111592E-07   0.105552E-04  -0.122491E-05
   695   0.184760E+04   0.382398E+02   0.000000E+00  -0.975059E+02   0.111331E-07   0.105934E-04  -0.122328E-05
   696   0.185244E+04   0.381711E+02   0.000000E+00  -0.990480E+02   0.111072E-07   0.106310E-04  -0.122151E-05
   697   0.185745E+04   0.380963E+02   0.000000E+00  -0.100571E+03   0.110813E-07   0.106682E-04  -0.121960E-05
   698   0.186262E+04   0.380154E+02   0.000000E+00  -0.102073E+03   0.110555E-07   0.107049E-04  -0.121756E-05
   699   0.186796E+04   0.379284E+02   0.000000E+00  -0.103554E+03   0.110298E-07   0.107411E-04  -0.121539E-05
   700   0.187346E+04   0.378354E+02   0.000000E+00  -0.105013E+03   0.110042E-07   0.107769E-04  -0.121308E-05
   701   0.187910E+04   0.377364E+02   0.000000E+00  -0.106450E+03   0.109787E-07   0.108121E-04  -0.121063E-05
   702   0.188490E+04   0.376315E+02   0.000000E+00  -0.107864E+03   0.109532E-07   0.108468E-04  -0.120805E-05
   703   0.189084E+04   0.375206E+02   0.000000E+00  -0.109255E+03   0.109279E-07   0.108810E-04  -0.120534E-05
   704   0.189695E+04   0.374039E+02   0.000000E+00  -0.110621E+03   0.109026E-07   0.109147E-04  -0.120250E-05
   705   0.190318E+04   0.372815E+02   0.000000E+00  -0.111963E+03   0.108774E-07   0.109479E-04  -0.119953E-05
   706   0.190956E+04   0.371533E+02   0.000000E+00  -0.113279E+03   0.108523E-07   0.109805E-04  -0.119643E-05
   707   0.191608E+04   0.370196E+02   0.000000E+00  -0.114569E+03   0.108273E-07   0.110126E-04  -0.119320E-05
   708   0.192272E+04   0.368802E+02   0.000000E+00  -0.115833E+03   0.108024E-07   0.110442E-04  -0.118984E-05
   709   0.192950E+04   0.367353E+02   0.000000E+00  -0.117069E+03   0.107775E-07   0.110752E-04  -0.118635E-05
   710   0.193641E+04   0.365850E+02   0.000000E+00  -0.118279E+03   0.107528E-07   0.111057E-04  -0.118274E-05
   711   0.194343E+04   0.364293E+02   0.000000E+00  -0.119460E+03   0.107281E-07   0.111356E-04  -0.117901E-05
   712   0.195059E+04   0.362684E+02   0.000000E+00  -0.120612E+03   0.107035E-07   0.111649E-04  -0.117515E-05
   713   0.195785E+04   0.361021E+02   0.000000E+00  -0.121736E+03   0.106790E-07   0.111937E-04  -0.117117E-05
   714   0.196523E+04   0.359307E+02   0.000000E+00  -0.122829E+03   0.106546E-07   0.112218E-04  -0.116706E-05
   715   0.197272E+04   0.357542E+02   0.000000E+00  -0.123892E+03   0.106302E-07   0.112494E-04  -0.116284E-05
   716   0.198031E+04   0.355726E+02   0.000000E+00  -0.124926E+03   0.106059E-07   0.112764E-04  -0.115850E-05
   717   0.198800E+04   0.353860E+02   0.000000E+00  -0.125927E+03   0.105818E-07   0.113028E-04  -0.115404E-05
   718   0.199579E+04   0.351944E+02   0.000000E+00  -0.126896E+03   0.105576E-07   0.113286E-04  -0.114946E-05
   719   0.200367E+04   0.349981E+02   0.000000E+00  -0.127833E+03   0.105336E-07   0.113538E-04  -0.114476E-05
   720   0.201164E+04   0.347969E+02   0.000000E+00  -0.128738E+03   0.105097E-07   0.113784E-04  -0.113995E-05
   721   0.201969E+04   0.345913E+02   0.000000E+00  -0.129610E+03   0.104858E-07   0.114023E-04  -0.113502E-05
   722   0.202782E+04   0.343811E+02   0.000000E+00  -0.130448E+03   0.104620E-07   0.114257E-04  -0.112998E-05
   723   0.203604E+04   0.341666E+02   0.000000E+00  -0.131254E+03   0.104383E-07   0.114483E-04  -0.112483E-05
   724   0.204433E+04   0.339479E+02   0.000000E+00  -0.132026E+03   0.104147E-07   0.114704E-04  -0.111957E-05
   725   0.205270E+04   0.337251E+02   0.000000E+00  -0.132764E+03   0.103912E-07   0.114918E-04  -0.111419E-05
   726   0.206113E+04   0.334982E+02   0.000000E+00  -0.133467E+03   0.103677E-07   0.115125E-04  -0.110871E-05
   727   0.206963E+04   0.332675E+02   0.000000E+00  -0.134136E+03   0.103443E-07   0.115326E-04  -0.110312E-05
   728   0.207820E+04   0.330328E+02   0.000000E+00  -0.134770E+03   0.103210E-07   0.115520E-04  -0.109742E-05
   729   0.208681E+04   0.327946E+02   0.000000E+00  -0.135368E+03   0.102977E-07   0.115707E-04  -0.109161E-05
   730   0.209548E+04   0.325526E+02   0.000000E+00  -0.135931E+03   0.102746E-07   0.115888E-04  -0.108569E-05
   731   0.210421E+04   0.323072E+02   0.000000E+00  -0.136459E+03   0.102515E-07   0.116061E-04  -0.107968E-05
   732   0.211296E+04   0.320582E+02   0.000000E+00  -0.136949E+03   0.102285E-07   0.116228E-04  -0.107356E-05
   733   0.212177E+04   0.318061E+02   0.000000E+00  -0.137403E+03   0.102055E-07   0.116388E-04  -0.106733E-05
   734   0.213060E+04   0.315507E+02   0.000000E+00  -0.137820E+03   0.101827E-07   0.116541E-04  -0.106101E-05
   735   0.213946E+04   0.312922E+02   0.000000E+00  -0.138200E+03   0.101599E-07   0.116686E-04  -0.105458E-05
   736   0.214836E+04   0.310309E+02   0.000000E+00  -0.138543E+03   0.101372E-07   0.116825E-04  -0.104805E-05
   737   0.215726E+04   0.307667E+02   0.000000E+00  -0.138848E+03   0.101145E-07   0.116956E-04  -0.104143E-05
   738   0.216619E+04   0.304998E+02   0.000000E+00  -0.139115E+03   0.100919E-07   0.117080E-04  -0.103471E-05
   739   0.217513E+04   0.302303E+02   0.000000E+00  -0.139345E+03   0.100694E-07   0.117196E-04  -0.102789E-05
   740   0.218407E+04   0.299584E+02   0.000000E+00  -0.139536E+03   0.100470E-07   0.117305E-04  -0.102097E-05
   741   0.219301E+04   0.296843E+02   0.000000E+00  -0.139689E+03   0.100247E-07   0.117407E-04  -0.101396E-05
   742   0.220195E+04   0.294079E+02   0.000000E+00  -0.139804E+03   0.100024E-07   0.117501E-04  -0.100686E-05
   743   0.221089E+04   0.291296E+02   0.000000E+00  -0.139881E+03   0.998017E-08   0.117588E-04  -0.999662E-06
   744   0.221981E+04   0.288494E+02   0.000000E+00  -0.139919E+03   0.995803E-08   0.117666E-04  -0.992374E-06
   745   0.222870E+04   0.285674E+02   0.000000E+00  -0.139918E+03   0.993597E-08   0.117738E-04  -0.984995E-06
   746   0.223758E+04   0.282839E+02   0.000000E+00  -0.139880E+03   0.991397E-08   0.117801E-04  -0.977526E-06
   747   0.224642E+04   0.279989E+02   0.000000E+00  -0.139802E+03   0.989204E-08   0.117856E-04  -0.969969E-06
   748   0.225524E+04   0.277125E+02   0.000000E+00  -0.139686E+03   0.987018E-08   0.117904E-04  -0.962323E-06
   749   0.226401E+04   0.274250E+02   0.000000E+00  -0.139532E+03   0.984839E-08   0.117943E-04  -0.954591E-06
   750   0.227275E+04   0.271363E+02   0.000000E+00  -0.139339E+03   0.982667E-08   0.117975E-04  -0.946773E-06
   751   0.228144E+04   0.268467E+02   0.000000E+00  -0.139108E+03   0.980501E-08   0.117998E-04  -0.938871E-06
   752   0.229007E+04   0.265562E+02   0.000000E+00  -0.138837E+03   0.978343E-08   0.118013E-04  -0.930885E-06
   753   0.229865E+04   0.262650E+02   0.000000E+00  -0.138529E+03   0.976191E-08   0.118021E-04  -0.922818E-06
   754   0.230718E+04   0.259732E+02   0.000000E+00  -0.138182E+03   0.974046E-08   0.118020E-04  -0.914671E-06
   755   0.231564E+04   0.256810E+02   0.000000E+00  -0.137797E+03   0.971907E-08   0.118012E-04  -0.906446E-06
   756   0.232403E+04   0.253885E+02   0.000000E+00  -0.137375E+03   0.969775E-08   0.117996E-04  -0.898145E-06
   757   0.233237E+04   0.250959E+02   0.000000E+00  -0.136914E+03   0.967650E-08   0.117972E-04  -0.889769E-06
   758   0.234063E+04   0.248031E+02   0.000000E+00  -0.136417E+03   0.965532E-08   0.117941E-04  -0.881320E-06
   759   0.234883E+04   0.245106E+02   0.000000E+00  -0.135882E+03   0.963420E-08   0.117902E-04  -0.872800E-06
   760   0.235695E+04   0.242184E+02   0.000000E+00  -0.135311E+03   0.961315E-08   0.117856E-04  -0.864210E-06
   761   0.236499E+04   0.239266E+02   0.000000E+00  -0.134702E+03   0.959216E-08   0.117803E-04  -0.855552E-06
   762   0.237294E+04   0.236352E+02   0.000000E+00  -0.134057E+03   0.957123E-08   0.117742E-04  -0.846828E-06
   763   0.238081E+04   0.233445E+02   0.000000E+00  -0.133375E+03   0.955037E-08   0.117674E-04  -0.838039E-06
   764   0.238859E+04   0.230546E+02   0.000000E+00  -0.132657E+03   0.952958E-08   0.117600E-04  -0.829188E-06
   765   0.239626E+04   0.227655E+02   0.000000E+00  -0.131902E+03   0.950885E-08   0.117518E-04  -0.820275E-06
   766   0.240384E+04   0.224775E+02   0.000000E+00  -0.131111E+03   0.948818E-08   0.117429E-04  -0.811303E-06
   767   0.241130E+04   0.221904E+02   0.000000E+00  -0.130284E+03   0.946758E-08   0.117334E-04  -0.802273E-06
   768   0.241866E+04   0.219047E+02   0.000000E+00  -0.129420E+03   0.944704E-08   0.117231E-04  -0.793187E-06
   769   0.242588E+04   0.216204E+02   0.000000E+00  -0.128521E+03   0.942656E-08   0.117122E-04  -0.784046E-06
   770   0.243300E+04   0.213376E+02   0.000000E+00  -0.127587E+03   0.940615E-08   0.117007E-04  -0.774853E-06
   771   0.243999E+04   0.210564E+02   0.000000E+00  -0.126619E+03   0.938580E-08   0.116885E-04  -0.765609E-06
   772   0.244684E+04   0.207772E+02   0.000000E+00  -0.125616E+03   0.936551E-08   0.116756E-04  -0.756315E-06
   773   0.245357E+04   0.204999E+02   0.000000E+00  -0.124580E+03   0.934528E-08   0.116622E-04  -0.746974E-06
   774   0.246015E+04   0.202248E+02   0.000000E+00  -0.123511E+03   0.932512E-08   0.116481E-04  -0.737586E-06
   775   0.246660E+04   0.199518E+02   0.000000E+00  -0.122409E+03   0.930501E-08   0.116333E-04  -0.728155E-06
   776   0.247291E+04   0.196813E+02   0.000000E+00  -0.121276E+03   0.928497E-08   0.116180E-04  -0.718680E-06
   777   0.247907E+04   0.194132E+02   0.000000E+00  -0.120110E+03   0.926499E-08   0.116021E-04  -0.709165E-06
   778   0.248510E+04   0.191478E+02   0.000000E+00  -0.118914E+03   0.924506E-08   0.115855E-04  -0.699611E-06
   779   0.249099E+04   0.188851E+02   0.000000E+00  -0.117687E+03   0.922520E-08   0.115684E-04  -0.690019E-06
   780   0.249673E+04   0.186252E+02   0.000000E+00  -0.116431E+03   0.920540E-08   0.115507E-04  -0.680391E-06
   781   0.250232E+04   0.183683E+02   0.000000E+00  -0.115145E+03   0.918566E-08   0.115325E-04  -0.670729E-06
   782   0.250777E+04   0.181144E+02   0.000000E+00  -0.113830E+03   0.916597E-08   0.115136E-04  -0.661034E-06
   783   0.251306E+04   0.178638E+02   0.000000E+00  -0.112486E+03   0.914635E-08   0.114942E-04  -0.651309E-06
   784   0.251819E+04   0.176164E+02   0.000000E+00  -0.111114E+03   0.912678E-08   0.114743E-04  -0.641555E-06
   785   0.252316E+04   0.173723E+02   0.000000E+00  -0.109714E+03   0.910728E-08   0.114539E-04  -0.631773E-06
   786   0.252796E+04   0.171318E+02   0.000000E+00  -0.108285E+03   0.908783E-08   0.114329E-04  -0.621965E-06
   787   0.253258E+04   0.168948E+02   0.000000E+00  -0.106829E+03   0.906843E-08   0.114114E-04  -0.612133E-06
   788   0.253703E+04   0.166615E+02   0.000000E+00  -0.105344E+03   0.904910E-08   0.113893E-04  -0.602279E-06
   789   0.254129E+04   0.164321E+02   0.000000E+00  -0.103834E+03   0.902982E-08   0.113668E-04  -0.592405E-06
   790   0.254537E+04   0.162066E+02   0.000000E+00  -0.102297E+03   0.901060E-08   0.113438E-04  -0.582511E-06
   791   0.254926E+04   0.159853E+02   0.000000E+00  -0.100736E+03   0.899144E-08   0.113202E-04  -0.572600E-06
   792   0.255297E+04   0.157683E+02   0.000000E+00  -0.991503E+02   0.897234E-08   0.112962E-04  -0.562674E-06
   793   0.255648E+04   0.155557E+02   0.000000E+00  -0.975420E+02   0.895328E-08   0.112718E-04  -0.552733E-06
   794   0.255981E+04   0.153477E+02   0.000000E+00  -0.959117E+02   0.893429E-08   0.112468E-04  -0.542780E-06
   795   0.256294E+04   0.151444E+02   0.000000E+00  -0.942609E+02   0.891535E-08   0.112214E-04  -0.532817E-06
   796   0.256588E+04   0.149458E+02   0.000000E+00  -0.925889E+02   0.889647E-08   0.111956E-04  -0.522845E-06
   797   0.256863E+04   0.147520E+02   0.000000E+00  -0.908973E+02   0.887764E-08   0.111693E-04  -0.512865E-06
   798   0.257118E+04   0.145632E+02   0.000000E+00  -0.891861E+02   0.885887E-08   0.111426E-04  -0.502881E-06
   799   0.257355E+04   0.143793E+02   0.000000E+00  -0.874562E+02   0.884015E-08   0.111154E-04  -0.492892E-06
   800   0.257572E+04   0.142004E+02   0.000000E+00  -0.857068E+02   0.882148E-08   0.110879E-04  -0.482901E-06
   801   0.257769E+04   0.140265E+02   0.000000E+00  -0.839404E+02   0.880287E-08   0.110599E-04  -0.472910E-06
   802   0.257947E+04   0.138577E+02   0.000000E+00  -0.821560E+02   0.878431E-08   0.110315E-04  -0.462918E-06
   803   0.258105E+04   0.136941E+02   0.000000E+00  -0.803546E+02   0.876581E-08   0.110027E-04  -0.452928E-06
   804   0.258243E+04   0.135358E+02   0.000000E+00  -0.785375E+02   0.874736E-08   0.109735E-04  -0.442938E-06
   805   0.258361E+04   0.133830E+02   0.000000E+00  -0.767041E+02   0.872896E-08   0.109440E-04  -0.432949E-06
   806   0.258457E+04   0.132356E+02   0.000000E+00  -0.748566E+02   0.871062E-08   0.109140E-04  -0.422962E-06
   807   0.258531E+04   0.130939E+02   0.000000E+00  -0.729935E+02   0.869232E-08   0.108836E-04  -0.412977E-06
   808   0.258584E+04   0.129580E+02   0.000000E+00  -0.711179E+02   0.867408E-08   0.108529E-04  -0.402995E-06
   809   0.258614E+04   0.128278E+02   0.000000E+00  -0.692289E+02   0.865589E-08   0.108217E-04  -0.393017E-06
   810   0.258622E+04   0.127035E+02   0.000000E+00  -0.673273E+02   0.863776E-08   0.107902E-04  -0.383041E-06
   811   0.258608E+04   0.125852E+02   0.000000E+00  -0.654148E+02   0.861968E-08   0.107583E-04  -0.373070E-06
   812   0.258574E+04   0.124727E+02   0.000000E+00  -0.634921E+02   0.860164E-08   0.107260E-04  -0.363103E-06
   813   0.258517E+04   0.123662E+02   0.000000E+00  -0.615601E+02   0.858366E-08   0.106934E-04  -0.353142E-06
   814   0.258441E+04   0.122657E+02   0.000000E+00  -0.596198E+02   0.856573E-08   0.106604E-04  -0.343185E-06
   815   0.258344E+04   0.121712E+02   0.000000E+00  -0.576719E+02   0.854785E-08   0.106270E-04  -0.333234E-06
   816   0.258228E+04   0.120827E+02   0.000000E+00  -0.557176E+02   0.853002E-08   0.105932E-04  -0.323290E-06
   817   0.258091E+04   0.120003E+02   0.000000E+00  -0.537571E+02   0.851225E-08   0.105591E-04  -0.313352E-06
   818   0.257934E+04   0.119241E+02   0.000000E+00  -0.517909E+02   0.849452E-08   0.105247E-04  -0.303421E-06
   819   0.257756E+04   0.118540E+02   0.000000E+00  -0.498194E+02   0.847684E-08   0.104898E-04  -0.293498E-06
   820   0.257556E+04   0.117903E+02   0.000000E+00  -0.478430E+02   0.845921E-08   0.104547E-04  -0.283583E-06
   821   0.257333E+04   0.117328E+02   0.000000E+00  -0.458621E+02   0.844164E-08   0.104191E-04  -0.273677E-06
   822   0.257088E+04   0.116817E+02   0.000000E+00  -0.438770E+02   0.842411E-08   0.103833E-04  -0.263779E-06
   823   0.256820E+04   0.116370E+02   0.000000E+00  -0.418882E+02   0.840663E-08   0.103470E-04  -0.253891E-06
   824   0.256529E+04   0.115988E+02   0.000000E+00  -0.398968E+02   0.838920E-08   0.103105E-04  -0.244012E-06
   825   0.256216E+04   0.115669E+02   0.000000E+00  -0.379041E+02   0.837182E-08   0.102736E-04  -0.234144E-06
   826   0.255882E+04   0.115416E+02   0.000000E+00  -0.359111E+02   0.835449E-08   0.102364E-04  -0.224286E-06
   827   0.255528E+04   0.115226E+02   0.000000E+00  -0.339191E+02   0.833720E-08   0.101988E-04  -0.214440E-06
   828   0.255152E+04   0.115102E+02   0.000000E+00  -0.319292E+02   0.831997E-08   0.101609E-04  -0.204605E-06
   829   0.254757E+04   0.115041E+02   0.000000E+00  -0.299426E+02   0.830278E-08   0.101227E-04  -0.194782E-06
   830   0.254343E+04   0.115046E+02   0.000000E+00  -0.279603E+02   0.828564E-08   0.100842E-04  -0.184972E-06
   831   0.253910E+04   0.115116E+02   0.000000E+00  -0.259828E+02   0.826855E-08   0.100453E-04  -0.175174E-06
   832   0.253457E+04   0.115250E+02   0.000000E+00  -0.240106E+02   0.825150E-08   0.100062E-04  -0.165390E-06
   833   0.252983E+04   0.115449E+02   0.000000E+00  -0.220440E+02   0.823451E-08   0.996668E-05  -0.155620E-06
   834   0.252490E+04   0.115714E+02   0.000000E+00  -0.200832E+02   0.821756E-08   0.992689E-05  -0.145864E-06
   835   0.251975E+04   0.116044E+02   0.000000E+00  -0.181288E+02   0.820065E-08   0.988679E-05  -0.136122E-06
   836   0.251439E+04   0.116440E+02   0.000000E+00  -0.161809E+02   0.818380E-08   0.984639E-05  -0.126396E-06
   837   0.250881E+04   0.116902E+02   0.000000E+00  -0.142403E+02   0.816699E-08   0.980568E-05  -0.116685E-06
   838   0.250303E+04   0.117429E+02   0.000000E+00  -0.123076E+02   0.815022E-08   0.976468E-05  -0.106991E-06
   839   0.249703E+04   0.118021E+02   0.000000E+00  -0.103840E+02   0.813351E-08   0.972338E-05  -0.973124E-07
   840   0.249085E+04   0.118678E+02   0.000000E+00  -0.847042E+01   0.811683E-08   0.968179E-05  -0.876511E-07
   841   0.248446E+04   0.119398E+02   0.000000E+00  -0.656791E+01   0.810021E-08   0.963991E-05  -0.780072E-07
   842   0.247790E+04   0.120182E+02   0.000000E+00  -0.467742E+01   0.808363E-08   0.959775E-05  -0.683810E-07
   843   0.247114E+04   0.121029E+02   0.000000E+00  -0.279999E+01   0.806709E-08   0.955530E-05  -0.587731E-07
   844   0.246422E+04   0.121938E+02   0.000000E+00  -0.936592E+00   0.805060E-08   0.951257E-05  -0.491839E-07
   845   0.245711E+04   0.122909E+02   0.000000E+00   0.912231E+00   0.803415E-08   0.946956E-05  -0.396138E-07
   846   0.244984E+04   0.123942E+02   0.000000E+00   0.274575E+01   0.801775E-08   0.942628E-05  -0.300633E-07
   847   0.244238E+04   0.125038E+02   0.000000E+00   0.456349E+01   0.800139E-08   0.938273E-05  -0.205328E-07
   848   0.243474E+04   0.126197E+02   0.000000E+00   0.636483E+01   0.798508E-08   0.933890E-05  -0.110228E-07
   849   0.242692E+04   0.127418E+02   0.000000E+00   0.814920E+01   0.796881E-08   0.929482E-05  -0.153366E-08
   850   0.241890E+04   0.128702E+02   0.000000E+00   0.991600E+01   0.795258E-08   0.925047E-05   0.793410E-08
   851   0.241071E+04   0.130048E+02   0.000000E+00   0.116647E+02   0.793640E-08   0.920586E-05   0.173799E-07
   852   0.240234E+04   0.131456E+02   0.000000E+00   0.133948E+02   0.792026E-08   0.916100E-05   0.268026E-07
   853   0.239379E+04   0.132925E+02   0.000000E+00   0.151059E+02   0.790417E-08   0.911589E-05   0.362009E-07
   854   0.238506E+04   0.134452E+02   0.000000E+00   0.167974E+02   0.788811E-08   0.907053E-05   0.455736E-07
   855   0.237619E+04   0.136038E+02   0.000000E+00   0.184691E+02   0.787210E-08   0.902492E-05   0.549192E-07
   856   0.236714E+04   0.137681E+02   0.000000E+00   0.201203E+02   0.785614E-08   0.897908E-05   0.642365E-07
   857   0.235795E+04   0.139380E+02   0.000000E+00   0.217507E+02   0.784021E-08   0.893301E-05   0.735242E-07
   858   0.234861E+04   0.141134E+02   0.000000E+00   0.233597E+02   0.782433E-08   0.888671E-05   0.827810E-07
   859   0.233913E+04   0.142942E+02   0.000000E+00   0.249466E+02   0.780849E-08   0.884018E-05   0.920055E-07
   860   0.232951E+04   0.144805E+02   0.000000E+00   0.265107E+02   0.779269E-08   0.879343E-05   0.101197E-06
   861   0.231975E+04   0.146722E+02   0.000000E+00   0.280509E+02   0.777694E-08   0.874647E-05   0.110353E-06
   862   0.230984E+04   0.148692E+02   0.000000E+00   0.295666E+02   0.776122E-08   0.869929E-05   0.119473E-06
   863   0.229980E+04   0.150716E+02   0.000000E+00   0.310570E+02   0.774555E-08   0.865190E-05   0.128556E-06
   864   0.228963E+04   0.152794E+02   0.000000E+00   0.325212E+02   0.772992E-08   0.860432E-05   0.137600E-06
   865   0.227932E+04   0.154924E+02   0.000000E+00   0.339585E+02   0.771433E-08   0.855653E-05   0.146604E-06
   866   0.226890E+04   0.157105E+02   0.000000E+00   0.353687E+02   0.769878E-08   0.850855E-05   0.155567E-06
   867   0.225833E+04   0.159338E+02   0.000000E+00   0.367517E+02   0.768328E-08   0.846037E-05   0.164487E-06
   868   0.224764E+04   0.161620E+02   0.000000E+00   0.381073E+02   0.766781E-08   0.841201E-05   0.173363E-06
   869   0.223683E+04   0.163951E+02   0.000000E+00   0.394356E+02   0.765239E-08   0.836347E-05   0.182194E-06
   870   0.222588E+04   0.166330E+02   0.000000E+00   0.407363E+02   0.763700E-08   0.831475E-05   0.190978E-06
   871   0.221482E+04   0.168756E+02   0.000000E+00   0.420093E+02   0.762166E-08   0.826586E-05   0.199715E-06
   872   0.220365E+04   0.171226E+02   0.000000E+00   0.432546E+02   0.760635E-08   0.821680E-05   0.208402E-06
   873   0.219236E+04   0.173741E+02   0.000000E+00   0.444715E+02   0.759109E-08   0.816757E-05   0.217039E-06
   874   0.218096E+04   0.176298E+02   0.000000E+00   0.456597E+02   0.757587E-08   0.811819E-05   0.225625E-06
   875   0.216946E+04   0.178898E+02   0.000000E+00   0.468186E+02   0.756068E-08   0.806864E-05   0.234157E-06
   876   0.215786E+04   0.181538E+02   0.000000E+00   0.479478E+02   0.754554E-08   0.801895E-05   0.242635E-06
   877   0.214616E+04   0.184217E+02   0.000000E+00   0.490466E+02   0.753044E-08   0.796910E-05   0.251058E-06
   878   0.213439E+04   0.186934E+02   0.000000E+00   0.501147E+02   0.751537E-08   0.791912E-05   0.259423E-06
   879   0.212253E+04   0.189688E+02   0.000000E+00   0.511514E+02   0.750035E-08   0.786899E-05   0.267730E-06
   880   0.211060E+04   0.192477E+02   0.000000E+00   0.521565E+02   0.748536E-08   0.781873E-05   0.275978E-06
   881   0.209859E+04   0.195301E+02   0.000000E+00   0.531293E+02   0.747042E-08   0.776834E-05   0.284165E-06
   882   0.208651E+04   0.198159E+02   0.000000E+00   0.540696E+02   0.745551E-08   0.771782E-05   0.292290E-06
   883   0.207436E+04   0.201049E+02   0.000000E+00   0.549768E+02   0.744064E-08   0.766718E-05   0.300351E-06
   884   0.206213E+04   0.203973E+02   0.000000E+00   0.558505E+02   0.742581E-08   0.761643E-05   0.308348E-06
   885   0.204984E+04   0.206927E+02   0.000000E+00   0.566903E+02   0.741102E-08   0.756556E-05   0.316278E-06
   886   0.203748E+04   0.209911E+02   0.000000E+00   0.574959E+02   0.739626E-08   0.751458E-05   0.324142E-06
   887   0.202506E+04   0.212924E+02   0.000000E+00   0.582670E+02   0.738155E-08   0.746350E-05   0.331936E-06
   888   0.201259E+04   0.215966E+02   0.000000E+00   0.590038E+02   0.736687E-08   0.741231E-05   0.339661E-06
   889   0.200006E+04   0.219033E+02   0.000000E+00   0.597063E+02   0.735223E-08   0.736103E-05   0.347314E-06
   890   0.198748E+04   0.222125E+02   0.000000E+00   0.603744E+02   0.733762E-08   0.730966E-05   0.354895E-06
   891   0.197485E+04   0.225241E+02   0.000000E+00   0.610083E+02   0.732306E-08   0.725820E-05   0.362402E-06
   892   0.196219E+04   0.228379E+02   0.000000E+00   0.616077E+02   0.730853E-08   0.720666E-05   0.369834E-06
   893   0.194948E+04   0.231539E+02   0.000000E+00   0.621728E+02   0.729404E-08   0.715504E-05   0.377190E-06
   894   0.193674E+04   0.234717E+02   0.000000E+00   0.627035E+02   0.727959E-08   0.710334E-05   0.384468E-06
   895   0.192397E+04   0.237914E+02   0.000000E+00   0.631997E+02   0.726517E-08   0.705158E-05   0.391667E-06
   896   0.191117E+04   0.241127E+02   0.000000E+00   0.636613E+02   0.725079E-08   0.699974E-05   0.398785E-06
   897   0.189835E+04   0.244355E+02   0.000000E+00   0.640882E+02   0.723645E-08   0.694785E-05   0.405822E-06
   898   0.188551E+04   0.247596E+02   0.000000E+00   0.644803E+02   0.722214E-08   0.689590E-05   0.412776E-06
   899   0.187266E+04   0.250848E+02   0.000000E+00   0.648376E+02   0.720787E-08   0.684389E-05   0.419645E-06
   900   0.185980E+04   0.254111E+02   0.000000E+00   0.651600E+02   0.719364E-08   0.679184E-05   0.426429E-06
   901   0.184693E+04   0.257382E+02   0.000000E+00   0.654474E+02   0.717944E-08   0.673974E-05   0.433127E-06
   902   0.183407E+04   0.260661E+02   0.000000E+00   0.656998E+02   0.716528E-08   0.668760E-05   0.439738E-06
   903   0.182120E+04   0.263946E+02   0.000000E+00   0.659171E+02   0.715116E-08   0.663543E-05   0.446262E-06
   904   0.180835E+04   0.267237E+02   0.000000E+00   0.660992E+02   0.713706E-08   0.658322E-05   0.452699E-06
   905   0.179550E+04   0.270531E+02   0.000000E+00   0.662463E+02   0.712301E-08   0.653099E-05   0.459050E-06
   906   0.178267E+04   0.273828E+02   0.000000E+00   0.663581E+02   0.710899E-08   0.647874E-05   0.465315E-06
   907   0.176986E+04   0.277126E+02   0.000000E+00   0.664346E+02   0.709501E-08   0.642647E-05   0.471493E-06
   908   0.175707E+04   0.280424E+02   0.000000E+00   0.664761E+02   0.708106E-08   0.637419E-05   0.477585E-06
   909   0.174431E+04   0.283721E+02   0.000000E+00   0.664826E+02   0.706715E-08   0.632191E-05   0.483592E-06
   910   0.173157E+04   0.287016E+02   0.000000E+00   0.664542E+02   0.705327E-08   0.626962E-05   0.489512E-06
   911   0.171887E+04   0.290308E+02   0.000000E+00   0.663910E+02   0.703942E-08   0.621733E-05   0.495346E-06
   912   0.170620E+04   0.293595E+02   0.000000E+00   0.662932E+02   0.702562E-08   0.616505E-05   0.501094E-06
   913   0.169358E+04   0.296877E+02   0.000000E+00   0.661610E+02   0.701184E-08   0.611278E-05   0.506757E-06
   914   0.168099E+04   0.300151E+02   0.000000E+00   0.659945E+02   0.699810E-08   0.606053E-05   0.512334E-06
   915   0.166845E+04   0.303417E+02   0.000000E+00   0.657937E+02   0.698440E-08   0.600830E-05   0.517825E-06
   916   0.165596E+04   0.306675E+02   0.000000E+00   0.655590E+02   0.697073E-08   0.595609E-05   0.523231E-06
   917   0.164351E+04   0.309920E+02   0.000000E+00   0.652905E+02   0.695709E-08   0.590391E-05   0.528552E-06
   918   0.163112E+04   0.313154E+02   0.000000E+00   0.649884E+02   0.694349E-08   0.585177E-05   0.533788E-06
   919   0.161878E+04   0.316373E+02   0.000000E+00   0.646529E+02   0.692992E-08   0.579967E-05   0.538938E-06
   920   0.160651E+04   0.319578E+02   0.000000E+00   0.642842E+02   0.691639E-08   0.574761E-05   0.544003E-06
   921   0.159429E+04   0.322766E+02   0.000000E+00   0.638825E+02   0.690289E-08   0.569560E-05   0.548983E-06
   922   0.158213E+04   0.325937E+02   0.000000E+00   0.634482E+02   0.688942E-08   0.564365E-05   0.553879E-06
   923   0.157006E+04   0.329089E+02   0.000000E+00   0.629816E+02   0.687599E-08   0.559175E-05   0.558689E-06
   924   0.155804E+04   0.332221E+02   0.000000E+00   0.624832E+02   0.686259E-08   0.553992E-05   0.563415E-06
   925   0.154611E+04   0.335331E+02   0.000000E+00   0.619534E+02   0.684923E-08   0.548815E-05   0.568056E-06
   926   0.153425E+04   0.338420E+02   0.000000E+00   0.613926E+02   0.683589E-08   0.543646E-05   0.572613E-06
   927   0.152247E+04   0.341484E+02   0.000000E+00   0.608012E+02   0.682260E-08   0.538484E-05   0.577085E-06
   928   0.151079E+04   0.344523E+02   0.000000E+00   0.601795E+02   0.680933E-08   0.533330E-05   0.581473E-06
   929   0.149919E+04   0.347537E+02   0.000000E+00   0.595280E+02   0.679610E-08   0.528186E-05   0.585777E-06
   930   0.148768E+04   0.350522E+02   0.000000E+00   0.588469E+02   0.678290E-08   0.523050E-05   0.589996E-06
   931   0.147627E+04   0.353479E+02   0.000000E+00   0.581367E+02   0.676973E-08   0.517923E-05   0.594132E-06
   932   0.146495E+04   0.356406E+02   0.000000E+00   0.573975E+02   0.675660E-08   0.512807E-05   0.598184E-06
   933   0.145374E+04   0.359302E+02   0.000000E+00   0.566299E+02   0.674349E-08   0.507701E-05   0.602151E-06
   934   0.144262E+04   0.362165E+02   0.000000E+00   0.558341E+02   0.673042E-08   0.502606E-05   0.606035E-06
   935   0.143161E+04   0.364994E+02   0.000000E+00   0.550105E+02   0.671739E-08   0.497523E-05   0.609835E-06
   936   0.142070E+04   0.367787E+02   0.000000E+00   0.541594E+02   0.670438E-08   0.492452E-05   0.613552E-06
   937   0.140991E+04   0.370544E+02   0.000000E+00   0.532814E+02   0.669141E-08   0.487393E-05   0.617185E-06
   938   0.139922E+04   0.373264E+02   0.000000E+00   0.523769E+02   0.667847E-08   0.482346E-05   0.620735E-06
   939   0.138865E+04   0.375944E+02   0.000000E+00   0.514463E+02   0.666556E-08   0.477313E-05   0.624202E-06
   940   0.137820E+04   0.378584E+02   0.000000E+00   0.504902E+02   0.665268E-08   0.472294E-05   0.627585E-06
   941   0.136786E+04   0.381184E+02   0.000000E+00   0.495088E+02   0.663984E-08   0.467289E-05   0.630885E-06
   942   0.135765E+04   0.383742E+02   0.000000E+00   0.485027E+02   0.662702E-08   0.462299E-05   0.634102E-06
   943   0.134756E+04   0.386255E+02   0.000000E+00   0.474724E+02   0.661424E-08   0.457324E-05   0.637236E-06
   944   0.133759E+04   0.388725E+02   0.000000E+00   0.464185E+02   0.660149E-08   0.452364E-05   0.640288E-06
   945   0.132775E+04   0.391149E+02   0.000000E+00   0.453415E+02   0.658877E-08   0.447421E-05   0.643256E-06
   946   0.131804E+04   0.393527E+02   0.000000E+00   0.442418E+02   0.657608E-08   0.442494E-05   0.646142E-06
   947   0.130847E+04   0.395857E+02   0.000000E+00   0.431202E+02   0.656342E-08   0.437584E-05   0.648945E-06
   948   0.129903E+04   0.398140E+02   0.000000E+00   0.419771E+02   0.655079E-08   0.432692E-05   0.651666E-06
   949   0.128972E+04   0.400373E+02   0.000000E+00   0.408130E+02   0.653820E-08   0.427818E-05   0.654305E-06
   950   0.128055E+04   0.402556E+02   0.000000E+00   0.396286E+02   0.652563E-08   0.422962E-05   0.656861E-06
   951   0.127153E+04   0.404688E+02   0.000000E+00   0.384242E+02   0.651310E-08   0.418125E-05   0.659335E-06
   952   0.126264E+04   0.406767E+02   0.000000E+00   0.372005E+02   0.650059E-08   0.413307E-05   0.661727E-06
   953   0.125390E+04   0.408794E+02   0.000000E+00   0.359579E+02   0.648812E-08   0.408509E-05   0.664038E-06
   954   0.124529E+04   0.410767E+02   0.000000E+00   0.346970E+02   0.647568E-08   0.403730E-05   0.666268E-06
   955   0.123683E+04   0.412684E+02   0.000000E+00   0.334181E+02   0.646326E-08   0.398971E-05   0.668417E-06
   956   0.122852E+04   0.414547E+02   0.000000E+00   0.321220E+02   0.645088E-08   0.394231E-05   0.670486E-06
   957   0.122036E+04   0.416353E+02   0.000000E+00   0.308090E+02   0.643853E-08   0.389512E-05   0.672475E-06
   958   0.121235E+04   0.418103E+02   0.000000E+00   0.294800E+02   0.642620E-08   0.384814E-05   0.674384E-06
   959   0.120448E+04   0.419795E+02   0.000000E+00   0.281357E+02   0.641391E-08   0.380136E-05   0.676214E-06
   960   0.119677E+04   0.421431E+02   0.000000E+00   0.267765E+02   0.640165E-08   0.375478E-05   0.677966E-06
   961   0.118921E+04   0.423009E+02   0.000000E+00   0.254033E+02   0.638941E-08   0.370842E-05   0.679639E-06
   962   0.118181E+04   0.424529E+02   0.000000E+00   0.240166E+02   0.637721E-08   0.366227E-05   0.681234E-06
   963   0.117456E+04   0.425990E+02   0.000000E+00   0.226172E+02   0.636504E-08   0.361634E-05   0.682752E-06
   964   0.116747E+04   0.427392E+02   0.000000E+00   0.212055E+02   0.635289E-08   0.357062E-05   0.684192E-06
   965   0.116053E+04   0.428735E+02   0.000000E+00   0.197822E+02   0.634078E-08   0.352512E-05   0.685555E-06
   966   0.115375E+04   0.430017E+02   0.000000E+00   0.183479E+02   0.632869E-08   0.347985E-05   0.686842E-06
   967   0.114713E+04   0.431239E+02   0.000000E+00   0.169031E+02   0.631663E-08   0.343479E-05   0.688053E-06
   968   0.114066E+04   0.432399E+02   0.000000E+00   0.154485E+02   0.630461E-08   0.338996E-05   0.689188E-06
   969   0.113436E+04   0.433498E+02   0.000000E+00   0.139845E+02   0.629261E-08   0.334536E-05   0.690248E-06
   970   0.112822E+04   0.434533E+02   0.000000E+00   0.125118E+02   0.628064E-08   0.330099E-05   0.691232E-06
   971   0.112223E+04   0.435506E+02   0.000000E+00   0.110310E+02   0.626870E-08   0.325685E-05   0.692142E-06
   972   0.111640E+04   0.436416E+02   0.000000E+00   0.954276E+01   0.625679E-08   0.321294E-05   0.692978E-06
   973   0.111073E+04   0.437262E+02   0.000000E+00   0.804769E+01   0.624490E-08   0.316927E-05   0.693741E-06
   974   0.110523E+04   0.438046E+02   0.000000E+00   0.654644E+01   0.623305E-08   0.312584E-05   0.694429E-06
   975   0.109988E+04   0.438765E+02   0.000000E+00   0.503976E+01   0.622122E-08   0.308265E-05   0.695045E-06
   976   0.109469E+04   0.439421E+02   0.000000E+00   0.352811E+01   0.620943E-08   0.303970E-05   0.695588E-06
   977   0.108966E+04   0.440011E+02   0.000000E+00   0.201233E+01   0.619766E-08   0.299699E-05   0.696059E-06
   978   0.108480E+04   0.440538E+02   0.000000E+00   0.492860E+00   0.618592E-08   0.295454E-05   0.696458E-06
   979   0.108009E+04   0.441001E+02   0.000000E+00  -0.102958E+01   0.617421E-08   0.291233E-05   0.696785E-06
   980   0.107555E+04   0.441399E+02   0.000000E+00  -0.255440E+01   0.616252E-08   0.287037E-05   0.697041E-06
   981   0.107116E+04   0.441733E+02   0.000000E+00  -0.408102E+01   0.615086E-08   0.282866E-05   0.697226E-06
   982   0.106693E+04   0.442002E+02   0.000000E+00  -0.560880E+01   0.613924E-08   0.278721E-05   0.697341E-06
   983   0.106286E+04   0.442207E+02   0.000000E+00  -0.713713E+01   0.612764E-08   0.274602E-05   0.697386E-06
   984   0.105895E+04   0.442348E+02   0.000000E+00  -0.866543E+01   0.611606E-08   0.270509E-05   0.697362E-06
   985   0.105519E+04   0.442424E+02   0.000000E+00  -0.101931E+02   0.610452E-08   0.266441E-05   0.697268E-06
   986   0.105159E+04   0.442435E+02   0.000000E+00  -0.117197E+02   0.609300E-08   0.262401E-05   0.697105E-06
   987   0.104816E+04   0.442381E+02   0.000000E+00  -0.132445E+02   0.608151E-08   0.258386E-05   0.696874E-06
   988   0.104487E+04   0.442262E+02   0.000000E+00  -0.147671E+02   0.607005E-08   0.254399E-05   0.696574E-06
   989   0.104175E+04   0.442079E+02   0.000000E+00  -0.162869E+02   0.605862E-08   0.250439E-05   0.696207E-06
   990   0.103877E+04   0.441829E+02   0.000000E+00  -0.178033E+02   0.604721E-08   0.246505E-05   0.695773E-06
   991   0.103595E+04   0.441514E+02   0.000000E+00  -0.193159E+02   0.603583E-08   0.242600E-05   0.695271E-06
   992   0.103329E+04   0.441134E+02   0.000000E+00  -0.208239E+02   0.602448E-08   0.238722E-05   0.694703E-06
   993   0.103078E+04   0.440689E+02   0.000000E+00  -0.223266E+02   0.601315E-08   0.234871E-05   0.694069E-06
   994   0.102842E+04   0.440179E+02   0.000000E+00  -0.238234E+02   0.600185E-08   0.231049E-05   0.693369E-06
   995   0.102621E+04   0.439605E+02   0.000000E+00  -0.253138E+02   0.599058E-08   0.227255E-05   0.692604E-06
   996   0.102416E+04   0.438968E+02   0.000000E+00  -0.267968E+02   0.597934E-08   0.223490E-05   0.691773E-06
   997   0.102225E+04   0.438266E+02   0.000000E+00  -0.282720E+02   0.596812E-08   0.219753E-05   0.690878E-06
   998   0.102050E+04   0.437500E+02   0.000000E+00  -0.297387E+02   0.595693E-08   0.216046E-05   0.689918E-06
   999   0.101888E+04   0.436671E+02   0.000000E+00  -0.311960E+02   0.594576E-08   0.212367E-05   0.688895E-06
  1000   0.101742E+04   0.435779E+02   0.000000E+00  -0.326433E+02   0.593462E-08   0.208718E-05   0.687808E-06
  1001   0.101610E+04   0.434824E+02   0.000000E+00  -0.340799E+02   0.592351E-08   0.205098E-05   0.686658E-06
  1002   0.101492E+04   0.433806E+02   0.000000E+00  -0.355050E+02   0.591242E-08   0.201508E-05   0.685445E-06
  1003   0.101388E+04   0.432725E+02   0.000000E+00  -0.369181E+02   0.590137E-08   0.197948E-05   0.684170E-06
  1004   0.101298E+04   0.431580E+02   0.000000E+00  -0.383184E+02   0.589033E-08   0.194418E-05   0.682832E-06
  1005   0.101220E+04   0.430374E+02   0.000000E+00  -0.397054E+02   0.587932E-08   0.190918E-05   0.681433E-06
  1006   0.101157E+04   0.429106E+02   0.000000E+00  -0.410786E+02   0.586834E-08   0.187447E-05   0.679972E-06
  1007   0.101107E+04   0.427778E+02   0.000000E+00  -0.424379E+02   0.585739E-08   0.184007E-05   0.678450E-06
  1008   0.101070E+04   0.426393E+02   0.000000E+00  -0.437830E+02   0.584646E-08   0.180597E-05   0.676867E-06
  1009   0.101046E+04   0.424951E+02   0.000000E+00  -0.451135E+02   0.583556E-08   0.177218E-05   0.675224E-06
  1010   0.101034E+04   0.423455E+02   0.000000E+00  -0.464293E+02   0.582468E-08   0.173869E-05   0.673521E-06
  1011   0.101035E+04   0.421906E+02   0.000000E+00  -0.477299E+02   0.581383E-08   0.170551E-05   0.671758E-06
  1012   0.101048E+04   0.420305E+02   0.000000E+00  -0.490152E+02   0.580300E-08   0.167263E-05   0.669935E-06
  1013   0.101073E+04   0.418651E+02   0.000000E+00  -0.502849E+02   0.579220E-08   0.164006E-05   0.668053E-06
  1014   0.101112E+04   0.416946E+02   0.000000E+00  -0.515383E+02   0.578142E-08   0.160780E-05   0.666113E-06
  1015   0.101161E+04   0.415188E+02   0.000000E+00  -0.527752E+02   0.577067E-08   0.157585E-05   0.664114E-06
  1016   0.101223E+04   0.413376E+02   0.000000E+00  -0.539951E+02   0.575995E-08   0.154421E-05   0.662057E-06
  1017   0.101297E+04   0.411511E+02   0.000000E+00  -0.551978E+02   0.574925E-08   0.151288E-05   0.659942E-06
  1018   0.101382E+04   0.409590E+02   0.000000E+00  -0.563826E+02   0.573858E-08   0.148186E-05   0.657770E-06
  1019   0.101479E+04   0.407616E+02   0.000000E+00  -0.575492E+02   0.572793E-08   0.145116E-05   0.655541E-06
  1020   0.101587E+04   0.405588E+02   0.000000E+00  -0.586969E+02   0.571730E-08   0.142077E-05   0.653255E-06
  1021   0.101707E+04   0.403509E+02   0.000000E+00  -0.598252E+02   0.570671E-08   0.139070E-05   0.650913E-06
  1022   0.101837E+04   0.401380E+02   0.000000E+00  -0.609333E+02   0.569613E-08   0.136094E-05   0.648515E-06
  1023   0.101977E+04   0.399203E+02   0.000000E+00  -0.620205E+02   0.568558E-08   0.133150E-05   0.646061E-06
  1024   0.102127E+04   0.396980E+02   0.000000E+00  -0.630864E+02   0.567506E-08   0.130238E-05   0.643551E-06
  1025   0.102286E+04   0.394712E+02   0.000000E+00  -0.641300E+02   0.566456E-08   0.127358E-05   0.640987E-06
  1026   0.102455E+04   0.392401E+02   0.000000E+00  -0.651509E+02   0.565409E-08   0.124510E-05   0.638367E-06
  1027   0.102633E+04   0.390048E+02   0.000000E+00  -0.661492E+02   0.564364E-08   0.121694E-05   0.635694E-06
  1028   0.102819E+04   0.387654E+02   0.000000E+00  -0.671248E+02   0.563321E-08   0.118911E-05   0.632966E-06
  1029   0.103015E+04   0.385219E+02   0.000000E+00  -0.680780E+02   0.562281E-08   0.116159E-05   0.630185E-06
  1030   0.103219E+04   0.382743E+02   0.000000E+00  -0.690087E+02   0.561244E-08   0.113441E-05   0.627350E-06
  1031   0.103432E+04   0.380229E+02   0.000000E+00  -0.699173E+02   0.560208E-08   0.110754E-05   0.624463E-06
  1032   0.103653E+04   0.377676E+02   0.000000E+00  -0.708037E+02   0.559176E-08   0.108101E-05   0.621522E-06
  1033   0.103883E+04   0.375085E+02   0.000000E+00  -0.716680E+02   0.558146E-08   0.105480E-05   0.618529E-06
  1034   0.104120E+04   0.372456E+02   0.000000E+00  -0.725097E+02   0.557118E-08   0.102892E-05   0.615485E-06
  1035   0.104366E+04   0.369793E+02   0.000000E+00  -0.733282E+02   0.556092E-08   0.100337E-05   0.612388E-06
  1036   0.104619E+04   0.367097E+02   0.000000E+00  -0.741229E+02   0.555069E-08   0.978153E-06   0.609241E-06
  1037   0.104878E+04   0.364368E+02   0.000000E+00  -0.748932E+02   0.554048E-08   0.953265E-06   0.606042E-06
  1038   0.105145E+04   0.361608E+02   0.000000E+00  -0.756386E+02   0.553030E-08   0.928709E-06   0.602793E-06
  1039   0.105417E+04   0.358820E+02   0.000000E+00  -0.763585E+02   0.552014E-08   0.904487E-06   0.599493E-06
  1040   0.105695E+04   0.356002E+02   0.000000E+00  -0.770523E+02   0.551001E-08   0.880600E-06   0.596143E-06
  1041   0.105979E+04   0.353158E+02   0.000000E+00  -0.777200E+02   0.549989E-08   0.857048E-06   0.592744E-06
  1042   0.106269E+04   0.350286E+02   0.000000E+00  -0.783615E+02   0.548980E-08   0.833832E-06   0.589295E-06
  1043   0.106563E+04   0.347388E+02   0.000000E+00  -0.789767E+02   0.547974E-08   0.810954E-06   0.585798E-06
  1044   0.106862E+04   0.344463E+02   0.000000E+00  -0.795661E+02   0.546970E-08   0.788415E-06   0.582251E-06
  1045   0.107167E+04   0.341512E+02   0.000000E+00  -0.801291E+02   0.545968E-08   0.766215E-06   0.578657E-06
  1046   0.107475E+04   0.338536E+02   0.000000E+00  -0.806665E+02   0.544969E-08   0.744355E-06   0.575014E-06
  1047   0.107789E+04   0.335534E+02   0.000000E+00  -0.811775E+02   0.543972E-08   0.722837E-06   0.571324E-06
  1048   0.108106E+04   0.332509E+02   0.000000E+00  -0.816623E+02   0.542977E-08   0.701661E-06   0.567587E-06
  1049   0.108427E+04   0.329464E+02   0.000000E+00  -0.821201E+02   0.541984E-08   0.680829E-06   0.563803E-06
  1050   0.108752E+04   0.326399E+02   0.000000E+00  -0.825525E+02   0.540994E-08   0.660341E-06   0.559972E-06
  1051   0.109080E+04   0.323318E+02   0.000000E+00  -0.829587E+02   0.540007E-08   0.640198E-06   0.556095E-06
  1052   0.109411E+04   0.320221E+02   0.000000E+00  -0.833382E+02   0.539021E-08   0.620399E-06   0.552172E-06
  1053   0.109744E+04   0.317113E+02   0.000000E+00  -0.836909E+02   0.538038E-08   0.600942E-06   0.548204E-06
  1054   0.110081E+04   0.313993E+02   0.000000E+00  -0.840170E+02   0.537057E-08   0.581826E-06   0.544193E-06
  1055   0.110419E+04   0.310864E+02   0.000000E+00  -0.843172E+02   0.536078E-08   0.563050E-06   0.540138E-06
  1056   0.110759E+04   0.307726E+02   0.000000E+00  -0.845909E+02   0.535102E-08   0.544611E-06   0.536041E-06
  1057   0.111100E+04   0.304579E+02   0.000000E+00  -0.848373E+02   0.534127E-08   0.526508E-06   0.531902E-06
  1058   0.111443E+04   0.301426E+02   0.000000E+00  -0.850581E+02   0.533155E-08   0.508741E-06   0.527722E-06
  1059   0.111787E+04   0.298267E+02   0.000000E+00  -0.852518E+02   0.532186E-08   0.491306E-06   0.523501E-06
  1060   0.112132E+04   0.295103E+02   0.000000E+00  -0.854185E+02   0.531218E-08   0.474204E-06   0.519241E-06
  1061   0.112478E+04   0.291935E+02   0.000000E+00  -0.855598E+02   0.530253E-08   0.457431E-06   0.514942E-06
  1062   0.112825E+04   0.288764E+02   0.000000E+00  -0.856733E+02   0.529290E-08   0.440987E-06   0.510606E-06
  1063   0.113172E+04   0.285591E+02   0.000000E+00  -0.857616E+02   0.528330E-08   0.424871E-06   0.506231E-06
  1064   0.113519E+04   0.282417E+02   0.000000E+00  -0.858231E+02   0.527371E-08   0.409080E-06   0.501820E-06
  1065   0.113865E+04   0.279243E+02   0.000000E+00  -0.858579E+02   0.526415E-08   0.393613E-06   0.497374E-06
  1066   0.114211E+04   0.276071E+02   0.000000E+00  -0.858675E+02   0.525461E-08   0.378469E-06   0.492892E-06
  1067   0.114556E+04   0.272901E+02   0.000000E+00  -0.858506E+02   0.524509E-08   0.363645E-06   0.488376E-06
  1068   0.114901E+04   0.269735E+02   0.000000E+00  -0.858079E+02   0.523560E-08   0.349142E-06   0.483826E-06
  1069   0.115244E+04   0.266573E+02   0.000000E+00  -0.857395E+02   0.522612E-08   0.334956E-06   0.479243E-06
  1070   0.115586E+04   0.263418E+02   0.000000E+00  -0.856455E+02   0.521667E-08   0.321087E-06   0.474628E-06
  1071   0.115926E+04   0.260270E+02   0.000000E+00  -0.855259E+02   0.520724E-08   0.307533E-06   0.469982E-06
  1072   0.116265E+04   0.257130E+02   0.000000E+00  -0.853816E+02   0.519783E-08   0.294292E-06   0.465305E-06
  1073   0.116601E+04   0.254001E+02   0.000000E+00  -0.852118E+02   0.518844E-08   0.281364E-06   0.460598E-06
  1074   0.116934E+04   0.250883E+02   0.000000E+00  -0.850174E+02   0.517908E-08   0.268745E-06   0.455862E-06
  1075   0.117265E+04   0.247777E+02   0.000000E+00  -0.847985E+02   0.516973E-08   0.256436E-06   0.451098E-06
  1076   0.117594E+04   0.244685E+02   0.000000E+00  -0.845543E+02   0.516041E-08   0.244434E-06   0.446305E-06
  1077   0.117920E+04   0.241607E+02   0.000000E+00  -0.842864E+02   0.515111E-08   0.232738E-06   0.441486E-06
  1078   0.118243E+04   0.238545E+02   0.000000E+00  -0.839948E+02   0.514183E-08   0.221346E-06   0.436641E-06
  1079   0.118561E+04   0.235501E+02   0.000000E+00  -0.836790E+02   0.513258E-08   0.210257E-06   0.431770E-06
  1080   0.118877E+04   0.232474E+02   0.000000E+00  -0.833404E+02   0.512334E-08   0.199470E-06   0.426875E-06
  1081   0.119188E+04   0.229468E+02   0.000000E+00  -0.829777E+02   0.511412E-08   0.188982E-06   0.421956E-06
  1082   0.119496E+04   0.226481E+02   0.000000E+00  -0.825923E+02   0.510493E-08   0.178792E-06   0.417013E-06
  1083   0.119799E+04   0.223516E+02   0.000000E+00  -0.821844E+02   0.509576E-08   0.168900E-06   0.412048E-06
  1084   0.120098E+04   0.220573E+02   0.000000E+00  -0.817539E+02   0.508661E-08   0.159302E-06   0.407061E-06
  1085   0.120392E+04   0.217655E+02   0.000000E+00  -0.813018E+02   0.507748E-08   0.149998E-06   0.402054E-06
  1086   0.120681E+04   0.214760E+02   0.000000E+00  -0.808266E+02   0.506837E-08   0.140987E-06   0.397026E-06
  1087   0.120965E+04   0.211891E+02   0.000000E+00  -0.803305E+02   0.505928E-08   0.132265E-06   0.391978E-06
  1088   0.121244E+04   0.209049E+02   0.000000E+00  -0.798130E+02   0.505021E-08   0.123834E-06   0.386912E-06
  1089   0.121517E+04   0.206235E+02   0.000000E+00  -0.792740E+02   0.504117E-08   0.115689E-06   0.381827E-06
  1090   0.121784E+04   0.203449E+02   0.000000E+00  -0.787144E+02   0.503214E-08   0.107831E-06   0.376726E-06
  1091   0.122046E+04   0.200693E+02   0.000000E+00  -0.781350E+02   0.502313E-08   0.100258E-06   0.371608E-06
  1092   0.122301E+04   0.197968E+02   0.000000E+00  -0.775351E+02   0.501415E-08   0.929671E-07   0.366474E-06
  1093   0.122550E+04   0.195276E+02   0.000000E+00  -0.769163E+02   0.500519E-08   0.859581E-07   0.361325E-06
  1094   0.122793E+04   0.192616E+02   0.000000E+00  -0.762778E+02   0.499624E-08   0.792291E-07   0.356162E-06
  1095   0.123030E+04   0.189992E+02   0.000000E+00  -0.756213E+02   0.498732E-08   0.727787E-07   0.350985E-06
  1096   0.123259E+04   0.187402E+02   0.000000E+00  -0.749460E+02   0.497842E-08   0.666052E-07   0.345795E-06
  1097   0.123483E+04   0.184849E+02   0.000000E+00  -0.742528E+02   0.496953E-08   0.607071E-07   0.340594E-06
  1098   0.123699E+04   0.182333E+02   0.000000E+00  -0.735425E+02   0.496067E-08   0.550830E-07   0.335381E-06
  1099   0.123908E+04   0.179856E+02   0.000000E+00  -0.728151E+02   0.495183E-08   0.497313E-07   0.330157E-06
  1100   0.124110E+04   0.177418E+02   0.000000E+00  -0.720714E+02   0.494301E-08   0.446505E-07   0.324924E-06
  1101   0.124304E+04   0.175018E+02   0.000000E+00  -0.713108E+02   0.493421E-08   0.398392E-07   0.319681E-06
  1102   0.124491E+04   0.172660E+02   0.000000E+00  -0.705347E+02   0.492543E-08   0.352963E-07   0.314430E-06
  1103   0.124669E+04   0.170343E+02   0.000000E+00  -0.697425E+02   0.491667E-08   0.310208E-07   0.309171E-06
  1104   0.124841E+04   0.168068E+02   0.000000E+00  -0.689355E+02   0.490792E-08   0.270117E-07   0.303904E-06
  1105   0.125004E+04   0.165836E+02   0.000000E+00  -0.681138E+02   0.489920E-08   0.232682E-07   0.298630E-06
  1106   0.125159E+04   0.163647E+02   0.000000E+00  -0.672778E+02   0.489050E-08   0.197891E-07   0.293350E-06
  1107   0.125307E+04   0.161501E+02   0.000000E+00  -0.664279E+02   0.488182E-08   0.165736E-07   0.288064E-06
  1108   0.125445E+04   0.159401E+02   0.000000E+00  -0.655646E+02   0.487316E-08   0.136206E-07   0.282773E-06
  1109   0.125576E+04   0.157346E+02   0.000000E+00  -0.646882E+02   0.486452E-08   0.109292E-07   0.277476E-06
  1110   0.125698E+04   0.155337E+02   0.000000E+00  -0.637993E+02   0.485589E-08   0.849841E-08   0.272175E-06
  1111   0.125812E+04   0.153375E+02   0.000000E+00  -0.628983E+02   0.484729E-08   0.632726E-08   0.266870E-06
  1112   0.125917E+04   0.151460E+02   0.000000E+00  -0.619854E+02   0.483871E-08   0.441476E-08   0.261562E-06
  1113   0.126014E+04   0.149592E+02   0.000000E+00  -0.610615E+02   0.483014E-08   0.275996E-08   0.256251E-06
  1114   0.126102E+04   0.147774E+02   0.000000E+00  -0.601267E+02   0.482160E-08   0.136187E-08   0.250938E-06
  1115   0.126182E+04   0.146004E+02   0.000000E+00  -0.591815E+02   0.481308E-08   0.219514E-09   0.245623E-06
  1116   0.126252E+04   0.144284E+02   0.000000E+00  -0.582265E+02   0.480457E-08  -0.668073E-09   0.240307E-06
  1117   0.126314E+04   0.142613E+02   0.000000E+00  -0.572620E+02   0.479608E-08  -0.130187E-08   0.234990E-06
  1118   0.126367E+04   0.140993E+02   0.000000E+00  -0.562885E+02   0.478762E-08  -0.168285E-08   0.229673E-06
  1119   0.126411E+04   0.139424E+02   0.000000E+00  -0.553066E+02   0.477917E-08  -0.181198E-08   0.224356E-06
  1120   0.126445E+04   0.137905E+02   0.000000E+00  -0.543164E+02   0.477074E-08  -0.169025E-08   0.219040E-06
  1121   0.126471E+04   0.136439E+02   0.000000E+00  -0.533187E+02   0.476233E-08  -0.131861E-08   0.213725E-06
  1122   0.126487E+04   0.135024E+02   0.000000E+00  -0.523138E+02   0.475394E-08  -0.698060E-09   0.208412E-06
  1123   0.126494E+04   0.133662E+02   0.000000E+00  -0.513022E+02   0.474557E-08   0.170442E-09   0.203102E-06
  1124   0.126493E+04   0.132353E+02   0.000000E+00  -0.502843E+02   0.473722E-08   0.128592E-08   0.197794E-06
  1125   0.126482E+04   0.131096E+02   0.000000E+00  -0.492605E+02   0.472888E-08   0.264740E-08   0.192490E-06
  1126   0.126460E+04   0.129893E+02   0.000000E+00  -0.482316E+02   0.472057E-08   0.425390E-08   0.187190E-06
  1127   0.126430E+04   0.128743E+02   0.000000E+00  -0.471979E+02   0.471227E-08   0.610446E-08   0.181894E-06
  1128   0.126391E+04   0.127648E+02   0.000000E+00  -0.461601E+02   0.470399E-08   0.819810E-08   0.176604E-06
  1129   0.126342E+04   0.126607E+02   0.000000E+00  -0.451185E+02   0.469574E-08   0.105338E-07   0.171319E-06
  1130   0.126285E+04   0.125621E+02   0.000000E+00  -0.440738E+02   0.468750E-08   0.131107E-07   0.166040E-06
  1131   0.126218E+04   0.124689E+02   0.000000E+00  -0.430264E+02   0.467927E-08   0.159278E-07   0.160768E-06
  1132   0.126142E+04   0.123812E+02   0.000000E+00  -0.419769E+02   0.467107E-08   0.189840E-07   0.155502E-06
  1133   0.126056E+04   0.122990E+02   0.000000E+00  -0.409257E+02   0.466289E-08   0.222784E-07   0.150245E-06
  1134   0.125961E+04   0.122224E+02   0.000000E+00  -0.398732E+02   0.465472E-08   0.258101E-07   0.144995E-06
  1135   0.125858E+04   0.121512E+02   0.000000E+00  -0.388200E+02   0.464657E-08   0.295780E-07   0.139754E-06
  1136   0.125745E+04   0.120856E+02   0.000000E+00  -0.377664E+02   0.463844E-08   0.335812E-07   0.134523E-06
  1137   0.125622E+04   0.120256E+02   0.000000E+00  -0.367130E+02   0.463033E-08   0.378188E-07   0.129301E-06
  1138   0.125491E+04   0.119710E+02   0.000000E+00  -0.356603E+02   0.462224E-08   0.422896E-07   0.124089E-06
  1139   0.125351E+04   0.119220E+02   0.000000E+00  -0.346086E+02   0.461416E-08   0.469929E-07   0.118888E-06
  1140   0.125200E+04   0.118785E+02   0.000000E+00  -0.335585E+02   0.460611E-08   0.519275E-07   0.113699E-06
  1141   0.125042E+04   0.118405E+02   0.000000E+00  -0.325106E+02   0.459807E-08   0.570926E-07   0.108521E-06
  1142   0.124874E+04   0.118080E+02   0.000000E+00  -0.314653E+02   0.459005E-08   0.624871E-07   0.103356E-06
  1143   0.124697E+04   0.117811E+02   0.000000E+00  -0.304230E+02   0.458204E-08   0.681101E-07   0.982031E-07
  1144   0.124511E+04   0.117597E+02   0.000000E+00  -0.293844E+02   0.457406E-08   0.739606E-07   0.930640E-07
  1145   0.124316E+04   0.117438E+02   0.000000E+00  -0.283498E+02   0.456609E-08   0.800376E-07   0.879387E-07
  1146   0.124112E+04   0.117333E+02   0.000000E+00  -0.273198E+02   0.455814E-08   0.863401E-07   0.828278E-07
  1147   0.123900E+04   0.117284E+02   0.000000E+00  -0.262948E+02   0.455021E-08   0.928673E-07   0.777319E-07
  1148   0.123678E+04   0.117289E+02   0.000000E+00  -0.252752E+02   0.454230E-08   0.996180E-07   0.726515E-07
  1149   0.123448E+04   0.117347E+02   0.000000E+00  -0.242616E+02   0.453440E-08   0.106591E-06   0.675871E-07
  1150   0.123209E+04   0.117459E+02   0.000000E+00  -0.232544E+02   0.452652E-08   0.113786E-06   0.625391E-07
  1151   0.122962E+04   0.117626E+02   0.000000E+00  -0.222539E+02   0.451866E-08   0.121201E-06   0.575082E-07
  1152   0.122707E+04   0.117845E+02   0.000000E+00  -0.212608E+02   0.451082E-08   0.128831E-06   0.524945E-07
  1153   0.122443E+04   0.118118E+02   0.000000E+00  -0.202753E+02   0.450299E-08   0.136670E-06   0.474981E-07
  1154   0.122171E+04   0.118443E+02   0.000000E+00  -0.192978E+02   0.449518E-08   0.144712E-06   0.425193E-07
  1155   0.121890E+04   0.118820E+02   0.000000E+00  -0.183288E+02   0.448739E-08   0.152951E-06   0.375582E-07
  1156   0.121602E+04   0.119250E+02   0.000000E+00  -0.173686E+02   0.447962E-08   0.161381E-06   0.326149E-07
  1157   0.121305E+04   0.119731E+02   0.000000E+00  -0.164176E+02   0.447186E-08   0.169997E-06   0.276897E-07
  1158   0.121001E+04   0.120264E+02   0.000000E+00  -0.154763E+02   0.446412E-08   0.178792E-06   0.227826E-07
  1159   0.120690E+04   0.120847E+02   0.000000E+00  -0.145450E+02   0.445640E-08   0.187761E-06   0.178940E-07
  1160   0.120370E+04   0.121481E+02   0.000000E+00  -0.136241E+02   0.444870E-08   0.196898E-06   0.130238E-07
  1161   0.120044E+04   0.122165E+02   0.000000E+00  -0.127139E+02   0.444101E-08   0.206197E-06   0.817239E-08
  1162   0.119710E+04   0.122898E+02   0.000000E+00  -0.118148E+02   0.443334E-08   0.215653E-06   0.333981E-08
  1163   0.119369E+04   0.123680E+02   0.000000E+00  -0.109270E+02   0.442568E-08   0.225258E-06  -0.147376E-08
  1164   0.119021E+04   0.124511E+02   0.000000E+00  -0.100510E+02   0.441804E-08   0.235008E-06  -0.626814E-08
  1165   0.118666E+04   0.125389E+02   0.000000E+00  -0.918712E+01   0.441042E-08   0.244897E-06  -0.110432E-07
  1166   0.118303E+04   0.126314E+02   0.000000E+00  -0.833566E+01   0.440282E-08   0.254918E-06  -0.157987E-07
  1167   0.117934E+04   0.127287E+02   0.000000E+00  -0.749691E+01   0.439523E-08   0.265066E-06  -0.205345E-07
  1168   0.117558E+04   0.128305E+02   0.000000E+00  -0.667127E+01   0.438766E-08   0.275335E-06  -0.252505E-07
  1169   0.117176E+04   0.129369E+02   0.000000E+00  -0.585899E+01   0.438011E-08   0.285719E-06  -0.299464E-07
  1170   0.116788E+04   0.130477E+02   0.000000E+00  -0.506039E+01   0.437257E-08   0.296212E-06  -0.346222E-07
  1171   0.116393E+04   0.131630E+02   0.000000E+00  -0.427587E+01   0.436505E-08   0.306809E-06  -0.392776E-07
  1172   0.115993E+04   0.132827E+02   0.000000E+00  -0.350562E+01   0.435755E-08   0.317503E-06  -0.439125E-07
  1173   0.115587E+04   0.134065E+02   0.000000E+00  -0.275003E+01   0.435006E-08   0.328288E-06  -0.485268E-07
  1174   0.115174E+04   0.135347E+02   0.000000E+00  -0.200939E+01   0.434259E-08   0.339160E-06  -0.531202E-07
  1175   0.114756E+04   0.136670E+02   0.000000E+00  -0.128392E+01   0.433514E-08   0.350111E-06  -0.576926E-07
  1176   0.114333E+04   0.138033E+02   0.000000E+00  -0.573904E+00   0.432770E-08   0.361137E-06  -0.622438E-07
  1177   0.113905E+04   0.139436E+02   0.000000E+00   0.120414E+00   0.432028E-08   0.372230E-06  -0.667737E-07
  1178   0.113471E+04   0.140878E+02   0.000000E+00   0.798751E+00   0.431287E-08   0.383386E-06  -0.712821E-07
  1179   0.113032E+04   0.142359E+02   0.000000E+00   0.146086E+01   0.430548E-08   0.394598E-06  -0.757688E-07
  1180   0.112589E+04   0.143877E+02   0.000000E+00   0.210646E+01   0.429811E-08   0.405861E-06  -0.802337E-07
  1181   0.112140E+04   0.145431E+02   0.000000E+00   0.273534E+01   0.429075E-08   0.417169E-06  -0.846766E-07
  1182   0.111687E+04   0.147022E+02   0.000000E+00   0.334726E+01   0.428341E-08   0.428515E-06  -0.890973E-07
  1183   0.111230E+04   0.148647E+02   0.000000E+00   0.394198E+01   0.427609E-08   0.439894E-06  -0.934957E-07
  1184   0.110769E+04   0.150307E+02   0.000000E+00   0.451930E+01   0.426878E-08   0.451301E-06  -0.978716E-07
  1185   0.110303E+04   0.151999E+02   0.000000E+00   0.507896E+01   0.426148E-08   0.462728E-06  -0.102225E-06
  1186   0.109833E+04   0.153724E+02   0.000000E+00   0.562075E+01   0.425421E-08   0.474171E-06  -0.106555E-06
  1187   0.109360E+04   0.155480E+02   0.000000E+00   0.614445E+01   0.424695E-08   0.485624E-06  -0.110863E-06
  1188   0.108883E+04   0.157267E+02   0.000000E+00   0.664990E+01   0.423970E-08   0.497080E-06  -0.115147E-06
  1189   0.108403E+04   0.159083E+02   0.000000E+00   0.713693E+01   0.423247E-08   0.508534E-06  -0.119408E-06
  1190   0.107919E+04   0.160928E+02   0.000000E+00   0.760538E+01   0.422526E-08   0.519979E-06  -0.123645E-06
  1191   0.107433E+04   0.162799E+02   0.000000E+00   0.805512E+01   0.421806E-08   0.531411E-06  -0.127859E-06
  1192   0.106943E+04   0.164698E+02   0.000000E+00   0.848596E+01   0.421088E-08   0.542823E-06  -0.132049E-06
  1193   0.106451E+04   0.166622E+02   0.000000E+00   0.889778E+01   0.420371E-08   0.554209E-06  -0.136215E-06
  1194   0.105957E+04   0.168571E+02   0.000000E+00   0.929041E+01   0.419656E-08   0.565564E-06  -0.140357E-06
  1195   0.105461E+04   0.170543E+02   0.000000E+00   0.966373E+01   0.418942E-08   0.576881E-06  -0.144475E-06
  1196   0.104962E+04   0.172537E+02   0.000000E+00   0.100177E+02   0.418230E-08   0.588155E-06  -0.148568E-06
  1197   0.104461E+04   0.174554E+02   0.000000E+00   0.103521E+02   0.417520E-08   0.599380E-06  -0.152636E-06
  1198   0.103959E+04   0.176589E+02   0.000000E+00   0.106669E+02   0.416811E-08   0.610550E-06  -0.156680E-06
  1199   0.103455E+04   0.178646E+02   0.000000E+00   0.109619E+02   0.416103E-08   0.621659E-06  -0.160699E-06
  1200   0.102950E+04   0.180719E+02   0.000000E+00   0.112371E+02   0.415397E-08   0.632701E-06  -0.164692E-06
  1201   0.102444E+04   0.182811E+02   0.000000E+00   0.114924E+02   0.414693E-08   0.643670E-06  -0.168660E-06
  1202   0.101936E+04   0.184918E+02   0.000000E+00   0.117278E+02   0.413990E-08   0.654559E-06  -0.172602E-06
  1203   0.101428E+04   0.187041E+02   0.000000E+00   0.119432E+02   0.413288E-08   0.665360E-06  -0.176518E-06
  1204   0.100919E+04   0.189179E+02   0.000000E+00   0.121385E+02   0.412589E-08   0.676065E-06  -0.180405E-06
  1205   0.100409E+04   0.191329E+02   0.000000E+00   0.123139E+02   0.411890E-08   0.686667E-06  -0.184265E-06
  1206   0.998993E+03   0.193493E+02   0.000000E+00   0.124692E+02   0.411193E-08   0.697158E-06  -0.188095E-06
  1207   0.993890E+03   0.195667E+02   0.000000E+00   0.126044E+02   0.410498E-08   0.707531E-06  -0.191895E-06
  1208   0.988791E+03   0.197852E+02   0.000000E+00   0.127196E+02   0.409804E-08   0.717777E-06  -0.195665E-06
  1209   0.983697E+03   0.200047E+02   0.000000E+00   0.128148E+02   0.409112E-08   0.727889E-06  -0.199403E-06
  1210   0.978599E+03   0.202250E+02   0.000000E+00   0.128899E+02   0.408421E-08   0.737860E-06  -0.203109E-06
  1211   0.973506E+03   0.204461E+02   0.000000E+00   0.129451E+02   0.407731E-08   0.747681E-06  -0.206782E-06
  1212   0.968424E+03   0.206679E+02   0.000000E+00   0.129804E+02   0.407043E-08   0.757345E-06  -0.210422E-06
  1213   0.963345E+03   0.208902E+02   0.000000E+00   0.129959E+02   0.406357E-08   0.766845E-06  -0.214027E-06
  1214   0.958279E+03   0.211131E+02   0.000000E+00   0.129915E+02   0.405672E-08   0.776172E-06  -0.217596E-06
  1215   0.953231E+03   0.213363E+02   0.000000E+00   0.129673E+02   0.404988E-08   0.785319E-06  -0.221130E-06
  1216   0.948186E+03   0.215597E+02   0.000000E+00   0.129235E+02   0.404306E-08   0.794279E-06  -0.224627E-06
  1217   0.943160E+03   0.217834E+02   0.000000E+00   0.128600E+02   0.403625E-08   0.803043E-06  -0.228087E-06
  1218   0.938152E+03   0.220071E+02   0.000000E+00   0.127770E+02   0.402946E-08   0.811604E-06  -0.231508E-06
  1219   0.933163E+03   0.222307E+02   0.000000E+00   0.126745E+02   0.402268E-08   0.819955E-06  -0.234890E-06
  1220   0.928185E+03   0.224542E+02   0.000000E+00   0.125526E+02   0.401592E-08   0.828087E-06  -0.238233E-06
  1221   0.923239E+03   0.226775E+02   0.000000E+00   0.124114E+02   0.400917E-08   0.835993E-06  -0.241535E-06
  1222   0.918304E+03   0.229004E+02   0.000000E+00   0.122509E+02   0.400244E-08   0.843666E-06  -0.244795E-06
  1223   0.913402E+03   0.231228E+02   0.000000E+00   0.120714E+02   0.399572E-08   0.851097E-06  -0.248014E-06
  1224   0.908517E+03   0.233448E+02   0.000000E+00   0.118730E+02   0.398901E-08   0.858280E-06  -0.251189E-06
  1225   0.903666E+03   0.235661E+02   0.000000E+00   0.116559E+02   0.398232E-08   0.865205E-06  -0.254321E-06
  1226   0.898839E+03   0.237866E+02   0.000000E+00   0.114203E+02   0.397564E-08   0.871867E-06  -0.257409E-06
  1227   0.894045E+03   0.240063E+02   0.000000E+00   0.111662E+02   0.396898E-08   0.878256E-06  -0.260452E-06
  1228   0.889283E+03   0.242251E+02   0.000000E+00   0.108941E+02   0.396233E-08   0.884366E-06  -0.263448E-06
  1229   0.884561E+03   0.244429E+02   0.000000E+00   0.106040E+02   0.395570E-08   0.890188E-06  -0.266398E-06
  1230   0.879871E+03   0.246597E+02   0.000000E+00   0.102960E+02   0.394907E-08   0.895715E-06  -0.269301E-06
  1231   0.875213E+03   0.248751E+02   0.000000E+00   0.997037E+01   0.394247E-08   0.900940E-06  -0.272155E-06
  1232   0.870595E+03   0.250894E+02   0.000000E+00   0.962741E+01   0.393587E-08   0.905854E-06  -0.274960E-06
  1233   0.866023E+03   0.253021E+02   0.000000E+00   0.926711E+01   0.392929E-08   0.910450E-06  -0.277716E-06
  1234   0.861483E+03   0.255134E+02   0.000000E+00   0.888982E+01   0.392273E-08   0.914721E-06  -0.280421E-06
  1235   0.856990E+03   0.257230E+02   0.000000E+00   0.849560E+01   0.391618E-08   0.918658E-06  -0.283075E-06
  1236   0.852536E+03   0.259310E+02   0.000000E+00   0.808474E+01   0.390964E-08   0.922254E-06  -0.285677E-06
  1237   0.848129E+03   0.261371E+02   0.000000E+00   0.765743E+01   0.390312E-08   0.925502E-06  -0.288227E-06
  1238   0.843767E+03   0.263414E+02   0.000000E+00   0.721396E+01   0.389661E-08   0.928393E-06  -0.290722E-06
  1239   0.839452E+03   0.265437E+02   0.000000E+00   0.675454E+01   0.389011E-08   0.930920E-06  -0.293164E-06
  1240   0.835184E+03   0.267438E+02   0.000000E+00   0.627944E+01   0.388363E-08   0.933076E-06  -0.295550E-06
  1241   0.830968E+03   0.269418E+02   0.000000E+00   0.578894E+01   0.387716E-08   0.934852E-06  -0.297881E-06
  1242   0.826807E+03   0.271376E+02   0.000000E+00   0.528333E+01   0.387070E-08   0.936241E-06  -0.300154E-06
  1243   0.822691E+03   0.273309E+02   0.000000E+00   0.476282E+01   0.386426E-08   0.937235E-06  -0.302371E-06
  1244   0.818628E+03   0.275219E+02   0.000000E+00   0.422760E+01   0.385783E-08   0.937827E-06  -0.304530E-06
  1245   0.814619E+03   0.277102E+02   0.000000E+00   0.367809E+01   0.385142E-08   0.938009E-06  -0.306629E-06
  1246   0.810670E+03   0.278960E+02   0.000000E+00   0.311453E+01   0.384501E-08   0.937774E-06  -0.308669E-06
  1247   0.806774E+03   0.280790E+02   0.000000E+00   0.253719E+01   0.383862E-08   0.937113E-06  -0.310649E-06
  1248   0.802939E+03   0.282592E+02   0.000000E+00   0.194636E+01   0.383225E-08   0.936019E-06  -0.312567E-06
  1249   0.799156E+03   0.284364E+02   0.000000E+00   0.134233E+01   0.382589E-08   0.934484E-06  -0.314424E-06
  1250   0.795441E+03   0.286107E+02   0.000000E+00   0.725387E+00   0.381954E-08   0.932501E-06  -0.316218E-06
  1251   0.791778E+03   0.287820E+02   0.000000E+00   0.958809E-01   0.381320E-08   0.930066E-06  -0.317949E-06
  1252   0.788176E+03   0.289500E+02   0.000000E+00  -0.545859E+00   0.380688E-08   0.927197E-06  -0.319617E-06
  1253   0.784640E+03   0.291149E+02   0.000000E+00  -0.119951E+01   0.380057E-08   0.923914E-06  -0.321223E-06
  1254   0.781164E+03   0.292766E+02   0.000000E+00  -0.186475E+01   0.379427E-08   0.920238E-06  -0.322768E-06
  1255   0.777755E+03   0.294350E+02   0.000000E+00  -0.254124E+01   0.378799E-08   0.916191E-06  -0.324252E-06
  1256   0.774411E+03   0.295901E+02   0.000000E+00  -0.322868E+01   0.378172E-08   0.911794E-06  -0.325677E-06
  1257   0.771134E+03   0.297417E+02   0.000000E+00  -0.392674E+01   0.377547E-08   0.907068E-06  -0.327044E-06
  1258   0.767923E+03   0.298899E+02   0.000000E+00  -0.463509E+01   0.376922E-08   0.902033E-06  -0.328352E-06
  1259   0.764770E+03   0.300346E+02   0.000000E+00  -0.535341E+01   0.376299E-08   0.896711E-06  -0.329603E-06
  1260   0.761698E+03   0.301758E+02   0.000000E+00  -0.608138E+01   0.375677E-08   0.891124E-06  -0.330798E-06
  1261   0.758683E+03   0.303132E+02   0.000000E+00  -0.681867E+01   0.375057E-08   0.885292E-06  -0.331936E-06
  1262   0.755741E+03   0.304470E+02   0.000000E+00  -0.756497E+01   0.374437E-08   0.879237E-06  -0.333020E-06
  1263   0.752871E+03   0.305770E+02   0.000000E+00  -0.831996E+01   0.373819E-08   0.872980E-06  -0.334050E-06
  1264   0.750065E+03   0.307034E+02   0.000000E+00  -0.908329E+01   0.373203E-08   0.866541E-06  -0.335026E-06
  1265   0.747331E+03   0.308257E+02   0.000000E+00  -0.985461E+01   0.372587E-08   0.859942E-06  -0.335950E-06
  1266   0.744661E+03   0.309442E+02   0.000000E+00  -0.106336E+02   0.371973E-08   0.853204E-06  -0.336822E-06
  1267   0.742070E+03   0.310588E+02   0.000000E+00  -0.114198E+02   0.371360E-08   0.846348E-06  -0.337643E-06
  1268   0.739550E+03   0.311695E+02   0.000000E+00  -0.122129E+02   0.370748E-08   0.839396E-06  -0.338413E-06
  1269   0.737100E+03   0.312761E+02   0.000000E+00  -0.130126E+02   0.370138E-08   0.832369E-06  -0.339134E-06
  1270   0.734722E+03   0.313787E+02   0.000000E+00  -0.138184E+02   0.369529E-08   0.825287E-06  -0.339806E-06
  1271   0.732413E+03   0.314771E+02   0.000000E+00  -0.146301E+02   0.368921E-08   0.818172E-06  -0.340431E-06
  1272   0.730182E+03   0.315715E+02   0.000000E+00  -0.154472E+02   0.368314E-08   0.811044E-06  -0.341008E-06
  1273   0.728021E+03   0.316616E+02   0.000000E+00  -0.162693E+02   0.367709E-08   0.803926E-06  -0.341538E-06
  1274   0.725929E+03   0.317476E+02   0.000000E+00  -0.170962E+02   0.367105E-08   0.796838E-06  -0.342023E-06
  1275   0.723913E+03   0.318294E+02   0.000000E+00  -0.179274E+02   0.366502E-08   0.789802E-06  -0.342463E-06
  1276   0.721971E+03   0.319069E+02   0.000000E+00  -0.187625E+02   0.365900E-08   0.782838E-06  -0.342859E-06
  1277   0.720101E+03   0.319802E+02   0.000000E+00  -0.196012E+02   0.365299E-08   0.775967E-06  -0.343212E-06
  1278   0.718306E+03   0.320491E+02   0.000000E+00  -0.204431E+02   0.364700E-08   0.769212E-06  -0.343522E-06
  1279   0.716583E+03   0.321137E+02   0.000000E+00  -0.212879E+02   0.364102E-08   0.762592E-06  -0.343790E-06
  1280   0.714933E+03   0.321739E+02   0.000000E+00  -0.221350E+02   0.363505E-08   0.756129E-06  -0.344017E-06
  1281   0.713357E+03   0.322297E+02   0.000000E+00  -0.229843E+02   0.362909E-08   0.749845E-06  -0.344204E-06
  1282   0.711854E+03   0.322810E+02   0.000000E+00  -0.238353E+02   0.362315E-08   0.743760E-06  -0.344352E-06
  1283   0.710423E+03   0.323280E+02   0.000000E+00  -0.246876E+02   0.361722E-08   0.737895E-06  -0.344461E-06
  1284   0.709065E+03   0.323704E+02   0.000000E+00  -0.255408E+02   0.361130E-08   0.732272E-06  -0.344532E-06
  1285   0.707780E+03   0.324082E+02   0.000000E+00  -0.263946E+02   0.360539E-08   0.726912E-06  -0.344566E-06
  1286   0.706568E+03   0.324416E+02   0.000000E+00  -0.272486E+02   0.359949E-08   0.721836E-06  -0.344563E-06
  1287   0.705427E+03   0.324705E+02   0.000000E+00  -0.281023E+02   0.359361E-08   0.717065E-06  -0.344525E-06
  1288   0.704359E+03   0.324948E+02   0.000000E+00  -0.289554E+02   0.358774E-08   0.712620E-06  -0.344452E-06
  1289   0.703361E+03   0.325146E+02   0.000000E+00  -0.298075E+02   0.358188E-08   0.708522E-06  -0.344345E-06
  1290   0.702437E+03   0.325299E+02   0.000000E+00  -0.306582E+02   0.357603E-08   0.704793E-06  -0.344204E-06
  1291   0.701583E+03   0.325406E+02   0.000000E+00  -0.315071E+02   0.357019E-08   0.701453E-06  -0.344031E-06
  1292   0.700800E+03   0.325469E+02   0.000000E+00  -0.323539E+02   0.356436E-08   0.698524E-06  -0.343827E-06
  1293   0.700087E+03   0.325487E+02   0.000000E+00  -0.331980E+02   0.355855E-08   0.696027E-06  -0.343591E-06
  1294   0.699446E+03   0.325459E+02   0.000000E+00  -0.340393E+02   0.355275E-08   0.693983E-06  -0.343325E-06
  1295   0.698873E+03   0.325387E+02   0.000000E+00  -0.348772E+02   0.354696E-08   0.692413E-06  -0.343030E-06
  1296   0.698369E+03   0.325269E+02   0.000000E+00  -0.357114E+02   0.354118E-08   0.691339E-06  -0.342706E-06
  1297   0.697934E+03   0.325106E+02   0.000000E+00  -0.365416E+02   0.353541E-08   0.690781E-06  -0.342354E-06
  1298   0.697567E+03   0.324898E+02   0.000000E+00  -0.373673E+02   0.352966E-08   0.690760E-06  -0.341975E-06
  1299   0.697267E+03   0.324644E+02   0.000000E+00  -0.381883E+02   0.352391E-08   0.691298E-06  -0.341570E-06
  1300   0.697034E+03   0.324346E+02   0.000000E+00  -0.390041E+02   0.351818E-08   0.692416E-06  -0.341139E-06
  1301   0.696867E+03   0.324002E+02   0.000000E+00  -0.398144E+02   0.351246E-08   0.694127E-06  -0.340684E-06
  1302   0.696766E+03   0.323615E+02   0.000000E+00  -0.406188E+02   0.350675E-08   0.696411E-06  -0.340203E-06
  1303   0.696729E+03   0.323183E+02   0.000000E+00  -0.414172E+02   0.350105E-08   0.699240E-06  -0.339697E-06
  1304   0.696756E+03   0.322706E+02   0.000000E+00  -0.422090E+02   0.349536E-08   0.702585E-06  -0.339166E-06
  1305   0.696848E+03   0.322187E+02   0.000000E+00  -0.429941E+02   0.348968E-08   0.706420E-06  -0.338609E-06
  1306   0.697002E+03   0.321623E+02   0.000000E+00  -0.437720E+02   0.348402E-08   0.710715E-06  -0.338026E-06
  1307   0.697218E+03   0.321016E+02   0.000000E+00  -0.445426E+02   0.347836E-08   0.715442E-06  -0.337417E-06
  1308   0.697496E+03   0.320367E+02   0.000000E+00  -0.453056E+02   0.347272E-08   0.720575E-06  -0.336781E-06
  1309   0.697835E+03   0.319674E+02   0.000000E+00  -0.460606E+02   0.346709E-08   0.726084E-06  -0.336119E-06
  1310   0.698234E+03   0.318938E+02   0.000000E+00  -0.468072E+02   0.346147E-08   0.731942E-06  -0.335431E-06
  1311   0.698691E+03   0.318160E+02   0.000000E+00  -0.475453E+02   0.345586E-08   0.738120E-06  -0.334715E-06
  1312   0.699207E+03   0.317340E+02   0.000000E+00  -0.482745E+02   0.345026E-08   0.744590E-06  -0.333972E-06
  1313   0.699781E+03   0.316478E+02   0.000000E+00  -0.489945E+02   0.344467E-08   0.751325E-06  -0.333201E-06
  1314   0.700410E+03   0.315575E+02   0.000000E+00  -0.497052E+02   0.343910E-08   0.758296E-06  -0.332403E-06
  1315   0.701095E+03   0.314631E+02   0.000000E+00  -0.504060E+02   0.343353E-08   0.765476E-06  -0.331577E-06
  1316   0.701835E+03   0.313646E+02   0.000000E+00  -0.510969E+02   0.342798E-08   0.772836E-06  -0.330722E-06
  1317   0.702629E+03   0.312622E+02   0.000000E+00  -0.517776E+02   0.342243E-08   0.780348E-06  -0.329840E-06
  1318   0.703475E+03   0.311558E+02   0.000000E+00  -0.524477E+02   0.341690E-08   0.787985E-06  -0.328929E-06
  1319   0.704373E+03   0.310457E+02   0.000000E+00  -0.531071E+02   0.341138E-08   0.795717E-06  -0.327989E-06
  1320   0.705321E+03   0.309317E+02   0.000000E+00  -0.537555E+02   0.340587E-08   0.803518E-06  -0.327019E-06
  1321   0.706320E+03   0.308140E+02   0.000000E+00  -0.543926E+02   0.340037E-08   0.811358E-06  -0.326021E-06
  1322   0.707368E+03   0.306926E+02   0.000000E+00  -0.550183E+02   0.339488E-08   0.819211E-06  -0.324993E-06
  1323   0.708463E+03   0.305676E+02   0.000000E+00  -0.556321E+02   0.338940E-08   0.827047E-06  -0.323936E-06
  1324   0.709605E+03   0.304390E+02   0.000000E+00  -0.562340E+02   0.338393E-08   0.834840E-06  -0.322848E-06
  1325   0.710791E+03   0.303067E+02   0.000000E+00  -0.568236E+02   0.337847E-08   0.842560E-06  -0.321731E-06
  1326   0.712022E+03   0.301710E+02   0.000000E+00  -0.574008E+02   0.337303E-08   0.850180E-06  -0.320583E-06
  1327   0.713297E+03   0.300319E+02   0.000000E+00  -0.579653E+02   0.336759E-08   0.857672E-06  -0.319404E-06
  1328   0.714613E+03   0.298893E+02   0.000000E+00  -0.585168E+02   0.336216E-08   0.865007E-06  -0.318195E-06
  1329   0.715969E+03   0.297434E+02   0.000000E+00  -0.590552E+02   0.335675E-08   0.872158E-06  -0.316954E-06
  1330   0.717366E+03   0.295942E+02   0.000000E+00  -0.595804E+02   0.335134E-08   0.879097E-06  -0.315683E-06
  1331   0.718800E+03   0.294419E+02   0.000000E+00  -0.600920E+02   0.334595E-08   0.885795E-06  -0.314379E-06
  1332   0.720271E+03   0.292863E+02   0.000000E+00  -0.605899E+02   0.334057E-08   0.892225E-06  -0.313044E-06
  1333   0.721778E+03   0.291277E+02   0.000000E+00  -0.610739E+02   0.333519E-08   0.898359E-06  -0.311677E-06
  1334   0.723320E+03   0.289662E+02   0.000000E+00  -0.615438E+02   0.332983E-08   0.904167E-06  -0.310278E-06
  1335   0.724894E+03   0.288016E+02   0.000000E+00  -0.619993E+02   0.332448E-08   0.909624E-06  -0.308847E-06
  1336   0.726500E+03   0.286342E+02   0.000000E+00  -0.624404E+02   0.331913E-08   0.914699E-06  -0.307383E-06
  1337   0.728137E+03   0.284640E+02   0.000000E+00  -0.628670E+02   0.331380E-08   0.919366E-06  -0.305886E-06
  1338   0.729803E+03   0.282912E+02   0.000000E+00  -0.632787E+02   0.330848E-08   0.923596E-06  -0.304356E-06
  1339   0.731497E+03   0.281156E+02   0.000000E+00  -0.636755E+02   0.330317E-08   0.927361E-06  -0.302793E-06
  1340   0.733217E+03   0.279375E+02   0.000000E+00  -0.640573E+02   0.329787E-08   0.930633E-06  -0.301196E-06
  1341   0.734963E+03   0.277568E+02   0.000000E+00  -0.644238E+02   0.329258E-08   0.933385E-06  -0.299565E-06
  1342   0.736732E+03   0.275738E+02   0.000000E+00  -0.647749E+02   0.328730E-08   0.935588E-06  -0.297901E-06
  1343   0.738524E+03   0.273883E+02   0.000000E+00  -0.651105E+02   0.328202E-08   0.937213E-06  -0.296202E-06
  1344   0.740336E+03   0.272006E+02   0.000000E+00  -0.654304E+02   0.327676E-08   0.938234E-06  -0.294469E-06
  1345   0.742167E+03   0.270106E+02   0.000000E+00  -0.657345E+02   0.327151E-08   0.938621E-06  -0.292702E-06
  1346   0.744017E+03   0.268185E+02   0.000000E+00  -0.660226E+02   0.326627E-08   0.938348E-06  -0.290899E-06
  1347   0.745883E+03   0.266243E+02   0.000000E+00  -0.662948E+02   0.326104E-08   0.937385E-06  -0.289061E-06
  1348   0.747764E+03   0.264281E+02   0.000000E+00  -0.665507E+02   0.325582E-08   0.935705E-06  -0.287189E-06
  1349   0.749659E+03   0.262300E+02   0.000000E+00  -0.667903E+02   0.325061E-08   0.933280E-06  -0.285280E-06
  1350   0.751566E+03   0.260301E+02   0.000000E+00  -0.670137E+02   0.324541E-08   0.930081E-06  -0.283336E-06
  1351   0.753484E+03   0.258284E+02   0.000000E+00  -0.672207E+02   0.324022E-08   0.926095E-06  -0.281356E-06
  1352   0.755412E+03   0.256251E+02   0.000000E+00  -0.674113E+02   0.323504E-08   0.921362E-06  -0.279341E-06
  1353   0.757350E+03   0.254202E+02   0.000000E+00  -0.675856E+02   0.322986E-08   0.915936E-06  -0.277293E-06
  1354   0.759289E+03   0.252140E+02   0.000000E+00  -0.677435E+02   0.322470E-08   0.909871E-06  -0.275213E-06
  1355   0.761240E+03   0.250063E+02   0.000000E+00  -0.678848E+02   0.321955E-08   0.903222E-06  -0.273102E-06
  1356   0.763197E+03   0.247973E+02   0.000000E+00  -0.680098E+02   0.321441E-08   0.896044E-06  -0.270961E-06
  1357   0.765157E+03   0.245872E+02   0.000000E+00  -0.681182E+02   0.320928E-08   0.888389E-06  -0.268792E-06
  1358   0.767123E+03   0.243758E+02   0.000000E+00  -0.682101E+02   0.320415E-08   0.880313E-06  -0.266595E-06
  1359   0.769086E+03   0.241634E+02   0.000000E+00  -0.682856E+02   0.319904E-08   0.871870E-06  -0.264373E-06
  1360   0.771046E+03   0.239500E+02   0.000000E+00  -0.683444E+02   0.319394E-08   0.863114E-06  -0.262126E-06
  1361   0.773004E+03   0.237357E+02   0.000000E+00  -0.683867E+02   0.318884E-08   0.854099E-06  -0.259856E-06
  1362   0.774968E+03   0.235205E+02   0.000000E+00  -0.684125E+02   0.318376E-08   0.844879E-06  -0.257564E-06
  1363   0.776921E+03   0.233045E+02   0.000000E+00  -0.684217E+02   0.317868E-08   0.835510E-06  -0.255251E-06
  1364   0.778872E+03   0.230878E+02   0.000000E+00  -0.684144E+02   0.317362E-08   0.826045E-06  -0.252918E-06
  1365   0.780821E+03   0.228706E+02   0.000000E+00  -0.683906E+02   0.316856E-08   0.816538E-06  -0.250567E-06
  1366   0.782752E+03   0.226528E+02   0.000000E+00  -0.683504E+02   0.316352E-08   0.807043E-06  -0.248200E-06
  1367   0.784682E+03   0.224345E+02   0.000000E+00  -0.682938E+02   0.315848E-08   0.797616E-06  -0.245816E-06
  1368   0.786603E+03   0.222158E+02   0.000000E+00  -0.682209E+02   0.315345E-08   0.788310E-06  -0.243418E-06
  1369   0.788506E+03   0.219970E+02   0.000000E+00  -0.681316E+02   0.314844E-08   0.779179E-06  -0.241006E-06
  1370   0.790408E+03   0.217779E+02   0.000000E+00  -0.680262E+02   0.314343E-08   0.770278E-06  -0.238583E-06
  1371   0.792285E+03   0.215586E+02   0.000000E+00  -0.679046E+02   0.313843E-08   0.761660E-06  -0.236149E-06
  1372   0.794154E+03   0.213395E+02   0.000000E+00  -0.677670E+02   0.313344E-08   0.753381E-06  -0.233705E-06
  1373   0.796005E+03   0.211203E+02   0.000000E+00  -0.676134E+02   0.312846E-08   0.745495E-06  -0.231254E-06
  1374   0.797841E+03   0.209012E+02   0.000000E+00  -0.674440E+02   0.312349E-08   0.738055E-06  -0.228795E-06
  1375   0.799652E+03   0.206824E+02   0.000000E+00  -0.672588E+02   0.311853E-08   0.731116E-06  -0.226331E-06
  1376   0.801447E+03   0.204640E+02   0.000000E+00  -0.670579E+02   0.311357E-08   0.724733E-06  -0.223862E-06
  1377   0.803226E+03   0.202458E+02   0.000000E+00  -0.668415E+02   0.310863E-08   0.718959E-06  -0.221391E-06
  1378   0.804981E+03   0.200282E+02   0.000000E+00  -0.666096E+02   0.310370E-08   0.713849E-06  -0.218917E-06
  1379   0.806713E+03   0.198111E+02   0.000000E+00  -0.663623E+02   0.309877E-08   0.709456E-06  -0.216443E-06
  1380   0.808414E+03   0.195946E+02   0.000000E+00  -0.660997E+02   0.309386E-08   0.705837E-06  -0.213969E-06
  1381   0.810098E+03   0.193787E+02   0.000000E+00  -0.658220E+02   0.308895E-08   0.703043E-06  -0.211498E-06
  1382   0.811752E+03   0.191637E+02   0.000000E+00  -0.655292E+02   0.308405E-08   0.701131E-06  -0.209029E-06
  1383   0.813375E+03   0.189494E+02   0.000000E+00  -0.652213E+02   0.307916E-08   0.700154E-06  -0.206565E-06
  1384   0.814968E+03   0.187361E+02   0.000000E+00  -0.648987E+02   0.307428E-08   0.700166E-06  -0.204107E-06
  1385   0.816537E+03   0.185238E+02   0.000000E+00  -0.645614E+02   0.306941E-08   0.701221E-06  -0.201656E-06
  1386   0.818076E+03   0.183125E+02   0.000000E+00  -0.642099E+02   0.306455E-08   0.703375E-06  -0.199213E-06
  1387   0.819576E+03   0.181025E+02   0.000000E+00  -0.638441E+02   0.305970E-08   0.706680E-06  -0.196779E-06
  1388   0.821047E+03   0.178937E+02   0.000000E+00  -0.634643E+02   0.305486E-08   0.711192E-06  -0.194357E-06
  1389   0.822479E+03   0.176863E+02   0.000000E+00  -0.630708E+02   0.305002E-08   0.716965E-06  -0.191946E-06
  1390   0.823881E+03   0.174803E+02   0.000000E+00  -0.626636E+02   0.304520E-08   0.724052E-06  -0.189549E-06
  1391   0.825246E+03   0.172758E+02   0.000000E+00  -0.622431E+02   0.304038E-08   0.732509E-06  -0.187166E-06
  1392   0.826573E+03   0.170729E+02   0.000000E+00  -0.618094E+02   0.303557E-08   0.742389E-06  -0.184799E-06
  1393   0.827870E+03   0.168717E+02   0.000000E+00  -0.613626E+02   0.303077E-08   0.753747E-06  -0.182449E-06
  1394   0.829122E+03   0.166721E+02   0.000000E+00  -0.609030E+02   0.302598E-08   0.766637E-06  -0.180117E-06
  1395   0.830329E+03   0.164744E+02   0.000000E+00  -0.604307E+02   0.302120E-08   0.781113E-06  -0.177805E-06
  1396   0.831498E+03   0.162784E+02   0.000000E+00  -0.599459E+02   0.301643E-08   0.797229E-06  -0.175514E-06
  1397   0.832631E+03   0.160845E+02   0.000000E+00  -0.594489E+02   0.301167E-08   0.815040E-06  -0.173245E-06
  1398   0.833711E+03   0.158925E+02   0.000000E+00  -0.589398E+02   0.300691E-08   0.834601E-06  -0.171000E-06
  1399   0.834755E+03   0.157026E+02   0.000000E+00  -0.584189E+02   0.300217E-08   0.855964E-06  -0.168779E-06
  1400   0.835746E+03   0.155149E+02   0.000000E+00  -0.578865E+02   0.299743E-08   0.879185E-06  -0.166584E-06
  1401   0.836700E+03   0.153293E+02   0.000000E+00  -0.573428E+02   0.299270E-08   0.904300E-06  -0.164416E-06
  1402   0.837603E+03   0.151460E+02   0.000000E+00  -0.567880E+02   0.298798E-08   0.931272E-06  -0.162274E-06
  1403   0.838462E+03   0.149650E+02   0.000000E+00  -0.562223E+02   0.298327E-08   0.960049E-06  -0.160157E-06
  1404   0.839276E+03   0.147864E+02   0.000000E+00  -0.556461E+02   0.297856E-08   0.990577E-06  -0.158064E-06
  1405   0.840040E+03   0.146103E+02   0.000000E+00  -0.550594E+02   0.297387E-08   0.102280E-05  -0.155994E-06
  1406   0.840753E+03   0.144366E+02   0.000000E+00  -0.544625E+02   0.296918E-08   0.105667E-05  -0.153945E-06
  1407   0.841414E+03   0.142655E+02   0.000000E+00  -0.538557E+02   0.296451E-08   0.109213E-05  -0.151917E-06
  1408   0.842033E+03   0.140969E+02   0.000000E+00  -0.532390E+02   0.295984E-08   0.112912E-05  -0.149908E-06
  1409   0.842594E+03   0.139310E+02   0.000000E+00  -0.526129E+02   0.295518E-08   0.116759E-05  -0.147918E-06
  1410   0.843112E+03   0.137677E+02   0.000000E+00  -0.519776E+02   0.295053E-08   0.120749E-05  -0.145945E-06
  1411   0.843573E+03   0.136072E+02   0.000000E+00  -0.513331E+02   0.294588E-08   0.124877E-05  -0.143988E-06
  1412   0.843984E+03   0.134495E+02   0.000000E+00  -0.506799E+02   0.294125E-08   0.129137E-05  -0.142047E-06
  1413   0.844338E+03   0.132946E+02   0.000000E+00  -0.500181E+02   0.293662E-08   0.133523E-05  -0.140119E-06
  1414   0.844643E+03   0.131426E+02   0.000000E+00  -0.493483E+02   0.293200E-08   0.138031E-05  -0.138204E-06
  1415   0.844891E+03   0.129934E+02   0.000000E+00  -0.486704E+02   0.292739E-08   0.142655E-05  -0.136301E-06
  1416   0.845089E+03   0.128473E+02   0.000000E+00  -0.479850E+02   0.292279E-08   0.147389E-05  -0.134408E-06
  1417   0.845232E+03   0.127041E+02   0.000000E+00  -0.472921E+02   0.291820E-08   0.152229E-05  -0.132525E-06
  1418   0.845326E+03   0.125641E+02   0.000000E+00  -0.465923E+02   0.291361E-08   0.157168E-05  -0.130650E-06
  1419   0.845364E+03   0.124271E+02   0.000000E+00  -0.458857E+02   0.290904E-08   0.162202E-05  -0.128783E-06
  1420   0.845346E+03   0.122933E+02   0.000000E+00  -0.451726E+02   0.290447E-08   0.167325E-05  -0.126922E-06
  1421   0.845272E+03   0.121627E+02   0.000000E+00  -0.444533E+02   0.289991E-08   0.172531E-05  -0.125066E-06
  1422   0.845144E+03   0.120353E+02   0.000000E+00  -0.437280E+02   0.289536E-08   0.177816E-05  -0.123214E-06
  1423   0.844967E+03   0.119110E+02   0.000000E+00  -0.429970E+02   0.289081E-08   0.183174E-05  -0.121365E-06
  1424   0.844728E+03   0.117901E+02   0.000000E+00  -0.422606E+02   0.288628E-08   0.188600E-05  -0.119518E-06
  1425   0.844435E+03   0.116725E+02   0.000000E+00  -0.415192E+02   0.288175E-08   0.194088E-05  -0.117672E-06
  1426   0.844086E+03   0.115583E+02   0.000000E+00  -0.407729E+02   0.287723E-08   0.199632E-05  -0.115825E-06
  1427   0.843676E+03   0.114473E+02   0.000000E+00  -0.400221E+02   0.287272E-08   0.205228E-05  -0.113976E-06
  1428   0.843212E+03   0.113398E+02   0.000000E+00  -0.392669E+02   0.286822E-08   0.210870E-05  -0.112125E-06
  1429   0.842694E+03   0.112357E+02   0.000000E+00  -0.385079E+02   0.286372E-08   0.216553E-05  -0.110271E-06
  1430   0.842121E+03   0.111350E+02   0.000000E+00  -0.377452E+02   0.285924E-08   0.222272E-05  -0.108411E-06
  1431   0.841488E+03   0.110378E+02   0.000000E+00  -0.369792E+02   0.285476E-08   0.228020E-05  -0.106546E-06
  1432   0.840801E+03   0.109441E+02   0.000000E+00  -0.362102E+02   0.285029E-08   0.233793E-05  -0.104673E-06
  1433   0.840054E+03   0.108539E+02   0.000000E+00  -0.354383E+02   0.284582E-08   0.239585E-05  -0.102793E-06
  1434   0.839253E+03   0.107672E+02   0.000000E+00  -0.346640E+02   0.284137E-08   0.245391E-05  -0.100903E-06
  1435   0.838392E+03   0.106841E+02   0.000000E+00  -0.338876E+02   0.283692E-08   0.251205E-05  -0.990028E-07
  1436   0.837479E+03   0.106046E+02   0.000000E+00  -0.331094E+02   0.283248E-08   0.257023E-05  -0.970912E-07
  1437   0.836505E+03   0.105285E+02   0.000000E+00  -0.323296E+02   0.282805E-08   0.262838E-05  -0.951672E-07
  1438   0.835472E+03   0.104562E+02   0.000000E+00  -0.315486E+02   0.282363E-08   0.268646E-05  -0.932294E-07
  1439   0.834386E+03   0.103874E+02   0.000000E+00  -0.307667E+02   0.281922E-08   0.274440E-05  -0.912769E-07
  1440   0.833249E+03   0.103222E+02   0.000000E+00  -0.299842E+02   0.281481E-08   0.280217E-05  -0.893086E-07
  1441   0.832052E+03   0.102607E+02   0.000000E+00  -0.292013E+02   0.281041E-08   0.285969E-05  -0.873233E-07
  1442   0.830796E+03   0.102028E+02   0.000000E+00  -0.284184E+02   0.280602E-08   0.291693E-05  -0.853199E-07
  1443   0.829481E+03   0.101484E+02   0.000000E+00  -0.276358E+02   0.280163E-08   0.297382E-05  -0.832974E-07
  1444   0.828116E+03   0.100978E+02   0.000000E+00  -0.268538E+02   0.279726E-08   0.303031E-05  -0.812546E-07
  1445   0.826691E+03   0.100507E+02   0.000000E+00  -0.260726E+02   0.279289E-08   0.308635E-05  -0.791905E-07
  1446   0.825209E+03   0.100074E+02   0.000000E+00  -0.252925E+02   0.278853E-08   0.314188E-05  -0.771039E-07
  1447   0.823676E+03   0.996762E+01   0.000000E+00  -0.245140E+02   0.278418E-08   0.319686E-05  -0.749937E-07
  1448   0.822084E+03   0.993150E+01   0.000000E+00  -0.237372E+02   0.277983E-08   0.325122E-05  -0.728588E-07
  1449   0.820436E+03   0.989907E+01   0.000000E+00  -0.229627E+02   0.277550E-08   0.330491E-05  -0.706982E-07
  1450   0.818737E+03   0.987023E+01   0.000000E+00  -0.221904E+02   0.277117E-08   0.335788E-05  -0.685106E-07
  1451   0.816988E+03   0.984505E+01   0.000000E+00  -0.214210E+02   0.276685E-08   0.341008E-05  -0.662953E-07
  1452   0.815182E+03   0.982345E+01   0.000000E+00  -0.206546E+02   0.276253E-08   0.346143E-05  -0.640522E-07
  1453   0.813319E+03   0.980549E+01   0.000000E+00  -0.198915E+02   0.275822E-08   0.351188E-05  -0.617813E-07
  1454   0.811406E+03   0.979116E+01   0.000000E+00  -0.191319E+02   0.275393E-08   0.356136E-05  -0.594829E-07
  1455   0.809444E+03   0.978038E+01   0.000000E+00  -0.183761E+02   0.274963E-08   0.360981E-05  -0.571572E-07
  1456   0.807433E+03   0.977320E+01   0.000000E+00  -0.176243E+02   0.274535E-08   0.365715E-05  -0.548041E-07
  1457   0.805372E+03   0.976962E+01   0.000000E+00  -0.168767E+02   0.274107E-08   0.370333E-05  -0.524240E-07
  1458   0.803256E+03   0.976948E+01   0.000000E+00  -0.161337E+02   0.273681E-08   0.374828E-05  -0.500170E-07
  1459   0.801090E+03   0.977292E+01   0.000000E+00  -0.153953E+02   0.273255E-08   0.379193E-05  -0.475832E-07
  1460   0.798875E+03   0.977992E+01   0.000000E+00  -0.146620E+02   0.272829E-08   0.383423E-05  -0.451227E-07
  1461   0.796612E+03   0.979033E+01   0.000000E+00  -0.139338E+02   0.272405E-08   0.387509E-05  -0.426358E-07
  1462   0.794301E+03   0.980421E+01   0.000000E+00  -0.132111E+02   0.271981E-08   0.391447E-05  -0.401225E-07
  1463   0.791941E+03   0.982156E+01   0.000000E+00  -0.124941E+02   0.271558E-08   0.395229E-05  -0.375831E-07
  1464   0.789532E+03   0.984227E+01   0.000000E+00  -0.117829E+02   0.271135E-08   0.398849E-05  -0.350176E-07
  1465   0.787076E+03   0.986643E+01   0.000000E+00  -0.110779E+02   0.270713E-08   0.402300E-05  -0.324262E-07
  1466   0.784579E+03   0.989394E+01   0.000000E+00  -0.103793E+02   0.270293E-08   0.405576E-05  -0.298091E-07
  1467   0.782034E+03   0.992472E+01   0.000000E+00  -0.968722E+01   0.269872E-08   0.408671E-05  -0.271665E-07
  1468   0.779449E+03   0.995891E+01   0.000000E+00  -0.900203E+01   0.269453E-08   0.411577E-05  -0.244984E-07
  1469   0.776817E+03   0.999627E+01   0.000000E+00  -0.832391E+01   0.269034E-08   0.414289E-05  -0.218050E-07
  1470   0.774137E+03   0.100369E+02   0.000000E+00  -0.765298E+01   0.268616E-08   0.416799E-05  -0.190865E-07
  1471   0.771424E+03   0.100808E+02   0.000000E+00  -0.698957E+01   0.268199E-08   0.419102E-05  -0.163430E-07
  1472   0.768664E+03   0.101278E+02   0.000000E+00  -0.633381E+01   0.267783E-08   0.421190E-05  -0.135747E-07
  1473   0.765857E+03   0.101779E+02   0.000000E+00  -0.568596E+01   0.267367E-08   0.423058E-05  -0.107817E-07
  1474   0.763018E+03   0.102312E+02   0.000000E+00  -0.504622E+01   0.266952E-08   0.424699E-05  -0.796420E-08
  1475   0.760132E+03   0.102875E+02   0.000000E+00  -0.441486E+01   0.266538E-08   0.426106E-05  -0.512231E-08
  1476   0.757214E+03   0.103468E+02   0.000000E+00  -0.379192E+01   0.266124E-08   0.427272E-05  -0.225621E-08
  1477   0.754257E+03   0.104091E+02   0.000000E+00  -0.317774E+01   0.265711E-08   0.428192E-05   0.633973E-09
  1478   0.751262E+03   0.104743E+02   0.000000E+00  -0.257244E+01   0.265299E-08   0.428859E-05   0.354808E-08
  1479   0.748234E+03   0.105424E+02   0.000000E+00  -0.197621E+01   0.264888E-08   0.429265E-05   0.648595E-08
  1480   0.745168E+03   0.106133E+02   0.000000E+00  -0.138926E+01   0.264477E-08   0.429406E-05   0.944744E-08
  1481   0.742071E+03   0.106871E+02   0.000000E+00  -0.811780E+00   0.264067E-08   0.429273E-05   0.124324E-07
  1482   0.738935E+03   0.107636E+02   0.000000E+00  -0.243942E+00   0.263658E-08   0.428862E-05   0.154407E-07
  1483   0.735768E+03   0.108428E+02   0.000000E+00   0.314107E+00   0.263249E-08   0.428164E-05   0.184721E-07
  1484   0.732578E+03   0.109247E+02   0.000000E+00   0.862185E+00   0.262841E-08   0.427174E-05   0.215266E-07
  1485   0.729349E+03   0.110091E+02   0.000000E+00   0.140013E+01   0.262434E-08   0.425886E-05   0.246039E-07
  1486   0.726098E+03   0.110961E+02   0.000000E+00   0.192779E+01   0.262028E-08   0.424291E-05   0.277040E-07
  1487   0.722808E+03   0.111856E+02   0.000000E+00   0.244499E+01   0.261622E-08   0.422385E-05   0.308266E-07
  1488   0.719496E+03   0.112775E+02   0.000000E+00   0.295157E+01   0.261217E-08   0.420161E-05   0.339717E-07
  1489   0.716161E+03   0.113718E+02   0.000000E+00   0.344739E+01   0.260812E-08   0.417612E-05   0.371389E-07
  1490   0.712792E+03   0.114685E+02   0.000000E+00   0.393231E+01   0.260409E-08   0.414731E-05   0.403284E-07
  1491   0.709401E+03   0.115674E+02   0.000000E+00   0.440618E+01   0.260006E-08   0.411513E-05   0.435397E-07
  1492   0.705985E+03   0.116685E+02   0.000000E+00   0.486888E+01   0.259604E-08   0.407949E-05   0.467729E-07
  1493   0.702547E+03   0.117718E+02   0.000000E+00   0.532024E+01   0.259202E-08   0.404036E-05   0.500278E-07
  1494   0.699086E+03   0.118771E+02   0.000000E+00   0.576015E+01   0.258801E-08   0.399764E-05   0.533041E-07
  1495   0.695604E+03   0.119845E+02   0.000000E+00   0.618846E+01   0.258401E-08   0.395129E-05   0.566019E-07
  1496   0.692101E+03   0.120939E+02   0.000000E+00   0.660506E+01   0.258002E-08   0.390123E-05   0.599208E-07
  1497   0.688580E+03   0.122052E+02   0.000000E+00   0.700987E+01   0.257603E-08   0.384740E-05   0.632608E-07
  1498   0.685039E+03   0.123183E+02   0.000000E+00   0.740277E+01   0.257205E-08   0.378974E-05   0.666217E-07
  1499   0.681482E+03   0.124332E+02   0.000000E+00   0.778366E+01   0.256807E-08   0.372817E-05   0.700033E-07
  1500   0.677909E+03   0.125498E+02   0.000000E+00   0.815245E+01   0.256411E-08   0.366264E-05   0.734056E-07
  1501   0.674320E+03   0.126681E+02   0.000000E+00   0.850902E+01   0.256015E-08   0.359313E-05   0.768278E-07
  1502   0.670719E+03   0.127879E+02   0.000000E+00   0.885332E+01   0.255619E-08   0.351980E-05   0.802672E-07
  1503   0.667103E+03   0.129093E+02   0.000000E+00   0.918525E+01   0.255225E-08   0.344288E-05   0.837207E-07
  1504   0.663475E+03   0.130321E+02   0.000000E+00   0.950478E+01   0.254831E-08   0.336258E-05   0.871849E-07
  1505   0.659836E+03   0.131565E+02   0.000000E+00   0.981183E+01   0.254437E-08   0.327911E-05   0.906567E-07
  1506   0.656186E+03   0.132821E+02   0.000000E+00   0.101064E+02   0.254045E-08   0.319269E-05   0.941328E-07
  1507   0.652526E+03   0.134090E+02   0.000000E+00   0.103883E+02   0.253653E-08   0.310355E-05   0.976100E-07
  1508   0.648856E+03   0.135372E+02   0.000000E+00   0.106576E+02   0.253262E-08   0.301189E-05   0.101085E-06
  1509   0.645179E+03   0.136666E+02   0.000000E+00   0.109142E+02   0.252871E-08   0.291793E-05   0.104555E-06
  1510   0.641494E+03   0.137970E+02   0.000000E+00   0.111581E+02   0.252481E-08   0.282190E-05   0.108016E-06
  1511   0.637803E+03   0.139285E+02   0.000000E+00   0.113892E+02   0.252092E-08   0.272399E-05   0.111465E-06
  1512   0.634108E+03   0.140611E+02   0.000000E+00   0.116077E+02   0.251703E-08   0.262444E-05   0.114900E-06
  1513   0.630408E+03   0.141946E+02   0.000000E+00   0.118135E+02   0.251315E-08   0.252346E-05   0.118316E-06
  1514   0.626706E+03   0.143288E+02   0.000000E+00   0.120065E+02   0.250928E-08   0.242127E-05   0.121710E-06
  1515   0.623002E+03   0.144640E+02   0.000000E+00   0.121869E+02   0.250541E-08   0.231808E-05   0.125080E-06
  1516   0.619298E+03   0.146000E+02   0.000000E+00   0.123545E+02   0.250155E-08   0.221410E-05   0.128422E-06
  1517   0.615595E+03   0.147366E+02   0.000000E+00   0.125094E+02   0.249770E-08   0.210957E-05   0.131733E-06
  1518   0.611893E+03   0.148738E+02   0.000000E+00   0.126516E+02   0.249385E-08   0.200468E-05   0.135009E-06
  1519   0.608193E+03   0.150115E+02   0.000000E+00   0.127812E+02   0.249001E-08   0.189966E-05   0.138248E-06
  1520   0.604497E+03   0.151498E+02   0.000000E+00   0.128980E+02   0.248618E-08   0.179473E-05   0.141446E-06
  1521   0.600804E+03   0.152885E+02   0.000000E+00   0.130023E+02   0.248236E-08   0.169010E-05   0.144600E-06
  1522   0.597116E+03   0.154276E+02   0.000000E+00   0.130939E+02   0.247854E-08   0.158599E-05   0.147706E-06
  1523   0.593434E+03   0.155670E+02   0.000000E+00   0.131729E+02   0.247472E-08   0.148261E-05   0.150762E-06
  1524   0.589759E+03   0.157066E+02   0.000000E+00   0.132393E+02   0.247092E-08   0.138019E-05   0.153765E-06
  1525   0.586091E+03   0.158463E+02   0.000000E+00   0.132932E+02   0.246712E-08   0.127893E-05   0.156710E-06
  1526   0.582433E+03   0.159862E+02   0.000000E+00   0.133346E+02   0.246332E-08   0.117906E-05   0.159595E-06
  1527   0.578783E+03   0.161262E+02   0.000000E+00   0.133636E+02   0.245954E-08   0.108079E-05   0.162417E-06
  1528   0.575144E+03   0.162661E+02   0.000000E+00   0.133803E+02   0.245575E-08   0.984344E-06   0.165172E-06
  1529   0.571517E+03   0.164059E+02   0.000000E+00   0.133848E+02   0.245198E-08   0.889927E-06   0.167857E-06
  1530   0.567902E+03   0.165456E+02   0.000000E+00   0.133769E+02   0.244821E-08   0.797763E-06   0.170469E-06
  1531   0.564300E+03   0.166850E+02   0.000000E+00   0.133569E+02   0.244445E-08   0.708066E-06   0.173005E-06
  1532   0.560711E+03   0.168242E+02   0.000000E+00   0.133248E+02   0.244070E-08   0.621053E-06   0.175461E-06
  1533   0.557138E+03   0.169630E+02   0.000000E+00   0.132807E+02   0.243695E-08   0.536942E-06   0.177835E-06
  1534   0.553581E+03   0.171014E+02   0.000000E+00   0.132247E+02   0.243321E-08   0.455949E-06   0.180122E-06
  1535   0.550039E+03   0.172393E+02   0.000000E+00   0.131568E+02   0.242947E-08   0.378291E-06   0.182320E-06
  1536   0.546515E+03   0.173767E+02   0.000000E+00   0.130770E+02   0.242574E-08   0.304183E-06   0.184426E-06
  1537   0.543008E+03   0.175134E+02   0.000000E+00   0.129856E+02   0.242202E-08   0.233843E-06   0.186436E-06
  1538   0.539521E+03   0.176494E+02   0.000000E+00   0.128826E+02   0.241830E-08   0.167487E-06   0.188347E-06
  1539   0.536054E+03   0.177847E+02   0.000000E+00   0.127681E+02   0.241459E-08   0.105332E-06   0.190157E-06
  1540   0.532607E+03   0.179192E+02   0.000000E+00   0.126424E+02   0.241089E-08   0.475942E-07   0.191860E-06
  1541   0.529181E+03   0.180528E+02   0.000000E+00   0.125053E+02   0.240719E-08  -0.550947E-08   0.193455E-06
  1542   0.525779E+03   0.181855E+02   0.000000E+00   0.123572E+02   0.240350E-08  -0.537625E-07   0.194939E-06
  1543   0.522399E+03   0.183172E+02   0.000000E+00   0.121981E+02   0.239981E-08  -0.969483E-07   0.196307E-06
  1544   0.519044E+03   0.184479E+02   0.000000E+00   0.120282E+02   0.239614E-08  -0.134850E-06   0.197557E-06
  1545   0.515713E+03   0.185773E+02   0.000000E+00   0.118476E+02   0.239246E-08  -0.167252E-06   0.198686E-06
  1546   0.512408E+03   0.187056E+02   0.000000E+00   0.116564E+02   0.238880E-08  -0.193936E-06   0.199689E-06
  1547   0.509130E+03   0.188327E+02   0.000000E+00   0.114548E+02   0.238514E-08  -0.214687E-06   0.200565E-06
  1548   0.505878E+03   0.189586E+02   0.000000E+00   0.112429E+02   0.238148E-08  -0.229288E-06   0.201310E-06
  1549   0.502655E+03   0.190830E+02   0.000000E+00   0.110208E+02   0.237784E-08  -0.237522E-06   0.201920E-06
  1550   0.499459E+03   0.192059E+02   0.000000E+00   0.107888E+02   0.237420E-08  -0.239173E-06   0.202393E-06
  1551   0.496293E+03   0.193274E+02   0.000000E+00   0.105469E+02   0.237056E-08  -0.234110E-06   0.202726E-06
  1552   0.493156E+03   0.194473E+02   0.000000E+00   0.102952E+02   0.236693E-08  -0.222549E-06   0.202924E-06
  1553   0.490050E+03   0.195657E+02   0.000000E+00   0.100340E+02   0.236331E-08  -0.204793E-06   0.202992E-06
  1554   0.486975E+03   0.196825E+02   0.000000E+00   0.976339E+01   0.235969E-08  -0.181142E-06   0.202936E-06
  1555   0.483930E+03   0.197974E+02   0.000000E+00   0.948350E+01   0.235608E-08  -0.151900E-06   0.202760E-06
  1556   0.480918E+03   0.199108E+02   0.000000E+00   0.919444E+01   0.235248E-08  -0.117369E-06   0.202471E-06
  1557   0.477938E+03   0.200223E+02   0.000000E+00   0.889647E+01   0.234888E-08  -0.778502E-07   0.202074E-06
  1558   0.474991E+03   0.201320E+02   0.000000E+00   0.858967E+01   0.234529E-08  -0.336460E-07   0.201574E-06
  1559   0.472078E+03   0.202399E+02   0.000000E+00   0.827429E+01   0.234171E-08   0.149415E-07   0.200977E-06
  1560   0.469199E+03   0.203459E+02   0.000000E+00   0.795034E+01   0.233813E-08   0.676102E-07   0.200289E-06
  1561   0.466354E+03   0.204499E+02   0.000000E+00   0.761821E+01   0.233455E-08   0.124058E-06   0.199513E-06
  1562   0.463544E+03   0.205520E+02   0.000000E+00   0.727792E+01   0.233098E-08   0.183983E-06   0.198658E-06
  1563   0.460770E+03   0.206521E+02   0.000000E+00   0.692970E+01   0.232742E-08   0.247083E-06   0.197726E-06
  1564   0.458032E+03   0.207501E+02   0.000000E+00   0.657373E+01   0.232387E-08   0.313055E-06   0.196725E-06
  1565   0.455330E+03   0.208460E+02   0.000000E+00   0.621024E+01   0.232032E-08   0.381599E-06   0.195659E-06
  1566   0.452665E+03   0.209397E+02   0.000000E+00   0.583932E+01   0.231678E-08   0.452411E-06   0.194534E-06
  1567   0.450036E+03   0.210314E+02   0.000000E+00   0.546122E+01   0.231324E-08   0.525189E-06   0.193356E-06
  1568   0.447446E+03   0.211208E+02   0.000000E+00   0.507603E+01   0.230971E-08   0.599633E-06   0.192129E-06
  1569   0.444893E+03   0.212079E+02   0.000000E+00   0.468405E+01   0.230618E-08   0.675438E-06   0.190860E-06
  1570   0.442378E+03   0.212927E+02   0.000000E+00   0.428546E+01   0.230266E-08   0.752305E-06   0.189554E-06
  1571   0.439903E+03   0.213752E+02   0.000000E+00   0.388038E+01   0.229915E-08   0.829929E-06   0.188216E-06
  1572   0.437465E+03   0.214554E+02   0.000000E+00   0.346902E+01   0.229564E-08   0.908010E-06   0.186851E-06
  1573   0.435067E+03   0.215331E+02   0.000000E+00   0.305160E+01   0.229214E-08   0.986245E-06   0.185466E-06
  1574   0.432708E+03   0.216084E+02   0.000000E+00   0.262836E+01   0.228865E-08   0.106433E-05   0.184065E-06
  1575   0.430389E+03   0.216813E+02   0.000000E+00   0.219950E+01   0.228516E-08   0.114197E-05   0.182655E-06
  1576   0.428110E+03   0.217518E+02   0.000000E+00   0.176527E+01   0.228167E-08   0.121885E-05   0.181240E-06
  1577   0.425871E+03   0.218197E+02   0.000000E+00   0.132587E+01   0.227820E-08   0.129468E-05   0.179825E-06
  1578   0.423673E+03   0.218852E+02   0.000000E+00   0.881536E+00   0.227472E-08   0.136916E-05   0.178418E-06
  1579   0.421517E+03   0.219481E+02   0.000000E+00   0.432483E+00   0.227126E-08   0.144198E-05   0.177022E-06
  1580   0.419401E+03   0.220084E+02   0.000000E+00  -0.210732E-01   0.226780E-08   0.151283E-05   0.175643E-06
  1581   0.417327E+03   0.220661E+02   0.000000E+00  -0.478924E+00   0.226434E-08   0.158142E-05   0.174287E-06
  1582   0.415294E+03   0.221213E+02   0.000000E+00  -0.940859E+00   0.226090E-08   0.164745E-05   0.172960E-06
  1583   0.413303E+03   0.221739E+02   0.000000E+00  -0.140667E+01   0.225745E-08   0.171062E-05   0.171666E-06
  1584   0.411353E+03   0.222238E+02   0.000000E+00  -0.187615E+01   0.225402E-08   0.177061E-05   0.170411E-06
  1585   0.409445E+03   0.222709E+02   0.000000E+00  -0.234909E+01   0.225059E-08   0.182713E-05   0.169201E-06
  1586   0.407579E+03   0.223154E+02   0.000000E+00  -0.282528E+01   0.224716E-08   0.187988E-05   0.168040E-06
  1587   0.405755E+03   0.223572E+02   0.000000E+00  -0.330449E+01   0.224374E-08   0.192856E-05   0.166936E-06
  1588   0.403972E+03   0.223961E+02   0.000000E+00  -0.378649E+01   0.224033E-08   0.197286E-05   0.165892E-06
  1589   0.402231E+03   0.224324E+02   0.000000E+00  -0.427107E+01   0.223692E-08   0.201248E-05   0.164915E-06
  1590   0.400533E+03   0.224659E+02   0.000000E+00  -0.475800E+01   0.223352E-08   0.204712E-05   0.164009E-06
  1591   0.398876E+03   0.224966E+02   0.000000E+00  -0.524706E+01   0.223012E-08   0.207648E-05   0.163181E-06
  1592   0.397262E+03   0.225245E+02   0.000000E+00  -0.573801E+01   0.222673E-08   0.210025E-05   0.162436E-06
  1593   0.395689E+03   0.225495E+02   0.000000E+00  -0.623065E+01   0.222335E-08   0.211813E-05   0.161779E-06
  1594   0.394159E+03   0.225717E+02   0.000000E+00  -0.672472E+01   0.221997E-08   0.212982E-05   0.161215E-06
  1595   0.392670E+03   0.225911E+02   0.000000E+00  -0.722001E+01   0.221659E-08   0.213503E-05   0.160751E-06
  1596   0.391223E+03   0.226076E+02   0.000000E+00  -0.771629E+01   0.221323E-08   0.213344E-05   0.160391E-06
  1597   0.389818E+03   0.226213E+02   0.000000E+00  -0.821333E+01   0.220986E-08   0.212475E-05   0.160141E-06
  1598   0.388455E+03   0.226322E+02   0.000000E+00  -0.871089E+01   0.220651E-08   0.210867E-05   0.160007E-06
  1599   0.387133E+03   0.226401E+02   0.000000E+00  -0.920875E+01   0.220316E-08   0.208489E-05   0.159993E-06
  1600   0.385853E+03   0.226452E+02   0.000000E+00  -0.970667E+01   0.219981E-08   0.205310E-05   0.160106E-06
  1601   0.384614E+03   0.226475E+02   0.000000E+00  -0.102045E+02   0.219647E-08   0.201312E-05   0.160349E-06
  1602   0.383415E+03   0.226468E+02   0.000000E+00  -0.107019E+02   0.219314E-08   0.196518E-05   0.160719E-06
  1603   0.382258E+03   0.226432E+02   0.000000E+00  -0.111988E+02   0.218981E-08   0.190963E-05   0.161208E-06
  1604   0.381142E+03   0.226369E+02   0.000000E+00  -0.116951E+02   0.218649E-08   0.184680E-05   0.161813E-06
  1605   0.380066E+03   0.226275E+02   0.000000E+00  -0.121905E+02   0.218317E-08   0.177704E-05   0.162527E-06
  1606   0.379030E+03   0.226153E+02   0.000000E+00  -0.126848E+02   0.217986E-08   0.170070E-05   0.163344E-06
  1607   0.378035E+03   0.226002E+02   0.000000E+00  -0.131778E+02   0.217655E-08   0.161811E-05   0.164259E-06
  1608   0.377080E+03   0.225822E+02   0.000000E+00  -0.136695E+02   0.217325E-08   0.152963E-05   0.165267E-06
  1609   0.376163E+03   0.225613E+02   0.000000E+00  -0.141595E+02   0.216996E-08   0.143559E-05   0.166361E-06
  1610   0.375287E+03   0.225376E+02   0.000000E+00  -0.146477E+02   0.216667E-08   0.133635E-05   0.167536E-06
  1611   0.374450E+03   0.225111E+02   0.000000E+00  -0.151338E+02   0.216338E-08   0.123223E-05   0.168786E-06
  1612   0.373651E+03   0.224818E+02   0.000000E+00  -0.156177E+02   0.216010E-08   0.112359E-05   0.170106E-06
  1613   0.372892E+03   0.224497E+02   0.000000E+00  -0.160992E+02   0.215683E-08   0.101078E-05   0.171490E-06
  1614   0.372170E+03   0.224148E+02   0.000000E+00  -0.165781E+02   0.215356E-08   0.894124E-06   0.172933E-06
  1615   0.371487E+03   0.223773E+02   0.000000E+00  -0.170542E+02   0.215030E-08   0.773978E-06   0.174427E-06
  1616   0.370842E+03   0.223370E+02   0.000000E+00  -0.175274E+02   0.214704E-08   0.650683E-06   0.175969E-06
  1617   0.370234E+03   0.222940E+02   0.000000E+00  -0.179974E+02   0.214379E-08   0.524584E-06   0.177553E-06
  1618   0.369662E+03   0.222483E+02   0.000000E+00  -0.184641E+02   0.214055E-08   0.396023E-06   0.179171E-06
  1619   0.369128E+03   0.221999E+02   0.000000E+00  -0.189274E+02   0.213731E-08   0.265344E-06   0.180820E-06
  1620   0.368629E+03   0.221489E+02   0.000000E+00  -0.193870E+02   0.213407E-08   0.132891E-06   0.182494E-06
  1621   0.368166E+03   0.220951E+02   0.000000E+00  -0.198429E+02   0.213084E-08  -0.992499E-09   0.184186E-06
  1622   0.367738E+03   0.220387E+02   0.000000E+00  -0.202947E+02   0.212762E-08  -0.135963E-06   0.185891E-06
  1623   0.367346E+03   0.219797E+02   0.000000E+00  -0.207425E+02   0.212440E-08  -0.271676E-06   0.187603E-06
  1624   0.366987E+03   0.219182E+02   0.000000E+00  -0.211858E+02   0.212118E-08  -0.407789E-06   0.189318E-06
  1625   0.366663E+03   0.218541E+02   0.000000E+00  -0.216248E+02   0.211798E-08  -0.543957E-06   0.191028E-06
  1626   0.366373E+03   0.217875E+02   0.000000E+00  -0.220591E+02   0.211477E-08  -0.679838E-06   0.192729E-06
  1627   0.366115E+03   0.217184E+02   0.000000E+00  -0.224886E+02   0.211158E-08  -0.815088E-06   0.194414E-06
  1628   0.365889E+03   0.216468E+02   0.000000E+00  -0.229131E+02   0.210838E-08  -0.949362E-06   0.196079E-06
  1629   0.365697E+03   0.215728E+02   0.000000E+00  -0.233325E+02   0.210520E-08  -0.108232E-05   0.197717E-06
  1630   0.365535E+03   0.214964E+02   0.000000E+00  -0.237466E+02   0.210202E-08  -0.121361E-05   0.199323E-06
  1631   0.365404E+03   0.214176E+02   0.000000E+00  -0.241554E+02   0.209884E-08  -0.134290E-05   0.200892E-06
  1632   0.365304E+03   0.213365E+02   0.000000E+00  -0.245585E+02   0.209567E-08  -0.146984E-05   0.202416E-06
  1633   0.365233E+03   0.212530E+02   0.000000E+00  -0.249559E+02   0.209250E-08  -0.159408E-05   0.203892E-06
  1634   0.365193E+03   0.211672E+02   0.000000E+00  -0.253475E+02   0.208934E-08  -0.171529E-05   0.205312E-06
  1635   0.365181E+03   0.210791E+02   0.000000E+00  -0.257331E+02   0.208619E-08  -0.183311E-05   0.206673E-06
  1636   0.365196E+03   0.209888E+02   0.000000E+00  -0.261126E+02   0.208304E-08  -0.194722E-05   0.207967E-06
  1637   0.365240E+03   0.208964E+02   0.000000E+00  -0.264858E+02   0.207989E-08  -0.205725E-05   0.209189E-06
  1638   0.365310E+03   0.208017E+02   0.000000E+00  -0.268526E+02   0.207675E-08  -0.216287E-05   0.210334E-06
  1639   0.365407E+03   0.207049E+02   0.000000E+00  -0.272129E+02   0.207362E-08  -0.226374E-05   0.211396E-06
  1640   0.365530E+03   0.206061E+02   0.000000E+00  -0.275665E+02   0.207049E-08  -0.235951E-05   0.212369E-06
  1641   0.365678E+03   0.205053E+02   0.000000E+00  -0.279134E+02   0.206737E-08  -0.244984E-05   0.213248E-06
  1642   0.365850E+03   0.204025E+02   0.000000E+00  -0.282533E+02   0.206425E-08  -0.253438E-05   0.214027E-06
  1643   0.366046E+03   0.202977E+02   0.000000E+00  -0.285863E+02   0.206113E-08  -0.261279E-05   0.214699E-06
  1644   0.366266E+03   0.201912E+02   0.000000E+00  -0.289121E+02   0.205803E-08  -0.268473E-05   0.215261E-06
  1645   0.366509E+03   0.200828E+02   0.000000E+00  -0.292306E+02   0.205492E-08  -0.274985E-05   0.215706E-06
  1646   0.366773E+03   0.199724E+02   0.000000E+00  -0.295419E+02   0.205182E-08  -0.280781E-05   0.216028E-06
  1647   0.367058E+03   0.198605E+02   0.000000E+00  -0.298457E+02   0.204873E-08  -0.285827E-05   0.216221E-06
  1648   0.367364E+03   0.197467E+02   0.000000E+00  -0.301419E+02   0.204564E-08  -0.290087E-05   0.216281E-06
  1649   0.367690E+03   0.196312E+02   0.000000E+00  -0.304304E+02   0.204256E-08  -0.293529E-05   0.216201E-06
  1650   0.368035E+03   0.195141E+02   0.000000E+00  -0.307111E+02   0.203948E-08  -0.296117E-05   0.215975E-06
  1651   0.368399E+03   0.193953E+02   0.000000E+00  -0.309840E+02   0.203641E-08  -0.297828E-05   0.215601E-06
  1652   0.368780E+03   0.192751E+02   0.000000E+00  -0.312491E+02   0.203334E-08  -0.298677E-05   0.215079E-06
  1653   0.369179E+03   0.191533E+02   0.000000E+00  -0.315061E+02   0.203028E-08  -0.298691E-05   0.214415E-06
  1654   0.369595E+03   0.190300E+02   0.000000E+00  -0.317551E+02   0.202722E-08  -0.297896E-05   0.213613E-06
  1655   0.370027E+03   0.189053E+02   0.000000E+00  -0.319959E+02   0.202417E-08  -0.296319E-05   0.212676E-06
  1656   0.370473E+03   0.187792E+02   0.000000E+00  -0.322287E+02   0.202112E-08  -0.293986E-05   0.211609E-06
  1657   0.370936E+03   0.186518E+02   0.000000E+00  -0.324532E+02   0.201808E-08  -0.290923E-05   0.210417E-06
  1658   0.371412E+03   0.185230E+02   0.000000E+00  -0.326694E+02   0.201504E-08  -0.287158E-05   0.209102E-06
  1659   0.371903E+03   0.183930E+02   0.000000E+00  -0.328773E+02   0.201201E-08  -0.282716E-05   0.207670E-06
  1660   0.372407E+03   0.182618E+02   0.000000E+00  -0.330768E+02   0.200899E-08  -0.277623E-05   0.206125E-06
  1661   0.372923E+03   0.181294E+02   0.000000E+00  -0.332680E+02   0.200596E-08  -0.271907E-05   0.204471E-06
  1662   0.373451E+03   0.179959E+02   0.000000E+00  -0.334506E+02   0.200295E-08  -0.265593E-05   0.202712E-06
  1663   0.373990E+03   0.178614E+02   0.000000E+00  -0.336249E+02   0.199993E-08  -0.258707E-05   0.200852E-06
  1664   0.374540E+03   0.177258E+02   0.000000E+00  -0.337907E+02   0.199693E-08  -0.251278E-05   0.198895E-06
  1665   0.375100E+03   0.175893E+02   0.000000E+00  -0.339479E+02   0.199392E-08  -0.243330E-05   0.196846E-06
  1666   0.375670E+03   0.174517E+02   0.000000E+00  -0.340965E+02   0.199093E-08  -0.234889E-05   0.194709E-06
  1667   0.376248E+03   0.173134E+02   0.000000E+00  -0.342366E+02   0.198794E-08  -0.225984E-05   0.192487E-06
  1668   0.376835E+03   0.171742E+02   0.000000E+00  -0.343681E+02   0.198495E-08  -0.216639E-05   0.190186E-06
  1669   0.377428E+03   0.170341E+02   0.000000E+00  -0.344909E+02   0.198197E-08  -0.206882E-05   0.187809E-06
  1670   0.378029E+03   0.168933E+02   0.000000E+00  -0.346050E+02   0.197899E-08  -0.196738E-05   0.185360E-06
  1671   0.378636E+03   0.167518E+02   0.000000E+00  -0.347105E+02   0.197602E-08  -0.186234E-05   0.182845E-06
  1672   0.379248E+03   0.166096E+02   0.000000E+00  -0.348074E+02   0.197305E-08  -0.175397E-05   0.180266E-06
  1673   0.379865E+03   0.164668E+02   0.000000E+00  -0.348957E+02   0.197008E-08  -0.164252E-05   0.177628E-06
  1674   0.380487E+03   0.163235E+02   0.000000E+00  -0.349753E+02   0.196713E-08  -0.152827E-05   0.174935E-06
  1675   0.381112E+03   0.161797E+02   0.000000E+00  -0.350463E+02   0.196417E-08  -0.141147E-05   0.172191E-06
  1676   0.381741E+03   0.160355E+02   0.000000E+00  -0.351088E+02   0.196123E-08  -0.129240E-05   0.169401E-06
  1677   0.382372E+03   0.158911E+02   0.000000E+00  -0.351627E+02   0.195828E-08  -0.117130E-05   0.166569E-06
  1678   0.383005E+03   0.157462E+02   0.000000E+00  -0.352081E+02   0.195534E-08  -0.104846E-05   0.163699E-06
  1679   0.383640E+03   0.156011E+02   0.000000E+00  -0.352449E+02   0.195241E-08  -0.924129E-06   0.160795E-06
  1680   0.384274E+03   0.154558E+02   0.000000E+00  -0.352732E+02   0.194948E-08  -0.798573E-06   0.157861E-06
  1681   0.384910E+03   0.153103E+02   0.000000E+00  -0.352931E+02   0.194656E-08  -0.672057E-06   0.154901E-06
  1682   0.385544E+03   0.151647E+02   0.000000E+00  -0.353046E+02   0.194364E-08  -0.544845E-06   0.151921E-06
  1683   0.386177E+03   0.150191E+02   0.000000E+00  -0.353076E+02   0.194072E-08  -0.417201E-06   0.148923E-06
  1684   0.386808E+03   0.148733E+02   0.000000E+00  -0.353022E+02   0.193781E-08  -0.289389E-06   0.145912E-06
  1685   0.387436E+03   0.147277E+02   0.000000E+00  -0.352885E+02   0.193491E-08  -0.161673E-06   0.142892E-06
  1686   0.388062E+03   0.145821E+02   0.000000E+00  -0.352664E+02   0.193201E-08  -0.343162E-07   0.139868E-06
  1687   0.388683E+03   0.144365E+02   0.000000E+00  -0.352361E+02   0.192911E-08   0.924168E-07   0.136843E-06
  1688   0.389301E+03   0.142912E+02   0.000000E+00  -0.351977E+02   0.192622E-08   0.218262E-06   0.133821E-06
  1689   0.389914E+03   0.141461E+02   0.000000E+00  -0.351511E+02   0.192334E-08   0.342956E-06   0.130808E-06
  1690   0.390521E+03   0.140013E+02   0.000000E+00  -0.350964E+02   0.192046E-08   0.466234E-06   0.127807E-06
  1691   0.391121E+03   0.138569E+02   0.000000E+00  -0.350338E+02   0.191758E-08   0.587833E-06   0.124822E-06
  1692   0.391716E+03   0.137128E+02   0.000000E+00  -0.349631E+02   0.191471E-08   0.707489E-06   0.121857E-06
  1693   0.392302E+03   0.135690E+02   0.000000E+00  -0.348846E+02   0.191184E-08   0.824937E-06   0.118918E-06
  1694   0.392882E+03   0.134259E+02   0.000000E+00  -0.347983E+02   0.190898E-08   0.939914E-06   0.116006E-06
  1695   0.393451E+03   0.132832E+02   0.000000E+00  -0.347042E+02   0.190612E-08   0.105216E-05   0.113128E-06
  1696   0.394013E+03   0.131410E+02   0.000000E+00  -0.346024E+02   0.190327E-08   0.116140E-05   0.110287E-06
  1697   0.394565E+03   0.129995E+02   0.000000E+00  -0.344930E+02   0.190042E-08   0.126738E-05   0.107488E-06
  1698   0.395105E+03   0.128586E+02   0.000000E+00  -0.343759E+02   0.189758E-08   0.136983E-05   0.104734E-06
  1699   0.395635E+03   0.127184E+02   0.000000E+00  -0.342515E+02   0.189474E-08   0.146849E-05   0.102029E-06
  1700   0.396154E+03   0.125790E+02   0.000000E+00  -0.341197E+02   0.189191E-08   0.156310E-05   0.993786E-07
  1701   0.396661E+03   0.124403E+02   0.000000E+00  -0.339807E+02   0.188908E-08   0.165345E-05   0.967850E-07
  1702   0.397156E+03   0.123025E+02   0.000000E+00  -0.338344E+02   0.188625E-08   0.173956E-05   0.942473E-07
  1703   0.397638E+03   0.121657E+02   0.000000E+00  -0.336812E+02   0.188343E-08   0.182153E-05   0.917633E-07
  1704   0.398107E+03   0.120297E+02   0.000000E+00  -0.335210E+02   0.188062E-08   0.189944E-05   0.893309E-07
  1705   0.398563E+03   0.118949E+02   0.000000E+00  -0.333540E+02   0.187781E-08   0.197339E-05   0.869477E-07
  1706   0.399004E+03   0.117609E+02   0.000000E+00  -0.331802E+02   0.187500E-08   0.204345E-05   0.846117E-07
  1707   0.399432E+03   0.116280E+02   0.000000E+00  -0.329997E+02   0.187220E-08   0.210972E-05   0.823206E-07
  1708   0.399844E+03   0.114962E+02   0.000000E+00  -0.328127E+02   0.186940E-08   0.217227E-05   0.800723E-07
  1709   0.400242E+03   0.113656E+02   0.000000E+00  -0.326191E+02   0.186661E-08   0.223121E-05   0.778645E-07
  1710   0.400624E+03   0.112361E+02   0.000000E+00  -0.324192E+02   0.186382E-08   0.228662E-05   0.756952E-07
  1711   0.400991E+03   0.111078E+02   0.000000E+00  -0.322130E+02   0.186104E-08   0.233857E-05   0.735621E-07
  1712   0.401341E+03   0.109807E+02   0.000000E+00  -0.320006E+02   0.185826E-08   0.238717E-05   0.714630E-07
  1713   0.401674E+03   0.108549E+02   0.000000E+00  -0.317822E+02   0.185549E-08   0.243250E-05   0.693958E-07
  1714   0.401991E+03   0.107303E+02   0.000000E+00  -0.315577E+02   0.185272E-08   0.247464E-05   0.673582E-07
  1715   0.402290E+03   0.106071E+02   0.000000E+00  -0.313275E+02   0.184995E-08   0.251369E-05   0.653481E-07
  1716   0.402573E+03   0.104853E+02   0.000000E+00  -0.310915E+02   0.184719E-08   0.254972E-05   0.633633E-07
  1717   0.402836E+03   0.103649E+02   0.000000E+00  -0.308499E+02   0.184444E-08   0.258284E-05   0.614016E-07
  1718   0.403082E+03   0.102458E+02   0.000000E+00  -0.306030E+02   0.184169E-08   0.261312E-05   0.594608E-07
  1719   0.403310E+03   0.101283E+02   0.000000E+00  -0.303505E+02   0.183894E-08   0.264065E-05   0.575388E-07
  1720   0.403518E+03   0.100121E+02   0.000000E+00  -0.300930E+02   0.183620E-08   0.266552E-05   0.556334E-07
  1721   0.403708E+03   0.989760E+01   0.000000E+00  -0.298303E+02   0.183346E-08   0.268781E-05   0.537423E-07
  1722   0.403879E+03   0.978458E+01   0.000000E+00  -0.295626E+02   0.183073E-08   0.270762E-05   0.518634E-07
  1723   0.404029E+03   0.967322E+01   0.000000E+00  -0.292903E+02   0.182800E-08   0.272504E-05   0.499945E-07
  1724   0.404161E+03   0.956342E+01   0.000000E+00  -0.290131E+02   0.182527E-08   0.274013E-05   0.481334E-07
  1725   0.404272E+03   0.945527E+01   0.000000E+00  -0.287315E+02   0.182255E-08   0.275301E-05   0.462780E-07
  1726   0.404363E+03   0.934875E+01   0.000000E+00  -0.284455E+02   0.181984E-08   0.276375E-05   0.444260E-07
  1727   0.404433E+03   0.924401E+01   0.000000E+00  -0.281551E+02   0.181713E-08   0.277243E-05   0.425753E-07
  1728   0.404483E+03   0.914088E+01   0.000000E+00  -0.278607E+02   0.181442E-08   0.277916E-05   0.407237E-07
  1729   0.404512E+03   0.903959E+01   0.000000E+00  -0.275623E+02   0.181172E-08   0.278401E-05   0.388690E-07
  1730   0.404520E+03   0.894005E+01   0.000000E+00  -0.272600E+02   0.180902E-08   0.278707E-05   0.370090E-07
  1731   0.404506E+03   0.884226E+01   0.000000E+00  -0.269539E+02   0.180633E-08   0.278843E-05   0.351416E-07
  1732   0.404470E+03   0.874629E+01   0.000000E+00  -0.266443E+02   0.180364E-08   0.278818E-05   0.332644E-07
  1733   0.404413E+03   0.865220E+01   0.000000E+00  -0.263312E+02   0.180095E-08   0.278640E-05   0.313755E-07
  1734   0.404333E+03   0.855991E+01   0.000000E+00  -0.260147E+02   0.179827E-08   0.278318E-05   0.294725E-07
  1735   0.404231E+03   0.846948E+01   0.000000E+00  -0.256952E+02   0.179559E-08   0.277861E-05   0.275534E-07
  1736   0.404108E+03   0.838100E+01   0.000000E+00  -0.253727E+02   0.179292E-08   0.277278E-05   0.256158E-07
  1737   0.403962E+03   0.829444E+01   0.000000E+00  -0.250473E+02   0.179025E-08   0.276577E-05   0.236577E-07
  1738   0.403794E+03   0.820981E+01   0.000000E+00  -0.247194E+02   0.178759E-08   0.275767E-05   0.216768E-07
  1739   0.403603E+03   0.812716E+01   0.000000E+00  -0.243890E+02   0.178493E-08   0.274856E-05   0.196710E-07
  1740   0.403390E+03   0.804650E+01   0.000000E+00  -0.240563E+02   0.178228E-08   0.273854E-05   0.176381E-07
  1741   0.403156E+03   0.796782E+01   0.000000E+00  -0.237214E+02   0.177963E-08   0.272770E-05   0.155759E-07
  1742   0.402898E+03   0.789118E+01   0.000000E+00  -0.233846E+02   0.177698E-08   0.271611E-05   0.134821E-07
  1743   0.402618E+03   0.781650E+01   0.000000E+00  -0.230458E+02   0.177434E-08   0.270387E-05   0.113547E-07
  1744   0.402315E+03   0.774393E+01   0.000000E+00  -0.227054E+02   0.177170E-08   0.269106E-05   0.919149E-08
  1745   0.401989E+03   0.767338E+01   0.000000E+00  -0.223634E+02   0.176907E-08   0.267777E-05   0.699019E-08
  1746   0.401640E+03   0.760492E+01   0.000000E+00  -0.220200E+02   0.176644E-08   0.266409E-05   0.474867E-08
  1747   0.401268E+03   0.753847E+01   0.000000E+00  -0.216753E+02   0.176382E-08   0.265011E-05   0.246474E-08
  1748   0.400874E+03   0.747417E+01   0.000000E+00  -0.213296E+02   0.176120E-08   0.263590E-05   0.136218E-09
  1749   0.400456E+03   0.741195E+01   0.000000E+00  -0.209829E+02   0.175858E-08   0.262157E-05  -0.223908E-08
  1750   0.400016E+03   0.735178E+01   0.000000E+00  -0.206355E+02   0.175597E-08   0.260720E-05  -0.466334E-08
  1751   0.399552E+03   0.729375E+01   0.000000E+00  -0.202874E+02   0.175336E-08   0.259285E-05  -0.713781E-08
  1752   0.399066E+03   0.723784E+01   0.000000E+00  -0.199389E+02   0.175076E-08   0.257854E-05  -0.965998E-08
  1753   0.398557E+03   0.718405E+01   0.000000E+00  -0.195901E+02   0.174816E-08   0.256424E-05  -0.122264E-07
  1754   0.398025E+03   0.713236E+01   0.000000E+00  -0.192410E+02   0.174556E-08   0.254996E-05  -0.148336E-07
  1755   0.397471E+03   0.708285E+01   0.000000E+00  -0.188920E+02   0.174297E-08   0.253567E-05  -0.174782E-07
  1756   0.396894E+03   0.703543E+01   0.000000E+00  -0.185429E+02   0.174038E-08   0.252137E-05  -0.201568E-07
  1757   0.396294E+03   0.699016E+01   0.000000E+00  -0.181941E+02   0.173780E-08   0.250704E-05  -0.228658E-07
  1758   0.395672E+03   0.694697E+01   0.000000E+00  -0.178456E+02   0.173522E-08   0.249267E-05  -0.256018E-07
  1759   0.395026E+03   0.690597E+01   0.000000E+00  -0.174975E+02   0.173265E-08   0.247825E-05  -0.283614E-07
  1760   0.394360E+03   0.686708E+01   0.000000E+00  -0.171500E+02   0.173008E-08   0.246377E-05  -0.311412E-07
  1761   0.393670E+03   0.683031E+01   0.000000E+00  -0.168032E+02   0.172751E-08   0.244921E-05  -0.339377E-07
  1762   0.392958E+03   0.679566E+01   0.000000E+00  -0.164572E+02   0.172495E-08   0.243457E-05  -0.367474E-07
  1763   0.392225E+03   0.676313E+01   0.000000E+00  -0.161123E+02   0.172239E-08   0.241983E-05  -0.395669E-07
  1764   0.391470E+03   0.673270E+01   0.000000E+00  -0.157684E+02   0.171984E-08   0.240498E-05  -0.423929E-07
  1765   0.390693E+03   0.670440E+01   0.000000E+00  -0.154258E+02   0.171729E-08   0.239000E-05  -0.452217E-07
  1766   0.389896E+03   0.667820E+01   0.000000E+00  -0.150846E+02   0.171474E-08   0.237489E-05  -0.480500E-07
  1767   0.389077E+03   0.665409E+01   0.000000E+00  -0.147449E+02   0.171220E-08   0.235964E-05  -0.508743E-07
  1768   0.388238E+03   0.663209E+01   0.000000E+00  -0.144068E+02   0.170966E-08   0.234423E-05  -0.536913E-07
  1769   0.387379E+03   0.661217E+01   0.000000E+00  -0.140705E+02   0.170713E-08   0.232865E-05  -0.564973E-07
  1770   0.386499E+03   0.659432E+01   0.000000E+00  -0.137362E+02   0.170460E-08   0.231289E-05  -0.592891E-07
  1771   0.385599E+03   0.657854E+01   0.000000E+00  -0.134039E+02   0.170208E-08   0.229693E-05  -0.620632E-07
  1772   0.384680E+03   0.656481E+01   0.000000E+00  -0.130737E+02   0.169955E-08   0.228077E-05  -0.648160E-07
  1773   0.383741E+03   0.655311E+01   0.000000E+00  -0.127458E+02   0.169704E-08   0.226439E-05  -0.675442E-07
  1774   0.382782E+03   0.654345E+01   0.000000E+00  -0.124203E+02   0.169452E-08   0.224779E-05  -0.702443E-07
  1775   0.381805E+03   0.653579E+01   0.000000E+00  -0.120973E+02   0.169201E-08   0.223094E-05  -0.729130E-07
  1776   0.380808E+03   0.653015E+01   0.000000E+00  -0.117770E+02   0.168951E-08   0.221384E-05  -0.755466E-07
  1777   0.379793E+03   0.652648E+01   0.000000E+00  -0.114593E+02   0.168701E-08   0.219647E-05  -0.781419E-07
  1778   0.378760E+03   0.652479E+01   0.000000E+00  -0.111445E+02   0.168451E-08   0.217883E-05  -0.806952E-07
  1779   0.377709E+03   0.652504E+01   0.000000E+00  -0.108327E+02   0.168202E-08   0.216090E-05  -0.832033E-07
  1780   0.376640E+03   0.652724E+01   0.000000E+00  -0.105240E+02   0.167953E-08   0.214267E-05  -0.856627E-07
  1781   0.375553E+03   0.653134E+01   0.000000E+00  -0.102185E+02   0.167704E-08   0.212413E-05  -0.880698E-07
  1782   0.374450E+03   0.653736E+01   0.000000E+00  -0.991640E+01   0.167456E-08   0.210526E-05  -0.904214E-07
  1783   0.373330E+03   0.654525E+01   0.000000E+00  -0.961763E+01   0.167209E-08   0.208606E-05  -0.927138E-07
  1784   0.372193E+03   0.655500E+01   0.000000E+00  -0.932242E+01   0.166961E-08   0.206651E-05  -0.949437E-07
  1785   0.371040E+03   0.656660E+01   0.000000E+00  -0.903089E+01   0.166714E-08   0.204659E-05  -0.971077E-07
  1786   0.369872E+03   0.658000E+01   0.000000E+00  -0.874303E+01   0.166468E-08   0.202631E-05  -0.992023E-07
  1787   0.368689E+03   0.659520E+01   0.000000E+00  -0.845912E+01   0.166222E-08   0.200564E-05  -0.101224E-06
  1788   0.367490E+03   0.661218E+01   0.000000E+00  -0.817909E+01   0.165976E-08   0.198458E-05  -0.103169E-06
  1789   0.366278E+03   0.663090E+01   0.000000E+00  -0.790320E+01   0.165730E-08   0.196311E-05  -0.105035E-06
  1790   0.365051E+03   0.665135E+01   0.000000E+00  -0.763138E+01   0.165485E-08   0.194122E-05  -0.106818E-06
  1791   0.363809E+03   0.667350E+01   0.000000E+00  -0.736383E+01   0.165241E-08   0.191890E-05  -0.108513E-06
  1792   0.362554E+03   0.669732E+01   0.000000E+00  -0.710062E+01   0.164997E-08   0.189614E-05  -0.110119E-06
  1793   0.361287E+03   0.672278E+01   0.000000E+00  -0.684188E+01   0.164753E-08   0.187292E-05  -0.111631E-06
  1794   0.360005E+03   0.674986E+01   0.000000E+00  -0.658768E+01   0.164509E-08   0.184924E-05  -0.113047E-06
  1795   0.358712E+03   0.677853E+01   0.000000E+00  -0.633806E+01   0.164266E-08   0.182507E-05  -0.114362E-06
  1796   0.357406E+03   0.680876E+01   0.000000E+00  -0.609310E+01   0.164024E-08   0.180042E-05  -0.115573E-06
  1797   0.356088E+03   0.684053E+01   0.000000E+00  -0.585300E+01   0.163782E-08   0.177526E-05  -0.116676E-06
  1798   0.354759E+03   0.687379E+01   0.000000E+00  -0.561783E+01   0.163540E-08   0.174959E-05  -0.117669E-06
  1799   0.353420E+03   0.690853E+01   0.000000E+00  -0.538750E+01   0.163298E-08   0.172339E-05  -0.118548E-06
  1800   0.352069E+03   0.694471E+01   0.000000E+00  -0.516229E+01   0.163057E-08   0.169666E-05  -0.119310E-06
  1801   0.350709E+03   0.698230E+01   0.000000E+00  -0.494218E+01   0.162816E-08   0.166939E-05  -0.119951E-06
  1802   0.349340E+03   0.702128E+01   0.000000E+00  -0.472725E+01   0.162576E-08   0.164163E-05  -0.120477E-06
  1803   0.347962E+03   0.706161E+01   0.000000E+00  -0.451757E+01   0.162336E-08   0.161347E-05  -0.120891E-06
  1804   0.346575E+03   0.710328E+01   0.000000E+00  -0.431320E+01   0.162096E-08   0.158497E-05  -0.121200E-06
  1805   0.345180E+03   0.714625E+01   0.000000E+00  -0.411418E+01   0.161857E-08   0.155619E-05  -0.121409E-06
  1806   0.343777E+03   0.719049E+01   0.000000E+00  -0.392056E+01   0.161618E-08   0.152721E-05  -0.121522E-06
  1807   0.342366E+03   0.723598E+01   0.000000E+00  -0.373238E+01   0.161380E-08   0.149810E-05  -0.121544E-06
  1808   0.340948E+03   0.728268E+01   0.000000E+00  -0.354968E+01   0.161142E-08   0.146893E-05  -0.121481E-06
  1809   0.339523E+03   0.733057E+01   0.000000E+00  -0.337254E+01   0.160904E-08   0.143976E-05  -0.121338E-06
  1810   0.338092E+03   0.737961E+01   0.000000E+00  -0.320098E+01   0.160667E-08   0.141067E-05  -0.121120E-06
  1811   0.336654E+03   0.742978E+01   0.000000E+00  -0.303503E+01   0.160430E-08   0.138172E-05  -0.120832E-06
  1812   0.335211E+03   0.748103E+01   0.000000E+00  -0.287474E+01   0.160193E-08   0.135299E-05  -0.120478E-06
  1813   0.333762E+03   0.753335E+01   0.000000E+00  -0.272012E+01   0.159957E-08   0.132455E-05  -0.120066E-06
  1814   0.332308E+03   0.758670E+01   0.000000E+00  -0.257123E+01   0.159721E-08   0.129646E-05  -0.119598E-06
  1815   0.330850E+03   0.764105E+01   0.000000E+00  -0.242808E+01   0.159486E-08   0.126880E-05  -0.119081E-06
  1816   0.329388E+03   0.769636E+01   0.000000E+00  -0.229070E+01   0.159251E-08   0.124163E-05  -0.118520E-06
  1817   0.327922E+03   0.775260E+01   0.000000E+00  -0.215912E+01   0.159016E-08   0.121502E-05  -0.117919E-06
  1818   0.326453E+03   0.780975E+01   0.000000E+00  -0.203337E+01   0.158782E-08   0.118905E-05  -0.117284E-06
  1819   0.324981E+03   0.786776E+01   0.000000E+00  -0.191346E+01   0.158548E-08   0.116378E-05  -0.116619E-06
  1820   0.323507E+03   0.792660E+01   0.000000E+00  -0.179941E+01   0.158314E-08   0.113928E-05  -0.115931E-06
  1821   0.322030E+03   0.798620E+01   0.000000E+00  -0.169123E+01   0.158081E-08   0.111562E-05  -0.115224E-06
  1822   0.320553E+03   0.804662E+01   0.000000E+00  -0.158894E+01   0.157848E-08   0.109288E-05  -0.114503E-06
  1823   0.319073E+03   0.810776E+01   0.000000E+00  -0.149256E+01   0.157616E-08   0.107111E-05  -0.113774E-06
  1824   0.317592E+03   0.816954E+01   0.000000E+00  -0.140211E+01   0.157384E-08   0.105040E-05  -0.113040E-06
  1825   0.316112E+03   0.823197E+01   0.000000E+00  -0.131756E+01   0.157152E-08   0.103081E-05  -0.112309E-06
  1826   0.314631E+03   0.829510E+01   0.000000E+00  -0.123894E+01   0.156920E-08   0.101241E-05  -0.111584E-06
  1827   0.313150E+03   0.835873E+01   0.000000E+00  -0.116623E+01   0.156689E-08   0.995268E-06  -0.110870E-06
  1828   0.311671E+03   0.842292E+01   0.000000E+00  -0.109941E+01   0.156459E-08   0.979455E-06  -0.110174E-06
  1829   0.310193E+03   0.848767E+01   0.000000E+00  -0.103850E+01   0.156229E-08   0.965042E-06  -0.109499E-06
  1830   0.308716E+03   0.855290E+01   0.000000E+00  -0.983482E+00   0.155999E-08   0.952097E-06  -0.108852E-06
  1831   0.307242E+03   0.861853E+01   0.000000E+00  -0.934348E+00   0.155769E-08   0.940690E-06  -0.108237E-06
  1832   0.305771E+03   0.868458E+01   0.000000E+00  -0.891083E+00   0.155540E-08   0.930891E-06  -0.107659E-06
  1833   0.304303E+03   0.875094E+01   0.000000E+00  -0.853676E+00   0.155311E-08   0.922770E-06  -0.107123E-06
  1834   0.302838E+03   0.881771E+01   0.000000E+00  -0.822100E+00   0.155083E-08   0.916395E-06  -0.106635E-06
  1835   0.301378E+03   0.888473E+01   0.000000E+00  -0.796343E+00   0.154854E-08   0.911837E-06  -0.106200E-06
  1836   0.299922E+03   0.895199E+01   0.000000E+00  -0.776380E+00   0.154627E-08   0.909165E-06  -0.105822E-06
  1837   0.298470E+03   0.901950E+01   0.000000E+00  -0.762200E+00   0.154399E-08   0.908449E-06  -0.105507E-06
  1838   0.297023E+03   0.908718E+01   0.000000E+00  -0.753775E+00   0.154172E-08   0.909759E-06  -0.105260E-06
  1839   0.295582E+03   0.915503E+01   0.000000E+00  -0.751080E+00   0.153946E-08   0.913163E-06  -0.105086E-06
  1840   0.294146E+03   0.922296E+01   0.000000E+00  -0.754073E+00   0.153719E-08   0.918732E-06  -0.104990E-06
  1841   0.292717E+03   0.929098E+01   0.000000E+00  -0.762721E+00   0.153493E-08   0.926536E-06  -0.104978E-06
  1842   0.291293E+03   0.935894E+01   0.000000E+00  -0.776982E+00   0.153268E-08   0.936643E-06  -0.105054E-06
  1843   0.289878E+03   0.942699E+01   0.000000E+00  -0.796823E+00   0.153042E-08   0.949123E-06  -0.105223E-06
  1844   0.288469E+03   0.949497E+01   0.000000E+00  -0.822211E+00   0.152818E-08   0.964047E-06  -0.105491E-06
  1845   0.287068E+03   0.956280E+01   0.000000E+00  -0.853096E+00   0.152593E-08   0.981483E-06  -0.105863E-06
  1846   0.285676E+03   0.963056E+01   0.000000E+00  -0.889444E+00   0.152369E-08   0.100150E-05  -0.106343E-06
  1847   0.284293E+03   0.969818E+01   0.000000E+00  -0.931208E+00   0.152145E-08   0.102417E-05  -0.106937E-06
  1848   0.282917E+03   0.976557E+01   0.000000E+00  -0.978332E+00   0.151921E-08   0.104956E-05  -0.107650E-06
  1849   0.281551E+03   0.983274E+01   0.000000E+00  -0.103077E+01   0.151698E-08   0.107775E-05  -0.108488E-06
  1850   0.280195E+03   0.989960E+01   0.000000E+00  -0.108848E+01   0.151476E-08   0.110879E-05  -0.109454E-06
  1851   0.278848E+03   0.996616E+01   0.000000E+00  -0.115141E+01   0.151253E-08   0.114273E-05  -0.110554E-06
  1852   0.277512E+03   0.100324E+02   0.000000E+00  -0.121952E+01   0.151031E-08   0.117949E-05  -0.111782E-06
  1853   0.276186E+03   0.100982E+02   0.000000E+00  -0.129276E+01   0.150809E-08   0.121896E-05  -0.113135E-06
  1854   0.274871E+03   0.101636E+02   0.000000E+00  -0.137106E+01   0.150588E-08   0.126102E-05  -0.114607E-06
  1855   0.273566E+03   0.102286E+02   0.000000E+00  -0.145435E+01   0.150367E-08   0.130556E-05  -0.116193E-06
  1856   0.272274E+03   0.102932E+02   0.000000E+00  -0.154259E+01   0.150146E-08   0.135247E-05  -0.117887E-06
  1857   0.270993E+03   0.103573E+02   0.000000E+00  -0.163572E+01   0.149926E-08   0.140163E-05  -0.119686E-06
  1858   0.269724E+03   0.104208E+02   0.000000E+00  -0.173365E+01   0.149706E-08   0.145294E-05  -0.121583E-06
  1859   0.268466E+03   0.104837E+02   0.000000E+00  -0.183634E+01   0.149486E-08   0.150628E-05  -0.123575E-06
  1860   0.267223E+03   0.105461E+02   0.000000E+00  -0.194372E+01   0.149267E-08   0.156154E-05  -0.125654E-06
  1861   0.265990E+03   0.106080E+02   0.000000E+00  -0.205572E+01   0.149048E-08   0.161860E-05  -0.127818E-06
  1862   0.264772E+03   0.106691E+02   0.000000E+00  -0.217226E+01   0.148829E-08   0.167736E-05  -0.130060E-06
  1863   0.263566E+03   0.107297E+02   0.000000E+00  -0.229327E+01   0.148611E-08   0.173770E-05  -0.132375E-06
  1864   0.262374E+03   0.107896E+02   0.000000E+00  -0.241870E+01   0.148393E-08   0.179951E-05  -0.134758E-06
  1865   0.261196E+03   0.108487E+02   0.000000E+00  -0.254846E+01   0.148176E-08   0.186268E-05  -0.137205E-06
  1866   0.260030E+03   0.109071E+02   0.000000E+00  -0.268248E+01   0.147958E-08   0.192709E-05  -0.139710E-06
  1867   0.258880E+03   0.109647E+02   0.000000E+00  -0.282068E+01   0.147741E-08   0.199263E-05  -0.142268E-06
  1868   0.257744E+03   0.110215E+02   0.000000E+00  -0.296298E+01   0.147525E-08   0.205919E-05  -0.144874E-06
  1869   0.256621E+03   0.110776E+02   0.000000E+00  -0.310929E+01   0.147309E-08   0.212666E-05  -0.147523E-06
  1870   0.255514E+03   0.111328E+02   0.000000E+00  -0.325952E+01   0.147093E-08   0.219492E-05  -0.150210E-06
  1871   0.254422E+03   0.111871E+02   0.000000E+00  -0.341360E+01   0.146877E-08   0.226387E-05  -0.152930E-06
  1872   0.253345E+03   0.112406E+02   0.000000E+00  -0.357143E+01   0.146662E-08   0.233338E-05  -0.155677E-06
  1873   0.252283E+03   0.112932E+02   0.000000E+00  -0.373293E+01   0.146447E-08   0.240335E-05  -0.158447E-06
  1874   0.251236E+03   0.113448E+02   0.000000E+00  -0.389801E+01   0.146233E-08   0.247367E-05  -0.161235E-06
  1875   0.250205E+03   0.113954E+02   0.000000E+00  -0.406656E+01   0.146018E-08   0.254422E-05  -0.164035E-06
  1876   0.249190E+03   0.114450E+02   0.000000E+00  -0.423850E+01   0.145804E-08   0.261490E-05  -0.166843E-06
  1877   0.248191E+03   0.114938E+02   0.000000E+00  -0.441372E+01   0.145591E-08   0.268558E-05  -0.169652E-06
  1878   0.247208E+03   0.115414E+02   0.000000E+00  -0.459214E+01   0.145378E-08   0.275615E-05  -0.172459E-06
  1879   0.246241E+03   0.115880E+02   0.000000E+00  -0.477366E+01   0.145165E-08   0.282651E-05  -0.175258E-06
  1880   0.245290E+03   0.116336E+02   0.000000E+00  -0.495818E+01   0.144952E-08   0.289654E-05  -0.178045E-06
  1881   0.244356E+03   0.116780E+02   0.000000E+00  -0.514561E+01   0.144740E-08   0.296613E-05  -0.180813E-06
  1882   0.243439E+03   0.117214E+02   0.000000E+00  -0.533583E+01   0.144528E-08   0.303516E-05  -0.183558E-06
  1883   0.242538E+03   0.117636E+02   0.000000E+00  -0.552876E+01   0.144317E-08   0.310353E-05  -0.186275E-06
  1884   0.241654E+03   0.118047E+02   0.000000E+00  -0.572429E+01   0.144105E-08   0.317112E-05  -0.188959E-06
  1885   0.240786E+03   0.118446E+02   0.000000E+00  -0.592233E+01   0.143895E-08   0.323781E-05  -0.191605E-06
  1886   0.239937E+03   0.118832E+02   0.000000E+00  -0.612277E+01   0.143684E-08   0.330351E-05  -0.194207E-06
  1887   0.239104E+03   0.119208E+02   0.000000E+00  -0.632552E+01   0.143474E-08   0.336808E-05  -0.196760E-06
  1888   0.238288E+03   0.119570E+02   0.000000E+00  -0.653046E+01   0.143264E-08   0.343143E-05  -0.199261E-06
  1889   0.237489E+03   0.119920E+02   0.000000E+00  -0.673747E+01   0.143054E-08   0.349344E-05  -0.201702E-06
  1890   0.236707E+03   0.120258E+02   0.000000E+00  -0.694644E+01   0.142845E-08   0.355400E-05  -0.204080E-06
  1891   0.235943E+03   0.120583E+02   0.000000E+00  -0.715727E+01   0.142636E-08   0.361299E-05  -0.206389E-06
  1892   0.235197E+03   0.120895E+02   0.000000E+00  -0.736983E+01   0.142428E-08   0.367030E-05  -0.208624E-06
  1893   0.234468E+03   0.121194E+02   0.000000E+00  -0.758400E+01   0.142219E-08   0.372583E-05  -0.210781E-06
  1894   0.233756E+03   0.121480E+02   0.000000E+00  -0.779969E+01   0.142011E-08   0.377945E-05  -0.212853E-06
  1895   0.233062E+03   0.121753E+02   0.000000E+00  -0.801677E+01   0.141804E-08   0.383105E-05  -0.214836E-06
  1896   0.232386E+03   0.122013E+02   0.000000E+00  -0.823513E+01   0.141596E-08   0.388053E-05  -0.216725E-06
  1897   0.231727E+03   0.122259E+02   0.000000E+00  -0.845467E+01   0.141390E-08   0.392777E-05  -0.218515E-06
  1898   0.231086E+03   0.122491E+02   0.000000E+00  -0.867527E+01   0.141183E-08   0.397265E-05  -0.220201E-06
  1899   0.230463E+03   0.122709E+02   0.000000E+00  -0.889683E+01   0.140977E-08   0.401507E-05  -0.221777E-06
  1900   0.229858E+03   0.122914E+02   0.000000E+00  -0.911923E+01   0.140771E-08   0.405492E-05  -0.223239E-06
  1901   0.229269E+03   0.123104E+02   0.000000E+00  -0.934237E+01   0.140565E-08   0.409209E-05  -0.224582E-06
  1902   0.228698E+03   0.123280E+02   0.000000E+00  -0.956615E+01   0.140359E-08   0.412656E-05  -0.225805E-06
  1903   0.228145E+03   0.123442E+02   0.000000E+00  -0.979044E+01   0.140154E-08   0.415832E-05  -0.226907E-06
  1904   0.227609E+03   0.123590E+02   0.000000E+00  -0.100153E+02   0.139950E-08   0.418736E-05  -0.227888E-06
  1905   0.227091E+03   0.123723E+02   0.000000E+00  -0.102404E+02   0.139745E-08   0.421367E-05  -0.228747E-06
  1906   0.226590E+03   0.123842E+02   0.000000E+00  -0.104658E+02   0.139541E-08   0.423724E-05  -0.229484E-06
  1907   0.226107E+03   0.123946E+02   0.000000E+00  -0.106914E+02   0.139337E-08   0.425806E-05  -0.230097E-06
  1908   0.225640E+03   0.124036E+02   0.000000E+00  -0.109170E+02   0.139134E-08   0.427612E-05  -0.230587E-06
  1909   0.225192E+03   0.124112E+02   0.000000E+00  -0.111426E+02   0.138931E-08   0.429141E-05  -0.230953E-06
  1910   0.224760E+03   0.124173E+02   0.000000E+00  -0.113682E+02   0.138728E-08   0.430391E-05  -0.231195E-06
  1911   0.224346E+03   0.124219E+02   0.000000E+00  -0.115935E+02   0.138525E-08   0.431362E-05  -0.231311E-06
  1912   0.223948E+03   0.124251E+02   0.000000E+00  -0.118184E+02   0.138323E-08   0.432052E-05  -0.231301E-06
  1913   0.223567E+03   0.124268E+02   0.000000E+00  -0.120431E+02   0.138121E-08   0.432462E-05  -0.231165E-06
  1914   0.223203E+03   0.124271E+02   0.000000E+00  -0.122672E+02   0.137920E-08   0.432589E-05  -0.230901E-06
  1915   0.222856E+03   0.124258E+02   0.000000E+00  -0.124907E+02   0.137718E-08   0.432432E-05  -0.230510E-06
  1916   0.222525E+03   0.124231E+02   0.000000E+00  -0.127136E+02   0.137517E-08   0.431992E-05  -0.229992E-06
  1917   0.222211E+03   0.124190E+02   0.000000E+00  -0.129357E+02   0.137317E-08   0.431265E-05  -0.229344E-06
  1918   0.221913E+03   0.124133E+02   0.000000E+00  -0.131570E+02   0.137116E-08   0.430253E-05  -0.228567E-06
  1919   0.221632E+03   0.124063E+02   0.000000E+00  -0.133772E+02   0.136916E-08   0.428952E-05  -0.227660E-06
  1920   0.221366E+03   0.123978E+02   0.000000E+00  -0.135965E+02   0.136717E-08   0.427363E-05  -0.226623E-06
  1921   0.221116E+03   0.123878E+02   0.000000E+00  -0.138146E+02   0.136517E-08   0.425485E-05  -0.225454E-06
  1922   0.220883E+03   0.123764E+02   0.000000E+00  -0.140315E+02   0.136318E-08   0.423316E-05  -0.224154E-06
  1923   0.220664E+03   0.123636E+02   0.000000E+00  -0.142470E+02   0.136119E-08   0.420855E-05  -0.222722E-06
  1924   0.220463E+03   0.123495E+02   0.000000E+00  -0.144611E+02   0.135921E-08   0.418101E-05  -0.221157E-06
  1925   0.220275E+03   0.123338E+02   0.000000E+00  -0.146737E+02   0.135722E-08   0.415054E-05  -0.219459E-06
  1926   0.220103E+03   0.123168E+02   0.000000E+00  -0.148847E+02   0.135524E-08   0.411712E-05  -0.217627E-06
  1927   0.219946E+03   0.122983E+02   0.000000E+00  -0.150940E+02   0.135327E-08   0.408074E-05  -0.215661E-06
  1928   0.219804E+03   0.122785E+02   0.000000E+00  -0.153016E+02   0.135129E-08   0.404139E-05  -0.213559E-06
  1929   0.219676E+03   0.122573E+02   0.000000E+00  -0.155073E+02   0.134932E-08   0.399907E-05  -0.211322E-06
  1930   0.219563E+03   0.122346E+02   0.000000E+00  -0.157110E+02   0.134736E-08   0.395376E-05  -0.208949E-06
  1931   0.219464E+03   0.122107E+02   0.000000E+00  -0.159127E+02   0.134539E-08   0.390544E-05  -0.206439E-06
  1932   0.219378E+03   0.121854E+02   0.000000E+00  -0.161123E+02   0.134343E-08   0.385412E-05  -0.203791E-06
  1933   0.219307E+03   0.121587E+02   0.000000E+00  -0.163097E+02   0.134147E-08   0.379978E-05  -0.201006E-06
  1934   0.219248E+03   0.121307E+02   0.000000E+00  -0.165048E+02   0.133951E-08   0.374240E-05  -0.198082E-06
  1935   0.219204E+03   0.121013E+02   0.000000E+00  -0.166975E+02   0.133756E-08   0.368199E-05  -0.195019E-06
  1936   0.219172E+03   0.120706E+02   0.000000E+00  -0.168878E+02   0.133561E-08   0.361852E-05  -0.191816E-06
  1937   0.219153E+03   0.120387E+02   0.000000E+00  -0.170755E+02   0.133366E-08   0.355200E-05  -0.188474E-06
  1938   0.219147E+03   0.120054E+02   0.000000E+00  -0.172606E+02   0.133172E-08   0.348240E-05  -0.184990E-06
  1939   0.219153E+03   0.119709E+02   0.000000E+00  -0.174431E+02   0.132978E-08   0.340972E-05  -0.181365E-06
  1940   0.219170E+03   0.119351E+02   0.000000E+00  -0.176228E+02   0.132784E-08   0.333395E-05  -0.177599E-06
  1941   0.219200E+03   0.118981E+02   0.000000E+00  -0.177997E+02   0.132591E-08   0.325507E-05  -0.173689E-06
  1942   0.219241E+03   0.118599E+02   0.000000E+00  -0.179736E+02   0.132397E-08   0.317308E-05  -0.169637E-06
  1943   0.219294E+03   0.118204E+02   0.000000E+00  -0.181446E+02   0.132204E-08   0.308797E-05  -0.165441E-06
  1944   0.219357E+03   0.117798E+02   0.000000E+00  -0.183124E+02   0.132012E-08   0.299973E-05  -0.161101E-06
  1945   0.219431E+03   0.117380E+02   0.000000E+00  -0.184772E+02   0.131819E-08   0.290834E-05  -0.156616E-06
  1946   0.219516E+03   0.116949E+02   0.000000E+00  -0.186387E+02   0.131627E-08   0.281379E-05  -0.151985E-06
  1947   0.219610E+03   0.116508E+02   0.000000E+00  -0.187970E+02   0.131435E-08   0.271608E-05  -0.147209E-06
  1948   0.219715E+03   0.116055E+02   0.000000E+00  -0.189519E+02   0.131244E-08   0.261520E-05  -0.142286E-06
  1949   0.219828E+03   0.115591E+02   0.000000E+00  -0.191034E+02   0.131052E-08   0.251113E-05  -0.137216E-06
  1950   0.219951E+03   0.115115E+02   0.000000E+00  -0.192514E+02   0.130861E-08   0.240387E-05  -0.131998E-06
  1951   0.220083E+03   0.114628E+02   0.000000E+00  -0.193958E+02   0.130671E-08   0.229343E-05  -0.126634E-06
  1952   0.220224E+03   0.114131E+02   0.000000E+00  -0.195366E+02   0.130480E-08   0.217998E-05  -0.121133E-06
  1953   0.220373E+03   0.113623E+02   0.000000E+00  -0.196738E+02   0.130290E-08   0.206372E-05  -0.115503E-06
  1954   0.220529E+03   0.113106E+02   0.000000E+00  -0.198073E+02   0.130100E-08   0.194483E-05  -0.109757E-06
  1955   0.220694E+03   0.112578E+02   0.000000E+00  -0.199370E+02   0.129911E-08   0.182351E-05  -0.103904E-06
  1956   0.220867E+03   0.112039E+02   0.000000E+00  -0.200630E+02   0.129721E-08   0.169995E-05  -0.979556E-07
  1957   0.221047E+03   0.111492E+02   0.000000E+00  -0.201853E+02   0.129532E-08   0.157435E-05  -0.919211E-07
  1958   0.221234E+03   0.110935E+02   0.000000E+00  -0.203036E+02   0.129344E-08   0.144690E-05  -0.858114E-07
  1959   0.221428E+03   0.110370E+02   0.000000E+00  -0.204181E+02   0.129155E-08   0.131779E-05  -0.796369E-07
  1960   0.221629E+03   0.109794E+02   0.000000E+00  -0.205286E+02   0.128967E-08   0.118723E-05  -0.734081E-07
  1961   0.221837E+03   0.109210E+02   0.000000E+00  -0.206352E+02   0.128779E-08   0.105540E-05  -0.671353E-07
  1962   0.222049E+03   0.108618E+02   0.000000E+00  -0.207378E+02   0.128591E-08   0.922492E-06  -0.608290E-07
  1963   0.222268E+03   0.108016E+02   0.000000E+00  -0.208364E+02   0.128404E-08   0.788707E-06  -0.544996E-07
  1964   0.222493E+03   0.107407E+02   0.000000E+00  -0.209309E+02   0.128217E-08   0.654237E-06  -0.481575E-07
  1965   0.222722E+03   0.106789E+02   0.000000E+00  -0.210213E+02   0.128030E-08   0.519275E-06  -0.418133E-07
  1966   0.222956E+03   0.106163E+02   0.000000E+00  -0.211076E+02   0.127843E-08   0.384015E-06  -0.354772E-07
  1967   0.223196E+03   0.105529E+02   0.000000E+00  -0.211898E+02   0.127657E-08   0.248652E-06  -0.291599E-07
  1968   0.223438E+03   0.104889E+02   0.000000E+00  -0.212678E+02   0.127471E-08   0.113379E-06  -0.228715E-07
  1969   0.223686E+03   0.104240E+02   0.000000E+00  -0.213416E+02   0.127285E-08  -0.216104E-07  -0.166227E-07
  1970   0.223937E+03   0.103586E+02   0.000000E+00  -0.214113E+02   0.127100E-08  -0.156122E-06  -0.104239E-07
  1971   0.224192E+03   0.102924E+02   0.000000E+00  -0.214766E+02   0.126915E-08  -0.289962E-06  -0.428534E-08
  1972   0.224450E+03   0.102256E+02   0.000000E+00  -0.215379E+02   0.126730E-08  -0.422936E-06   0.178238E-08
  1973   0.224710E+03   0.101582E+02   0.000000E+00  -0.215948E+02   0.126545E-08  -0.554851E-06   0.776888E-08
  1974   0.224974E+03   0.100902E+02   0.000000E+00  -0.216474E+02   0.126361E-08  -0.685512E-06   0.136637E-07
  1975   0.225240E+03   0.100215E+02   0.000000E+00  -0.216957E+02   0.126177E-08  -0.814726E-06   0.194565E-07
  1976   0.225507E+03   0.995243E+01   0.000000E+00  -0.217398E+02   0.125993E-08  -0.942299E-06   0.251367E-07
  1977   0.225776E+03   0.988273E+01   0.000000E+00  -0.217795E+02   0.125809E-08  -0.106804E-05   0.306940E-07
  1978   0.226046E+03   0.981246E+01   0.000000E+00  -0.218149E+02   0.125626E-08  -0.119175E-05   0.361179E-07
  1979   0.226317E+03   0.974184E+01   0.000000E+00  -0.218459E+02   0.125443E-08  -0.131323E-05   0.413980E-07
  1980   0.226590E+03   0.967065E+01   0.000000E+00  -0.218726E+02   0.125260E-08  -0.143230E-05   0.465239E-07
  1981   0.226862E+03   0.959912E+01   0.000000E+00  -0.218950E+02   0.125078E-08  -0.154876E-05   0.514851E-07
  1982   0.227135E+03   0.952716E+01   0.000000E+00  -0.219131E+02   0.124896E-08  -0.166241E-05   0.562712E-07
  1983   0.227407E+03   0.945480E+01   0.000000E+00  -0.219269E+02   0.124714E-08  -0.177307E-05   0.608718E-07
  1984   0.227679E+03   0.938217E+01   0.000000E+00  -0.219364E+02   0.124532E-08  -0.188054E-05   0.652764E-07
  1985   0.227951E+03   0.930920E+01   0.000000E+00  -0.219415E+02   0.124351E-08  -0.198461E-05   0.694747E-07
  1986   0.228221E+03   0.923590E+01   0.000000E+00  -0.219424E+02   0.124169E-08  -0.208511E-05   0.734561E-07
  1987   0.228490E+03   0.916242E+01   0.000000E+00  -0.219390E+02   0.123989E-08  -0.218184E-05   0.772103E-07
  1988   0.228757E+03   0.908868E+01   0.000000E+00  -0.219313E+02   0.123808E-08  -0.227459E-05   0.807268E-07
  1989   0.229023E+03   0.901477E+01   0.000000E+00  -0.219193E+02   0.123628E-08  -0.236319E-05   0.839952E-07
  1990   0.229286E+03   0.894061E+01   0.000000E+00  -0.219031E+02   0.123448E-08  -0.244743E-05   0.870050E-07
  1991   0.229547E+03   0.886634E+01   0.000000E+00  -0.218827E+02   0.123268E-08  -0.252712E-05   0.897459E-07
  1992   0.229805E+03   0.879191E+01   0.000000E+00  -0.218580E+02   0.123088E-08  -0.260206E-05   0.922074E-07
  1993   0.230059E+03   0.871739E+01   0.000000E+00  -0.218291E+02   0.122909E-08  -0.267207E-05   0.943791E-07
  1994   0.230311E+03   0.864284E+01   0.000000E+00  -0.217959E+02   0.122730E-08  -0.273695E-05   0.962506E-07
  1995   0.230558E+03   0.856821E+01   0.000000E+00  -0.217587E+02   0.122551E-08  -0.279651E-05   0.978113E-07
  1996   0.230802E+03   0.849349E+01   0.000000E+00  -0.217172E+02   0.122373E-08  -0.285054E-05   0.990509E-07
  1997   0.231041E+03   0.841883E+01   0.000000E+00  -0.216716E+02   0.122195E-08  -0.289887E-05   0.999590E-07
  1998   0.231275E+03   0.834424E+01   0.000000E+00  -0.216220E+02   0.122017E-08  -0.294128E-05   0.100525E-06
  1999   0.231505E+03   0.826964E+01   0.000000E+00  -0.215682E+02   0.121839E-08  -0.297760E-05   0.100739E-06
  2000   0.231728E+03   0.819512E+01   0.000000E+00  -0.215105E+02   0.121662E-08  -0.300762E-05   0.100590E-06
  2001   0.231947E+03   0.812074E+01   0.000000E+00  -0.214486E+02   0.121485E-08  -0.303122E-05   0.100072E-06
  2002   0.232160E+03   0.804651E+01   0.000000E+00  -0.213829E+02   0.121308E-08  -0.304855E-05   0.991962E-07
  2003   0.232367E+03   0.797241E+01   0.000000E+00  -0.213132E+02   0.121131E-08  -0.305981E-05   0.979794E-07
  2004   0.232568E+03   0.789846E+01   0.000000E+00  -0.212395E+02   0.120955E-08  -0.306522E-05   0.964369E-07
  2005   0.232763E+03   0.782479E+01   0.000000E+00  -0.211619E+02   0.120779E-08  -0.306500E-05   0.945847E-07
  2006   0.232952E+03   0.775125E+01   0.000000E+00  -0.210805E+02   0.120603E-08  -0.305935E-05   0.924388E-07
  2007   0.233133E+03   0.767798E+01   0.000000E+00  -0.209953E+02   0.120427E-08  -0.304849E-05   0.900148E-07
  2008   0.233307E+03   0.760500E+01   0.000000E+00  -0.209063E+02   0.120252E-08  -0.303262E-05   0.873289E-07
  2009   0.233474E+03   0.753228E+01   0.000000E+00  -0.208135E+02   0.120077E-08  -0.301197E-05   0.843968E-07
  2010   0.233634E+03   0.745990E+01   0.000000E+00  -0.207170E+02   0.119902E-08  -0.298674E-05   0.812345E-07
  2011   0.233787E+03   0.738779E+01   0.000000E+00  -0.206168E+02   0.119727E-08  -0.295716E-05   0.778578E-07
  2012   0.233931E+03   0.731601E+01   0.000000E+00  -0.205130E+02   0.119553E-08  -0.292342E-05   0.742826E-07
  2013   0.234067E+03   0.724457E+01   0.000000E+00  -0.204055E+02   0.119379E-08  -0.288574E-05   0.705248E-07
  2014   0.234195E+03   0.717353E+01   0.000000E+00  -0.202945E+02   0.119205E-08  -0.284434E-05   0.666003E-07
  2015   0.234315E+03   0.710289E+01   0.000000E+00  -0.201799E+02   0.119032E-08  -0.279943E-05   0.625251E-07
  2016   0.234426E+03   0.703273E+01   0.000000E+00  -0.200619E+02   0.118859E-08  -0.275121E-05   0.583149E-07
  2017   0.234529E+03   0.696296E+01   0.000000E+00  -0.199406E+02   0.118686E-08  -0.269991E-05   0.539857E-07
  2018   0.234623E+03   0.689365E+01   0.000000E+00  -0.198159E+02   0.118513E-08  -0.264574E-05   0.495533E-07
  2019   0.234708E+03   0.682488E+01   0.000000E+00  -0.196880E+02   0.118340E-08  -0.258890E-05   0.450337E-07
  2020   0.234783E+03   0.675657E+01   0.000000E+00  -0.195569E+02   0.118168E-08  -0.252961E-05   0.404428E-07
  2021   0.234850E+03   0.668886E+01   0.000000E+00  -0.194226E+02   0.117996E-08  -0.246809E-05   0.357964E-07
  2022   0.234908E+03   0.662164E+01   0.000000E+00  -0.192853E+02   0.117825E-08  -0.240454E-05   0.311104E-07
  2023   0.234956E+03   0.655502E+01   0.000000E+00  -0.191449E+02   0.117653E-08  -0.233918E-05   0.264007E-07
  2024   0.234995E+03   0.648899E+01   0.000000E+00  -0.190015E+02   0.117482E-08  -0.227222E-05   0.216832E-07
  2025   0.235024E+03   0.642356E+01   0.000000E+00  -0.188552E+02   0.117311E-08  -0.220387E-05   0.169738E-07
  2026   0.235042E+03   0.635875E+01   0.000000E+00  -0.187061E+02   0.117140E-08  -0.213435E-05   0.122884E-07
  2027   0.235051E+03   0.629458E+01   0.000000E+00  -0.185541E+02   0.116970E-08  -0.206387E-05   0.764286E-08
  2028   0.235049E+03   0.623107E+01   0.000000E+00  -0.183993E+02   0.116799E-08  -0.199263E-05   0.305307E-08
  2029   0.235037E+03   0.616823E+01   0.000000E+00  -0.182419E+02   0.116629E-08  -0.192086E-05  -0.146507E-08
  2030   0.235014E+03   0.610608E+01   0.000000E+00  -0.180818E+02   0.116460E-08  -0.184877E-05  -0.589567E-08
  2031   0.234982E+03   0.604465E+01   0.000000E+00  -0.179192E+02   0.116290E-08  -0.177657E-05  -0.102228E-07
  2032   0.234938E+03   0.598394E+01   0.000000E+00  -0.177542E+02   0.116121E-08  -0.170446E-05  -0.144307E-07
  2033   0.234883E+03   0.592398E+01   0.000000E+00  -0.175868E+02   0.115952E-08  -0.163267E-05  -0.185034E-07
  2034   0.234818E+03   0.586478E+01   0.000000E+00  -0.174170E+02   0.115783E-08  -0.156141E-05  -0.224249E-07
  2035   0.234741E+03   0.580636E+01   0.000000E+00  -0.172450E+02   0.115615E-08  -0.149088E-05  -0.261795E-07
  2036   0.234654E+03   0.574874E+01   0.000000E+00  -0.170708E+02   0.115447E-08  -0.142131E-05  -0.297512E-07
  2037   0.234555E+03   0.569191E+01   0.000000E+00  -0.168943E+02   0.115279E-08  -0.135289E-05  -0.331241E-07
  2038   0.234445E+03   0.563591E+01   0.000000E+00  -0.167160E+02   0.115111E-08  -0.128586E-05  -0.362824E-07
  2039   0.234323E+03   0.558074E+01   0.000000E+00  -0.165355E+02   0.114943E-08  -0.122041E-05  -0.392102E-07
  2040   0.234190E+03   0.552642E+01   0.000000E+00  -0.163532E+02   0.114776E-08  -0.115677E-05  -0.418915E-07
  2041   0.234045E+03   0.547295E+01   0.000000E+00  -0.161691E+02   0.114609E-08  -0.109514E-05  -0.443105E-07
  2042   0.233888E+03   0.542036E+01   0.000000E+00  -0.159832E+02   0.114442E-08  -0.103573E-05  -0.464513E-07
  2043   0.233720E+03   0.536866E+01   0.000000E+00  -0.157955E+02   0.114276E-08  -0.978765E-06  -0.482980E-07
  2044   0.233540E+03   0.531786E+01   0.000000E+00  -0.156063E+02   0.114110E-08  -0.924450E-06  -0.498347E-07
  2045   0.233349E+03   0.526797E+01   0.000000E+00  -0.154156E+02   0.113944E-08  -0.872999E-06  -0.510455E-07
  2046   0.233145E+03   0.521902E+01   0.000000E+00  -0.152234E+02   0.113778E-08  -0.824625E-06  -0.519146E-07
  2047   0.232929E+03   0.517100E+01   0.000000E+00  -0.150299E+02   0.113612E-08  -0.779540E-06  -0.524260E-07
  2048   0.232702E+03   0.512395E+01   0.000000E+00  -0.148351E+02   0.113447E-08  -0.737956E-06  -0.525639E-07
  2049   0.232463E+03   0.507786E+01   0.000000E+00  -0.146392E+02   0.113282E-08  -0.700086E-06  -0.523123E-07
  2050   0.232212E+03   0.503275E+01   0.000000E+00  -0.144421E+02   0.113117E-08  -0.666144E-06  -0.516554E-07
  2051   0.231949E+03   0.498862E+01   0.000000E+00  -0.142441E+02   0.112953E-08  -0.636281E-06  -0.505828E-07
  2052   0.231674E+03   0.494548E+01   0.000000E+00  -0.140450E+02   0.112788E-08  -0.610417E-06  -0.491063E-07
  2053   0.231387E+03   0.490334E+01   0.000000E+00  -0.138450E+02   0.112624E-08  -0.588411E-06  -0.472431E-07
  2054   0.231088E+03   0.486221E+01   0.000000E+00  -0.136442E+02   0.112460E-08  -0.570123E-06  -0.450105E-07
  2055   0.230776E+03   0.482208E+01   0.000000E+00  -0.134426E+02   0.112297E-08  -0.555412E-06  -0.424257E-07
  2056   0.230453E+03   0.478298E+01   0.000000E+00  -0.132404E+02   0.112133E-08  -0.544137E-06  -0.395060E-07
  2057   0.230117E+03   0.474490E+01   0.000000E+00  -0.130374E+02   0.111970E-08  -0.536158E-06  -0.362686E-07
  2058   0.229770E+03   0.470785E+01   0.000000E+00  -0.128339E+02   0.111807E-08  -0.531335E-06  -0.327309E-07
  2059   0.229410E+03   0.467182E+01   0.000000E+00  -0.126300E+02   0.111644E-08  -0.529526E-06  -0.289100E-07
  2060   0.229038E+03   0.463685E+01   0.000000E+00  -0.124255E+02   0.111482E-08  -0.530591E-06  -0.248233E-07
  2061   0.228654E+03   0.460292E+01   0.000000E+00  -0.122208E+02   0.111320E-08  -0.534391E-06  -0.204880E-07
  2062   0.228259E+03   0.457004E+01   0.000000E+00  -0.120157E+02   0.111158E-08  -0.540783E-06  -0.159213E-07
  2063   0.227851E+03   0.453820E+01   0.000000E+00  -0.118104E+02   0.110996E-08  -0.549628E-06  -0.111405E-07
  2064   0.227432E+03   0.450743E+01   0.000000E+00  -0.116050E+02   0.110834E-08  -0.560786E-06  -0.616290E-08
  2065   0.227001E+03   0.447772E+01   0.000000E+00  -0.113995E+02   0.110673E-08  -0.574114E-06  -0.100574E-08
  2066   0.226559E+03   0.444907E+01   0.000000E+00  -0.111941E+02   0.110512E-08  -0.589474E-06   0.431373E-08
  2067   0.226104E+03   0.442148E+01   0.000000E+00  -0.109886E+02   0.110351E-08  -0.606724E-06   0.977825E-08
  2068   0.225639E+03   0.439496E+01   0.000000E+00  -0.107834E+02   0.110191E-08  -0.625724E-06   0.153706E-07
  2069   0.225161E+03   0.436949E+01   0.000000E+00  -0.105783E+02   0.110030E-08  -0.646334E-06   0.210734E-07
  2070   0.224673E+03   0.434511E+01   0.000000E+00  -0.103735E+02   0.109870E-08  -0.668412E-06   0.268695E-07
  2071   0.224173E+03   0.432178E+01   0.000000E+00  -0.101691E+02   0.109710E-08  -0.691819E-06   0.327416E-07
  2072   0.223661E+03   0.429952E+01   0.000000E+00  -0.996505E+01   0.109550E-08  -0.716413E-06   0.386724E-07
  2073   0.223139E+03   0.427832E+01   0.000000E+00  -0.976154E+01   0.109391E-08  -0.742055E-06   0.446448E-07
  2074   0.222605E+03   0.425818E+01   0.000000E+00  -0.955852E+01   0.109232E-08  -0.768603E-06   0.506413E-07
  2075   0.222061E+03   0.423912E+01   0.000000E+00  -0.935615E+01   0.109073E-08  -0.795917E-06   0.566449E-07
  2076   0.221505E+03   0.422110E+01   0.000000E+00  -0.915441E+01   0.108914E-08  -0.823857E-06   0.626381E-07
  2077   0.220938E+03   0.420415E+01   0.000000E+00  -0.895347E+01   0.108755E-08  -0.852282E-06   0.686038E-07
  2078   0.220361E+03   0.418824E+01   0.000000E+00  -0.875338E+01   0.108597E-08  -0.881052E-06   0.745247E-07
  2079   0.219773E+03   0.417340E+01   0.000000E+00  -0.855414E+01   0.108439E-08  -0.910025E-06   0.803835E-07
  2080   0.219175E+03   0.415960E+01   0.000000E+00  -0.835590E+01   0.108281E-08  -0.939062E-06   0.861630E-07
  2081   0.218567E+03   0.414685E+01   0.000000E+00  -0.815866E+01   0.108123E-08  -0.968021E-06   0.918458E-07
  2082   0.217949E+03   0.413515E+01   0.000000E+00  -0.796256E+01   0.107966E-08  -0.996763E-06   0.974149E-07
  2083   0.217321E+03   0.412448E+01   0.000000E+00  -0.776767E+01   0.107809E-08  -0.102515E-05   0.102853E-06
  2084   0.216682E+03   0.411486E+01   0.000000E+00  -0.757400E+01   0.107652E-08  -0.105303E-05   0.108142E-06
  2085   0.216036E+03   0.410625E+01   0.000000E+00  -0.738168E+01   0.107495E-08  -0.108028E-05   0.113266E-06
  2086   0.215378E+03   0.409867E+01   0.000000E+00  -0.719071E+01   0.107338E-08  -0.110674E-05   0.118207E-06
  2087   0.214712E+03   0.409211E+01   0.000000E+00  -0.700116E+01   0.107182E-08  -0.113229E-05   0.122948E-06
  2088   0.214037E+03   0.408655E+01   0.000000E+00  -0.681311E+01   0.107026E-08  -0.115677E-05   0.127472E-06
  2089   0.213352E+03   0.408200E+01   0.000000E+00  -0.662663E+01   0.106870E-08  -0.118006E-05   0.131761E-06
  2090   0.212659E+03   0.407843E+01   0.000000E+00  -0.644178E+01   0.106714E-08  -0.120200E-05   0.135797E-06
  2091   0.211956E+03   0.407586E+01   0.000000E+00  -0.625857E+01   0.106559E-08  -0.122246E-05   0.139565E-06
  2092   0.211245E+03   0.407427E+01   0.000000E+00  -0.607714E+01   0.106404E-08  -0.124129E-05   0.143046E-06
  2093   0.210525E+03   0.407364E+01   0.000000E+00  -0.589755E+01   0.106249E-08  -0.125836E-05   0.146224E-06
  2094   0.209798E+03   0.407396E+01   0.000000E+00  -0.571975E+01   0.106094E-08  -0.127353E-05   0.149080E-06
  2095   0.209062E+03   0.407525E+01   0.000000E+00  -0.554393E+01   0.105939E-08  -0.128665E-05   0.151599E-06
  2096   0.208319E+03   0.407747E+01   0.000000E+00  -0.537011E+01   0.105785E-08  -0.129759E-05   0.153762E-06
  2097   0.207568E+03   0.408062E+01   0.000000E+00  -0.519831E+01   0.105631E-08  -0.130620E-05   0.155552E-06
  2098   0.206809E+03   0.408469E+01   0.000000E+00  -0.502862E+01   0.105477E-08  -0.131235E-05   0.156952E-06
  2099   0.206043E+03   0.408967E+01   0.000000E+00  -0.486109E+01   0.105323E-08  -0.131589E-05   0.157945E-06
  2100   0.205269E+03   0.409554E+01   0.000000E+00  -0.469577E+01   0.105169E-08  -0.131668E-05   0.158513E-06
  2101   0.204489E+03   0.410231E+01   0.000000E+00  -0.453272E+01   0.105016E-08  -0.131462E-05   0.158645E-06
  2102   0.203701E+03   0.410994E+01   0.000000E+00  -0.437197E+01   0.104863E-08  -0.130980E-05   0.158351E-06
  2103   0.202907E+03   0.411844E+01   0.000000E+00  -0.421355E+01   0.104710E-08  -0.130231E-05   0.157644E-06
  2104   0.202106E+03   0.412779E+01   0.000000E+00  -0.405753E+01   0.104558E-08  -0.129228E-05   0.156542E-06
  2105   0.201299E+03   0.413798E+01   0.000000E+00  -0.390392E+01   0.104405E-08  -0.127983E-05   0.155059E-06
  2106   0.200485E+03   0.414900E+01   0.000000E+00  -0.375275E+01   0.104253E-08  -0.126506E-05   0.153209E-06
  2107   0.199665E+03   0.416084E+01   0.000000E+00  -0.360406E+01   0.104101E-08  -0.124809E-05   0.151009E-06
  2108   0.198839E+03   0.417348E+01   0.000000E+00  -0.345789E+01   0.103949E-08  -0.122904E-05   0.148474E-06
  2109   0.198008E+03   0.418691E+01   0.000000E+00  -0.331427E+01   0.103797E-08  -0.120802E-05   0.145618E-06
  2110   0.197171E+03   0.420112E+01   0.000000E+00  -0.317322E+01   0.103646E-08  -0.118514E-05   0.142456E-06
  2111   0.196330E+03   0.421610E+01   0.000000E+00  -0.303479E+01   0.103495E-08  -0.116053E-05   0.139005E-06
  2112   0.195483E+03   0.423182E+01   0.000000E+00  -0.289900E+01   0.103344E-08  -0.113429E-05   0.135279E-06
  2113   0.194632E+03   0.424829E+01   0.000000E+00  -0.276586E+01   0.103193E-08  -0.110654E-05   0.131293E-06
  2114   0.193776E+03   0.426547E+01   0.000000E+00  -0.263542E+01   0.103043E-08  -0.107740E-05   0.127062E-06
  2115   0.192916E+03   0.428336E+01   0.000000E+00  -0.250768E+01   0.102893E-08  -0.104698E-05   0.122602E-06
  2116   0.192051E+03   0.430194E+01   0.000000E+00  -0.238267E+01   0.102743E-08  -0.101540E-05   0.117928E-06
  2117   0.191183E+03   0.432121E+01   0.000000E+00  -0.226042E+01   0.102593E-08  -0.982763E-06   0.113055E-06
  2118   0.190310E+03   0.434112E+01   0.000000E+00  -0.214095E+01   0.102443E-08  -0.949195E-06   0.107998E-06
  2119   0.189434E+03   0.436169E+01   0.000000E+00  -0.202427E+01   0.102294E-08  -0.914806E-06   0.102772E-06
  2120   0.188554E+03   0.438288E+01   0.000000E+00  -0.191041E+01   0.102145E-08  -0.879713E-06   0.973929E-07
  2121   0.187672E+03   0.440469E+01   0.000000E+00  -0.179938E+01   0.101996E-08  -0.844030E-06   0.918753E-07
  2122   0.186786E+03   0.442709E+01   0.000000E+00  -0.169119E+01   0.101847E-08  -0.807872E-06   0.862345E-07
  2123   0.185898E+03   0.445007E+01   0.000000E+00  -0.158587E+01   0.101699E-08  -0.771354E-06   0.804858E-07
  2124   0.185007E+03   0.447362E+01   0.000000E+00  -0.148343E+01   0.101551E-08  -0.734591E-06   0.746441E-07
  2125   0.184114E+03   0.449770E+01   0.000000E+00  -0.138388E+01   0.101403E-08  -0.697697E-06   0.687249E-07
  2126   0.183219E+03   0.452232E+01   0.000000E+00  -0.128723E+01   0.101255E-08  -0.660788E-06   0.627431E-07
  2127   0.182322E+03   0.454745E+01   0.000000E+00  -0.119350E+01   0.101108E-08  -0.623979E-06   0.567140E-07
  2128   0.181423E+03   0.457307E+01   0.000000E+00  -0.110270E+01   0.100961E-08  -0.587384E-06   0.506527E-07
  2129   0.180523E+03   0.459915E+01   0.000000E+00  -0.101483E+01   0.100814E-08  -0.551118E-06   0.445745E-07
  2130   0.179622E+03   0.462570E+01   0.000000E+00  -0.929916E+00   0.100667E-08  -0.515297E-06   0.384944E-07
  2131   0.178719E+03   0.465268E+01   0.000000E+00  -0.847957E+00   0.100520E-08  -0.480035E-06   0.324277E-07
  2132   0.177816E+03   0.468008E+01   0.000000E+00  -0.768967E+00   0.100374E-08  -0.445446E-06   0.263896E-07
  2133   0.176912E+03   0.470788E+01   0.000000E+00  -0.692935E+00   0.100228E-08  -0.411647E-06   0.203951E-07
  2134   0.176007E+03   0.473606E+01   0.000000E+00  -0.619871E+00   0.100082E-08  -0.378751E-06   0.144595E-07
  2135   0.175103E+03   0.476460E+01   0.000000E+00  -0.549779E+00   0.999366E-09  -0.346875E-06   0.859795E-08
  2136   0.174199E+03   0.479348E+01   0.000000E+00  -0.482649E+00   0.997913E-09  -0.316131E-06   0.282562E-08
  2137   0.173294E+03   0.482268E+01   0.000000E+00  -0.418482E+00   0.996463E-09  -0.286637E-06  -0.284233E-08
  2138   0.172391E+03   0.485220E+01   0.000000E+00  -0.357276E+00   0.995015E-09  -0.258505E-06  -0.839073E-08
  2139   0.171488E+03   0.488199E+01   0.000000E+00  -0.299034E+00   0.993569E-09  -0.231852E-06  -0.138044E-07
  2140   0.170587E+03   0.491205E+01   0.000000E+00  -0.243752E+00   0.992126E-09  -0.206793E-06  -0.190682E-07
  2141   0.169687E+03   0.494235E+01   0.000000E+00  -0.191418E+00   0.990686E-09  -0.183441E-06  -0.241669E-07
  2142   0.168788E+03   0.497288E+01   0.000000E+00  -0.142023E+00   0.989247E-09  -0.161912E-06  -0.290853E-07
  2143   0.167891E+03   0.500361E+01   0.000000E+00  -0.955676E-01   0.987812E-09  -0.142321E-06  -0.338084E-07
  2144   0.166997E+03   0.503453E+01   0.000000E+00  -0.520372E-01   0.986379E-09  -0.124783E-06  -0.383209E-07
  2145   0.166104E+03   0.506561E+01   0.000000E+00  -0.114309E-01   0.984948E-09  -0.109413E-06  -0.426076E-07
  2146   0.165213E+03   0.509683E+01   0.000000E+00   0.262616E-01   0.983520E-09  -0.963255E-07  -0.466534E-07
  2147   0.164325E+03   0.512817E+01   0.000000E+00   0.610533E-01   0.982094E-09  -0.856353E-07  -0.504431E-07
  2148   0.163440E+03   0.515962E+01   0.000000E+00   0.929599E-01   0.980671E-09  -0.774574E-07  -0.539615E-07
  2149   0.162558E+03   0.519114E+01   0.000000E+00   0.121996E+00   0.979251E-09  -0.719069E-07  -0.571935E-07
  2150   0.161678E+03   0.522273E+01   0.000000E+00   0.148177E+00   0.977833E-09  -0.690985E-07  -0.601240E-07
  2151   0.160802E+03   0.525435E+01   0.000000E+00   0.171513E+00   0.976418E-09  -0.691186E-07  -0.627412E-07
  2152   0.159930E+03   0.528601E+01   0.000000E+00   0.192002E+00   0.975005E-09  -0.719385E-07  -0.650479E-07
  2153   0.159062E+03   0.531767E+01   0.000000E+00   0.209635E+00   0.973595E-09  -0.775013E-07  -0.670506E-07
  2154   0.158197E+03   0.534933E+01   0.000000E+00   0.224412E+00   0.972187E-09  -0.857497E-07  -0.687555E-07
  2155   0.157336E+03   0.538099E+01   0.000000E+00   0.236336E+00   0.970782E-09  -0.966266E-07  -0.701690E-07
  2156   0.156479E+03   0.541261E+01   0.000000E+00   0.245408E+00   0.969379E-09  -0.110075E-06  -0.712974E-07
  2157   0.155627E+03   0.544421E+01   0.000000E+00   0.251630E+00   0.967978E-09  -0.126037E-06  -0.721470E-07
  2158   0.154779E+03   0.547576E+01   0.000000E+00   0.255004E+00   0.966579E-09  -0.144457E-06  -0.727242E-07
  2159   0.153935E+03   0.550726E+01   0.000000E+00   0.255531E+00   0.965182E-09  -0.165276E-06  -0.730353E-07
  2160   0.153096E+03   0.553867E+01   0.000000E+00   0.253214E+00   0.963788E-09  -0.188439E-06  -0.730867E-07
  2161   0.152261E+03   0.557001E+01   0.000000E+00   0.248059E+00   0.962396E-09  -0.213886E-06  -0.728846E-07
  2162   0.151432E+03   0.560125E+01   0.000000E+00   0.240076E+00   0.961005E-09  -0.241563E-06  -0.724354E-07
  2163   0.150607E+03   0.563238E+01   0.000000E+00   0.229269E+00   0.959617E-09  -0.271410E-06  -0.717455E-07
  2164   0.149788E+03   0.566339E+01   0.000000E+00   0.215650E+00   0.958231E-09  -0.303372E-06  -0.708212E-07
  2165   0.148973E+03   0.569426E+01   0.000000E+00   0.199223E+00   0.956846E-09  -0.337391E-06  -0.696689E-07
  2166   0.148164E+03   0.572499E+01   0.000000E+00   0.179998E+00   0.955463E-09  -0.373410E-06  -0.682947E-07
  2167   0.147361E+03   0.575555E+01   0.000000E+00   0.157985E+00   0.954082E-09  -0.411372E-06  -0.667052E-07
  2168   0.146563E+03   0.578595E+01   0.000000E+00   0.133201E+00   0.952703E-09  -0.451219E-06  -0.649066E-07
  2169   0.145771E+03   0.581616E+01   0.000000E+00   0.105670E+00   0.951325E-09  -0.492895E-06  -0.629053E-07
  2170   0.144985E+03   0.584619E+01   0.000000E+00   0.754119E-01   0.949949E-09  -0.536342E-06  -0.607076E-07
  2171   0.144204E+03   0.587600E+01   0.000000E+00   0.424472E-01   0.948575E-09  -0.581504E-06  -0.583198E-07
  2172   0.143430E+03   0.590562E+01   0.000000E+00   0.679917E-02   0.947202E-09  -0.628322E-06  -0.557483E-07
  2173   0.142662E+03   0.593500E+01   0.000000E+00  -0.315130E-01   0.945830E-09  -0.676740E-06  -0.529994E-07
  2174   0.141900E+03   0.596416E+01   0.000000E+00  -0.724663E-01   0.944460E-09  -0.726701E-06  -0.500794E-07
  2175   0.141146E+03   0.599307E+01   0.000000E+00  -0.116041E+00   0.943091E-09  -0.778148E-06  -0.469948E-07
  2176   0.140397E+03   0.602173E+01   0.000000E+00  -0.162214E+00   0.941723E-09  -0.831023E-06  -0.437517E-07
  2177   0.139656E+03   0.605012E+01   0.000000E+00  -0.210965E+00   0.940357E-09  -0.885270E-06  -0.403566E-07
  2178   0.138920E+03   0.607823E+01   0.000000E+00  -0.262273E+00   0.938992E-09  -0.940831E-06  -0.368158E-07
  2179   0.138192E+03   0.610606E+01   0.000000E+00  -0.316117E+00   0.937628E-09  -0.997649E-06  -0.331356E-07
  2180   0.137471E+03   0.613358E+01   0.000000E+00  -0.372474E+00   0.936265E-09  -0.105567E-05  -0.293224E-07
  2181   0.136757E+03   0.616079E+01   0.000000E+00  -0.431323E+00   0.934903E-09  -0.111483E-05  -0.253825E-07
  2182   0.136050E+03   0.618768E+01   0.000000E+00  -0.492635E+00   0.933542E-09  -0.117507E-05  -0.213221E-07
  2183   0.135349E+03   0.621425E+01   0.000000E+00  -0.556378E+00   0.932182E-09  -0.123635E-05  -0.171478E-07
  2184   0.134657E+03   0.624047E+01   0.000000E+00  -0.622522E+00   0.930823E-09  -0.129859E-05  -0.128658E-07
  2185   0.133971E+03   0.626635E+01   0.000000E+00  -0.691036E+00   0.929465E-09  -0.136175E-05  -0.848236E-08
  2186   0.133293E+03   0.629187E+01   0.000000E+00  -0.761890E+00   0.928107E-09  -0.142577E-05  -0.400393E-08
  2187   0.132623E+03   0.631702E+01   0.000000E+00  -0.835054E+00   0.926751E-09  -0.149059E-05   0.563189E-09
  2188   0.131960E+03   0.634180E+01   0.000000E+00  -0.910496E+00   0.925394E-09  -0.155615E-05   0.521267E-08
  2189   0.131304E+03   0.636618E+01   0.000000E+00  -0.988186E+00   0.924039E-09  -0.162239E-05   0.993817E-08
  2190   0.130657E+03   0.639019E+01   0.000000E+00  -0.106809E+01   0.922684E-09  -0.168927E-05   0.147334E-07
  2191   0.130017E+03   0.641378E+01   0.000000E+00  -0.115018E+01   0.921330E-09  -0.175671E-05   0.195919E-07
  2192   0.129385E+03   0.643696E+01   0.000000E+00  -0.123442E+01   0.919976E-09  -0.182467E-05   0.245075E-07
  2193   0.128761E+03   0.645972E+01   0.000000E+00  -0.132078E+01   0.918622E-09  -0.189309E-05   0.294737E-07
  2194   0.128144E+03   0.648205E+01   0.000000E+00  -0.140923E+01   0.917269E-09  -0.196191E-05   0.344843E-07
  2195   0.127535E+03   0.650393E+01   0.000000E+00  -0.149973E+01   0.915916E-09  -0.203107E-05   0.395329E-07
  2196   0.126935E+03   0.652537E+01   0.000000E+00  -0.159225E+01   0.914564E-09  -0.210051E-05   0.446131E-07
  2197   0.126342E+03   0.654636E+01   0.000000E+00  -0.168675E+01   0.913211E-09  -0.217019E-05   0.497187E-07
  2198   0.125757E+03   0.656688E+01   0.000000E+00  -0.178318E+01   0.911859E-09  -0.224003E-05   0.548433E-07
  2199   0.125181E+03   0.658694E+01   0.000000E+00  -0.188151E+01   0.910507E-09  -0.230999E-05   0.599806E-07
  2200   0.124612E+03   0.660653E+01   0.000000E+00  -0.198169E+01   0.909155E-09  -0.238001E-05   0.651242E-07
