#    L    TT             EE             BB             TE          
     2   0.104316E+04   0.311566E-01   0.174707E-05   0.257246E+01
     3   0.987776E+03   0.398503E-01   0.349459E-05   0.290510E+01
     4   0.932792E+03   0.343730E-01   0.582531E-05   0.273715E+01
     5   0.891195E+03   0.228184E-01   0.873982E-05   0.233791E+01
     6   0.862468E+03   0.127142E-01   0.122389E-04   0.188700E+01
     7   0.843909E+03   0.688237E-02   0.163233E-04   0.148510E+01
     8   0.832452E+03   0.446891E-02   0.209941E-04   0.117609E+01
     9   0.826630E+03   0.359226E-02   0.262523E-04   0.966527E+00
    10   0.824933E+03   0.305450E-02   0.320993E-04   0.848847E+00
    11   0.825922E+03   0.257318E-02   0.385363E-04   0.805574E+00
    12   0.830320E+03   0.226690E-02   0.455648E-04   0.817609E+00
    13   0.836174E+03   0.219703E-02   0.531862E-04   0.860446E+00
    14   0.843285E+03   0.229582E-02   0.614021E-04   0.913552E+00
    15   0.850596E+03   0.248459E-02   0.702142E-04   0.970484E+00
    16   0.859854E+03   0.275177E-02   0.796240E-04   0.103236E+01
    17   0.870913E+03   0.314083E-02   0.896334E-04   0.109647E+01
    18   0.882633E+03   0.369368E-02   0.100244E-03   0.116154E+01
    19   0.895760E+03   0.441083E-02   0.111458E-03   0.123064E+01
    20   0.908667E+03   0.526731E-02   0.123276E-03   0.129872E+01
    21   0.922048E+03   0.625814E-02   0.135701E-03   0.137073E+01
    22   0.935931E+03   0.739614E-02   0.148734E-03   0.144721E+01
    23   0.949928E+03   0.867297E-02   0.162377E-03   0.152472E+01
    24   0.964356E+03   0.100850E-01   0.176632E-03   0.159918E+01
    25   0.979342E+03   0.116378E-01   0.191499E-03   0.166338E+01
    26   0.994390E+03   0.133447E-01   0.206981E-03   0.172166E+01
    27   0.100991E+04   0.152173E-01   0.223079E-03   0.177464E+01
    28   0.102574E+04   0.172500E-01   0.239794E-03   0.181727E+01
    29   0.104179E+04   0.194703E-01   0.257127E-03   0.185488E+01
    30   0.105827E+04   0.219072E-01   0.275080E-03   0.188111E+01
    31   0.107456E+04   0.245533E-01   0.293654E-03   0.190648E+01
    32   0.109145E+04   0.274215E-01   0.312849E-03   0.192557E+01
    33   0.110842E+04   0.304743E-01   0.332666E-03   0.193668E+01
    34   0.112546E+04   0.337408E-01   0.353107E-03   0.194081E+01
    35   0.114314E+04   0.372289E-01   0.374170E-03   0.192925E+01
    36   0.116057E+04   0.409673E-01   0.395857E-03   0.191261E+01
    37   0.117825E+04   0.449782E-01   0.418169E-03   0.188476E+01
    38   0.119632E+04   0.492470E-01   0.441105E-03   0.184735E+01
    39   0.121467E+04   0.537641E-01   0.464665E-03   0.180022E+01
    40   0.123320E+04   0.585241E-01   0.488849E-03   0.174176E+01
    41   0.125184E+04   0.635250E-01   0.513657E-03   0.167086E+01
    42   0.127059E+04   0.687800E-01   0.539089E-03   0.158851E+01
    43   0.128945E+04   0.743054E-01   0.565144E-03   0.149578E+01
    44   0.130849E+04   0.801155E-01   0.591822E-03   0.139216E+01
    45   0.132776E+04   0.862219E-01   0.619122E-03   0.127682E+01
    46   0.134724E+04   0.926314E-01   0.647044E-03   0.114937E+01
    47   0.136691E+04   0.993443E-01   0.675586E-03   0.100931E+01
    48   0.138674E+04   0.106352E+00   0.704749E-03   0.856063E+00
    49   0.140671E+04   0.113646E+00   0.734531E-03   0.689155E+00
    50   0.142688E+04   0.121228E+00   0.764931E-03   0.508238E+00
    51   0.144732E+04   0.129102E+00   0.795949E-03   0.313262E+00
    52   0.146795E+04   0.137272E+00   0.827583E-03   0.105167E+00
    53   0.148873E+04   0.145740E+00   0.859833E-03  -0.115070E+00
    54   0.150962E+04   0.154508E+00   0.892697E-03  -0.347332E+00
    55   0.153062E+04   0.163579E+00   0.926176E-03  -0.591871E+00
    56   0.155185E+04   0.172951E+00   0.960268E-03  -0.849577E+00
    57   0.157341E+04   0.182620E+00   0.994972E-03  -0.112133E+01
    58   0.159525E+04   0.192584E+00   0.103029E-02  -0.140733E+01
    59   0.161728E+04   0.202842E+00   0.106621E-02  -0.170748E+01
    60   0.163949E+04   0.213386E+00   0.110275E-02  -0.202128E+01
    61   0.166188E+04   0.224208E+00   0.113990E-02  -0.234825E+01
    62   0.168445E+04   0.235304E+00   0.117765E-02  -0.268838E+01
    63   0.170723E+04   0.246674E+00   0.121602E-02  -0.304177E+01
    64   0.173022E+04   0.258314E+00   0.125500E-02  -0.340855E+01
    65   0.175344E+04   0.270225E+00   0.129458E-02  -0.378887E+01
    66   0.177694E+04   0.282399E+00   0.133477E-02  -0.418294E+01
    67   0.180070E+04   0.294828E+00   0.137558E-02  -0.459022E+01
    68   0.182467E+04   0.307504E+00   0.141699E-02  -0.501000E+01
    69   0.184881E+04   0.320417E+00   0.145901E-02  -0.544161E+01
    70   0.187310E+04   0.333560E+00   0.150164E-02  -0.588454E+01
    71   0.189751E+04   0.346929E+00   0.154489E-02  -0.633861E+01
    72   0.192215E+04   0.360520E+00   0.158875E-02  -0.680469E+01
    73   0.194713E+04   0.374327E+00   0.163322E-02  -0.728370E+01
    74   0.197247E+04   0.388338E+00   0.167831E-02  -0.777549E+01
    75   0.199817E+04   0.402542E+00   0.172401E-02  -0.827956E+01
    76   0.202418E+04   0.416923E+00   0.177034E-02  -0.879534E+01
    77   0.205038E+04   0.431472E+00   0.181728E-02  -0.932138E+01
    78   0.207675E+04   0.446176E+00   0.186485E-02  -0.985724E+01
    79   0.210334E+04   0.461023E+00   0.191303E-02  -0.104028E+02
    80   0.213016E+04   0.476001E+00   0.196185E-02  -0.109580E+02
    81   0.215725E+04   0.491099E+00   0.201129E-02  -0.115226E+02
    82   0.218462E+04   0.506306E+00   0.206137E-02  -0.120963E+02
    83   0.221223E+04   0.521610E+00   0.211208E-02  -0.126788E+02
    84   0.224009E+04   0.537000E+00   0.216342E-02  -0.132696E+02
    85   0.226819E+04   0.552462E+00   0.221540E-02  -0.138685E+02
    86   0.229652E+04   0.567988E+00   0.226803E-02  -0.144750E+02
    87   0.232505E+04   0.583564E+00   0.232130E-02  -0.150886E+02
    88   0.235377E+04   0.599177E+00   0.237521E-02  -0.157085E+02
    89   0.238268E+04   0.614814E+00   0.242978E-02  -0.163345E+02
    90   0.241179E+04   0.630457E+00   0.248500E-02  -0.169661E+02
    91   0.244111E+04   0.646094E+00   0.254088E-02  -0.176028E+02
    92   0.247064E+04   0.661710E+00   0.259742E-02  -0.182444E+02
    93   0.250039E+04   0.677289E+00   0.265463E-02  -0.188902E+02
    94   0.253035E+04   0.692818E+00   0.271250E-02  -0.195402E+02
    95   0.256055E+04   0.708283E+00   0.277105E-02  -0.201937E+02
    96   0.259097E+04   0.723669E+00   0.283026E-02  -0.208504E+02
    97   0.262161E+04   0.738962E+00   0.289016E-02  -0.215097E+02
    98   0.265248E+04   0.754144E+00   0.295075E-02  -0.221712E+02
    99   0.268356E+04   0.769204E+00   0.301201E-02  -0.228344E+02
   100   0.271487E+04   0.784128E+00   0.307397E-02  -0.234988E+02
   101   0.274639E+04   0.798902E+00   0.313662E-02  -0.241638E+02
   102   0.277813E+04   0.813503E+00   0.319997E-02  -0.248292E+02
   103   0.281007E+04   0.827932E+00   0.326403E-02  -0.254940E+02
   104   0.284221E+04   0.842158E+00   0.332879E-02  -0.261581E+02
   105   0.287454E+04   0.856175E+00   0.339426E-02  -0.268206E+02
   106   0.290706E+04   0.869968E+00   0.346044E-02  -0.274811E+02
   107   0.293976E+04   0.883528E+00   0.352734E-02  -0.281389E+02
   108   0.297263E+04   0.896835E+00   0.359497E-02  -0.287936E+02
   109   0.300566E+04   0.909880E+00   0.366332E-02  -0.294444E+02
   110   0.303885E+04   0.922641E+00   0.373241E-02  -0.300909E+02
   111   0.307220E+04   0.935110E+00   0.380223E-02  -0.307326E+02
   112   0.310569E+04   0.947281E+00   0.387280E-02  -0.313687E+02
   113   0.313932E+04   0.959132E+00   0.394410E-02  -0.319988E+02
   114   0.317308E+04   0.970646E+00   0.401616E-02  -0.326223E+02
   115   0.320697E+04   0.981824E+00   0.408898E-02  -0.332386E+02
   116   0.324098E+04   0.992652E+00   0.416255E-02  -0.338471E+02
   117   0.327511E+04   0.100311E+01   0.423689E-02  -0.344473E+02
   118   0.330934E+04   0.101319E+01   0.431200E-02  -0.350385E+02
   119   0.334366E+04   0.102288E+01   0.438789E-02  -0.356203E+02
   120   0.337808E+04   0.103218E+01   0.446455E-02  -0.361921E+02
   121   0.341257E+04   0.104107E+01   0.454200E-02  -0.367533E+02
   122   0.344713E+04   0.104954E+01   0.462025E-02  -0.373033E+02
   123   0.348176E+04   0.105758E+01   0.469929E-02  -0.378416E+02
   124   0.351645E+04   0.106519E+01   0.477913E-02  -0.383676E+02
   125   0.355118E+04   0.107235E+01   0.485978E-02  -0.388809E+02
   126   0.358594E+04   0.107906E+01   0.494125E-02  -0.393808E+02
   127   0.362074E+04   0.108532E+01   0.502354E-02  -0.398667E+02
   128   0.365555E+04   0.109111E+01   0.510665E-02  -0.403383E+02
   129   0.369037E+04   0.109642E+01   0.519060E-02  -0.407950E+02
   130   0.372520E+04   0.110126E+01   0.527539E-02  -0.412361E+02
   131   0.376001E+04   0.110560E+01   0.536102E-02  -0.416612E+02
   132   0.379482E+04   0.110947E+01   0.544750E-02  -0.420699E+02
   133   0.382959E+04   0.111284E+01   0.553484E-02  -0.424615E+02
   134   0.386434E+04   0.111572E+01   0.562305E-02  -0.428357E+02
   135   0.389904E+04   0.111810E+01   0.571213E-02  -0.431920E+02
   136   0.393370E+04   0.111999E+01   0.580209E-02  -0.435299E+02
   137   0.396830E+04   0.112138E+01   0.589293E-02  -0.438489E+02
   138   0.400284E+04   0.112227E+01   0.598466E-02  -0.441486E+02
   139   0.403730E+04   0.112266E+01   0.607729E-02  -0.444287E+02
   140   0.407169E+04   0.112255E+01   0.617083E-02  -0.446886E+02
   141   0.410598E+04   0.112196E+01   0.626527E-02  -0.449280E+02
   142   0.414018E+04   0.112088E+01   0.636063E-02  -0.451464E+02
   143   0.417427E+04   0.111930E+01   0.645692E-02  -0.453435E+02
   144   0.420825E+04   0.111725E+01   0.655413E-02  -0.455190E+02
   145   0.424210E+04   0.111470E+01   0.665228E-02  -0.456722E+02
   146   0.427581E+04   0.111169E+01   0.675137E-02  -0.458030E+02
   147   0.430935E+04   0.110821E+01   0.685141E-02  -0.459107E+02
   148   0.434272E+04   0.110427E+01   0.695240E-02  -0.459952E+02
   149   0.437591E+04   0.109987E+01   0.705434E-02  -0.460560E+02
   150   0.440890E+04   0.109503E+01   0.715725E-02  -0.460925E+02
   151   0.444166E+04   0.108976E+01   0.726113E-02  -0.461047E+02
   152   0.447421E+04   0.108405E+01   0.736598E-02  -0.460921E+02
   153   0.450653E+04   0.107793E+01   0.747181E-02  -0.460545E+02
   154   0.453862E+04   0.107141E+01   0.757862E-02  -0.459917E+02
   155   0.457046E+04   0.106450E+01   0.768641E-02  -0.459034E+02
   156   0.460208E+04   0.105721E+01   0.779518E-02  -0.457894E+02
   157   0.463344E+04   0.104955E+01   0.790495E-02  -0.456495E+02
   158   0.466455E+04   0.104155E+01   0.801572E-02  -0.454834E+02
   159   0.469540E+04   0.103321E+01   0.812747E-02  -0.452909E+02
   160   0.472597E+04   0.102455E+01   0.824023E-02  -0.450720E+02
   161   0.475625E+04   0.101559E+01   0.835398E-02  -0.448262E+02
   162   0.478623E+04   0.100635E+01   0.846874E-02  -0.445535E+02
   163   0.481590E+04   0.996847E+00   0.858449E-02  -0.442536E+02
   164   0.484524E+04   0.987091E+00   0.870124E-02  -0.439265E+02
   165   0.487424E+04   0.977105E+00   0.881900E-02  -0.435719E+02
   166   0.490289E+04   0.966911E+00   0.893775E-02  -0.431897E+02
   167   0.493119E+04   0.956532E+00   0.905751E-02  -0.427798E+02
   168   0.495912E+04   0.945992E+00   0.917826E-02  -0.423422E+02
   169   0.498668E+04   0.935314E+00   0.930001E-02  -0.418769E+02
   170   0.501386E+04   0.924513E+00   0.942275E-02  -0.413837E+02
   171   0.504064E+04   0.913620E+00   0.954648E-02  -0.408627E+02
   172   0.506703E+04   0.902659E+00   0.967120E-02  -0.403137E+02
   173   0.509301E+04   0.891652E+00   0.979690E-02  -0.397368E+02
   174   0.511858E+04   0.880622E+00   0.992358E-02  -0.391320E+02
   175   0.514372E+04   0.869609E+00   0.100512E-01  -0.384994E+02
   176   0.516843E+04   0.858627E+00   0.101799E-01  -0.378389E+02
   177   0.519269E+04   0.847714E+00   0.103095E-01  -0.371506E+02
   178   0.521650E+04   0.836895E+00   0.104400E-01  -0.364346E+02
   179   0.523985E+04   0.826193E+00   0.105715E-01  -0.356908E+02
   180   0.526274E+04   0.815646E+00   0.107040E-01  -0.349196E+02
   181   0.528516E+04   0.805286E+00   0.108374E-01  -0.341210E+02
   182   0.530709E+04   0.795142E+00   0.109717E-01  -0.332952E+02
   183   0.532854E+04   0.785240E+00   0.111069E-01  -0.324423E+02
   184   0.534949E+04   0.775616E+00   0.112431E-01  -0.315626E+02
   185   0.536994E+04   0.766310E+00   0.113802E-01  -0.306560E+02
   186   0.538988E+04   0.757345E+00   0.115182E-01  -0.297230E+02
   187   0.540931E+04   0.748752E+00   0.116570E-01  -0.287636E+02
   188   0.542822E+04   0.740574E+00   0.117968E-01  -0.277781E+02
   189   0.544660E+04   0.732841E+00   0.119374E-01  -0.267668E+02
   190   0.546444E+04   0.725590E+00   0.120789E-01  -0.257300E+02
   191   0.548174E+04   0.718854E+00   0.122213E-01  -0.246679E+02
   192   0.549848E+04   0.712669E+00   0.123645E-01  -0.235807E+02
   193   0.551467E+04   0.707069E+00   0.125085E-01  -0.224688E+02
   194   0.553030E+04   0.702091E+00   0.126533E-01  -0.213325E+02
   195   0.554536E+04   0.697772E+00   0.127990E-01  -0.201721E+02
   196   0.555985E+04   0.694149E+00   0.129455E-01  -0.189882E+02
   197   0.557378E+04   0.691260E+00   0.130928E-01  -0.177809E+02
   198   0.558714E+04   0.689141E+00   0.132408E-01  -0.165508E+02
   199   0.559991E+04   0.687830E+00   0.133896E-01  -0.152982E+02
   200   0.561210E+04   0.687363E+00   0.135392E-01  -0.140235E+02
   201   0.562371E+04   0.687779E+00   0.136895E-01  -0.127271E+02
   202   0.563473E+04   0.689113E+00   0.138406E-01  -0.114095E+02
   203   0.564512E+04   0.691402E+00   0.139924E-01  -0.100711E+02
   204   0.565491E+04   0.694682E+00   0.141449E-01  -0.871229E+01
   205   0.566405E+04   0.698990E+00   0.142981E-01  -0.733360E+01
   206   0.567257E+04   0.704361E+00   0.144519E-01  -0.593542E+01
   207   0.568044E+04   0.710832E+00   0.146065E-01  -0.451815E+01
   208   0.568766E+04   0.718440E+00   0.147617E-01  -0.308242E+01
   209   0.569425E+04   0.727219E+00   0.149175E-01  -0.162878E+01
   210   0.570021E+04   0.737207E+00   0.150740E-01  -0.157806E+00
   211   0.570553E+04   0.748440E+00   0.152311E-01   0.132992E+01
   212   0.571024E+04   0.760953E+00   0.153888E-01   0.283382E+01
   213   0.571434E+04   0.774783E+00   0.155471E-01   0.435333E+01
   214   0.571783E+04   0.789968E+00   0.157060E-01   0.588785E+01
   215   0.572072E+04   0.806535E+00   0.158654E-01   0.743679E+01
   216   0.572298E+04   0.824530E+00   0.160254E-01   0.899953E+01
   217   0.572462E+04   0.843982E+00   0.161859E-01   0.105754E+02
   218   0.572564E+04   0.864919E+00   0.163469E-01   0.121640E+02
   219   0.572604E+04   0.887387E+00   0.165084E-01   0.137644E+02
   220   0.572580E+04   0.911414E+00   0.166704E-01   0.153763E+02
   221   0.572493E+04   0.937029E+00   0.168329E-01   0.169987E+02
   222   0.572342E+04   0.964277E+00   0.169958E-01   0.186314E+02
   223   0.572128E+04   0.993178E+00   0.171591E-01   0.202733E+02
   224   0.571851E+04   0.102377E+01   0.173229E-01   0.219241E+02
   225   0.571512E+04   0.105607E+01   0.174870E-01   0.235828E+02
   226   0.571109E+04   0.109013E+01   0.176515E-01   0.252489E+02
   227   0.570644E+04   0.112598E+01   0.178164E-01   0.269216E+02
   228   0.570117E+04   0.116363E+01   0.179816E-01   0.286003E+02
   229   0.569527E+04   0.120312E+01   0.181472E-01   0.302842E+02
   230   0.568876E+04   0.124449E+01   0.183131E-01   0.319728E+02
   231   0.568162E+04   0.128774E+01   0.184792E-01   0.336652E+02
   232   0.567388E+04   0.133292E+01   0.186456E-01   0.353607E+02
   233   0.566552E+04   0.138005E+01   0.188122E-01   0.370585E+02
   234   0.565655E+04   0.142915E+01   0.189791E-01   0.387580E+02
   235   0.564697E+04   0.148025E+01   0.191462E-01   0.404585E+02
   236   0.563678E+04   0.153338E+01   0.193135E-01   0.421591E+02
   237   0.562600E+04   0.158856E+01   0.194809E-01   0.438592E+02
   238   0.561462E+04   0.164580E+01   0.196484E-01   0.455579E+02
   239   0.560265E+04   0.170512E+01   0.198161E-01   0.472547E+02
   240   0.559008E+04   0.176656E+01   0.199839E-01   0.489484E+02
   241   0.557693E+04   0.183013E+01   0.201518E-01   0.506387E+02
   242   0.556320E+04   0.189584E+01   0.203197E-01   0.523246E+02
   243   0.554889E+04   0.196372E+01   0.204877E-01   0.540054E+02
   244   0.553401E+04   0.203379E+01   0.206557E-01   0.556803E+02
   245   0.551856E+04   0.210606E+01   0.208237E-01   0.573487E+02
   246   0.550257E+04   0.218053E+01   0.209916E-01   0.590098E+02
   247   0.548602E+04   0.225723E+01   0.211595E-01   0.606628E+02
   248   0.546892E+04   0.233617E+01   0.213273E-01   0.623070E+02
   249   0.545129E+04   0.241736E+01   0.214951E-01   0.639417E+02
   250   0.543312E+04   0.250083E+01   0.216627E-01   0.655661E+02
   251   0.541442E+04   0.258655E+01   0.218302E-01   0.671792E+02
   252   0.539520E+04   0.267455E+01   0.219976E-01   0.687805E+02
   253   0.537544E+04   0.276482E+01   0.221648E-01   0.703691E+02
   254   0.535517E+04   0.285738E+01   0.223317E-01   0.719442E+02
   255   0.533437E+04   0.295221E+01   0.224985E-01   0.735050E+02
   256   0.531307E+04   0.304933E+01   0.226650E-01   0.750508E+02
   257   0.529126E+04   0.314873E+01   0.228313E-01   0.765810E+02
   258   0.526896E+04   0.325041E+01   0.229973E-01   0.780946E+02
   259   0.524617E+04   0.335437E+01   0.231631E-01   0.795921E+02
   260   0.522294E+04   0.346060E+01   0.233285E-01   0.810711E+02
   261   0.519924E+04   0.356911E+01   0.234936E-01   0.825325E+02
   262   0.517511E+04   0.367988E+01   0.236583E-01   0.839749E+02
   263   0.515055E+04   0.379292E+01   0.238227E-01   0.853981E+02
   264   0.512557E+04   0.390821E+01   0.239867E-01   0.868009E+02
   265   0.510017E+04   0.402574E+01   0.241503E-01   0.881838E+02
   266   0.507437E+04   0.414550E+01   0.243135E-01   0.895447E+02
   267   0.504816E+04   0.426746E+01   0.244763E-01   0.908829E+02
   268   0.502156E+04   0.439162E+01   0.246386E-01   0.921992E+02
   269   0.499457E+04   0.451797E+01   0.248005E-01   0.934912E+02
   270   0.496718E+04   0.464647E+01   0.249619E-01   0.947599E+02
   271   0.493943E+04   0.477713E+01   0.251228E-01   0.960028E+02
   272   0.491132E+04   0.490993E+01   0.252833E-01   0.972210E+02
   273   0.488285E+04   0.504481E+01   0.254432E-01   0.984127E+02
   274   0.485404E+04   0.518179E+01   0.256026E-01   0.995789E+02
   275   0.482490E+04   0.532082E+01   0.257615E-01   0.100717E+03
   276   0.479544E+04   0.546189E+01   0.259198E-01   0.101829E+03
   277   0.476568E+04   0.560498E+01   0.260776E-01   0.102911E+03
   278   0.473561E+04   0.575005E+01   0.262348E-01   0.103965E+03
   279   0.470525E+04   0.589708E+01   0.263914E-01   0.104990E+03
   280   0.467462E+04   0.604602E+01   0.265475E-01   0.105985E+03
   281   0.464372E+04   0.619686E+01   0.267029E-01   0.106951E+03
   282   0.461256E+04   0.634955E+01   0.268578E-01   0.107885E+03
   283   0.458115E+04   0.650406E+01   0.270120E-01   0.108788E+03
   284   0.454951E+04   0.666037E+01   0.271657E-01   0.109660E+03
   285   0.451764E+04   0.681844E+01   0.273187E-01   0.110499E+03
   286   0.448555E+04   0.697822E+01   0.274710E-01   0.111306E+03
   287   0.445326E+04   0.713967E+01   0.276228E-01   0.112080E+03
   288   0.442078E+04   0.730276E+01   0.277739E-01   0.112820E+03
   289   0.438811E+04   0.746744E+01   0.279243E-01   0.113527E+03
   290   0.435528E+04   0.763368E+01   0.280741E-01   0.114199E+03
   291   0.432228E+04   0.780144E+01   0.282232E-01   0.114837E+03
   292   0.428913E+04   0.797060E+01   0.283717E-01   0.115440E+03
   293   0.425583E+04   0.814122E+01   0.285195E-01   0.116008E+03
   294   0.422241E+04   0.831323E+01   0.286666E-01   0.116540E+03
   295   0.418886E+04   0.848647E+01   0.288130E-01   0.117036E+03
   296   0.415520E+04   0.866103E+01   0.289588E-01   0.117496E+03
   297   0.412143E+04   0.883673E+01   0.291039E-01   0.117918E+03
   298   0.408757E+04   0.901359E+01   0.292482E-01   0.118303E+03
   299   0.405362E+04   0.919153E+01   0.293919E-01   0.118650E+03
   300   0.401961E+04   0.937047E+01   0.295349E-01   0.118960E+03
   301   0.398553E+04   0.955048E+01   0.296772E-01   0.119233E+03
   302   0.395141E+04   0.973133E+01   0.298189E-01   0.119467E+03
   303   0.391725E+04   0.991311E+01   0.299598E-01   0.119664E+03
   304   0.388308E+04   0.100957E+02   0.301000E-01   0.119824E+03
   305   0.384889E+04   0.102791E+02   0.302395E-01   0.119945E+03
   306   0.381470E+04   0.104633E+02   0.303783E-01   0.120028E+03
   307   0.378052E+04   0.106480E+02   0.305164E-01   0.120072E+03
   308   0.374636E+04   0.108334E+02   0.306539E-01   0.120078E+03
   309   0.371224E+04   0.110193E+02   0.307906E-01   0.120047E+03
   310   0.367814E+04   0.112057E+02   0.309266E-01   0.119977E+03
   311   0.364410E+04   0.113924E+02   0.310620E-01   0.119867E+03
   312   0.361011E+04   0.115795E+02   0.311966E-01   0.119720E+03
   313   0.357620E+04   0.117669E+02   0.313306E-01   0.119534E+03
   314   0.354237E+04   0.119545E+02   0.314639E-01   0.119309E+03
   315   0.350862E+04   0.121421E+02   0.315965E-01   0.119046E+03
   316   0.347496E+04   0.123299E+02   0.317284E-01   0.118744E+03
   317   0.344142E+04   0.125176E+02   0.318596E-01   0.118404E+03
   318   0.340801E+04   0.127053E+02   0.319902E-01   0.118025E+03
   319   0.337472E+04   0.128928E+02   0.321201E-01   0.117609E+03
   320   0.334156E+04   0.130802E+02   0.322494E-01   0.117154E+03
   321   0.330856E+04   0.132673E+02   0.323780E-01   0.116662E+03
   322   0.327571E+04   0.134540E+02   0.325060E-01   0.116132E+03
   323   0.324303E+04   0.136402E+02   0.326333E-01   0.115564E+03
   324   0.321052E+04   0.138260E+02   0.327600E-01   0.114959E+03
   325   0.317820E+04   0.140112E+02   0.328861E-01   0.114317E+03
   326   0.314608E+04   0.141958E+02   0.330116E-01   0.113638E+03
   327   0.311415E+04   0.143797E+02   0.331365E-01   0.112922E+03
   328   0.308244E+04   0.145627E+02   0.332608E-01   0.112169E+03
   329   0.305095E+04   0.147450E+02   0.333846E-01   0.111381E+03
   330   0.301969E+04   0.149262E+02   0.335078E-01   0.110557E+03
   331   0.298866E+04   0.151065E+02   0.336304E-01   0.109697E+03
   332   0.295789E+04   0.152857E+02   0.337525E-01   0.108801E+03
   333   0.292736E+04   0.154638E+02   0.338741E-01   0.107871E+03
   334   0.289709E+04   0.156406E+02   0.339952E-01   0.106906E+03
   335   0.286711E+04   0.158161E+02   0.341157E-01   0.105907E+03
   336   0.283739E+04   0.159902E+02   0.342358E-01   0.104874E+03
   337   0.280797E+04   0.161629E+02   0.343555E-01   0.103808E+03
   338   0.277883E+04   0.163342E+02   0.344747E-01   0.102709E+03
   339   0.275000E+04   0.165038E+02   0.345935E-01   0.101579E+03
   340   0.272149E+04   0.166719E+02   0.347118E-01   0.100417E+03
   341   0.269329E+04   0.168381E+02   0.348298E-01   0.992228E+02
   342   0.266540E+04   0.170026E+02   0.349474E-01   0.979973E+02
   343   0.263785E+04   0.171652E+02   0.350647E-01   0.967418E+02
   344   0.261062E+04   0.173258E+02   0.351816E-01   0.954555E+02
   345   0.258373E+04   0.174843E+02   0.352982E-01   0.941392E+02
   346   0.255718E+04   0.176407E+02   0.354145E-01   0.927929E+02
   347   0.253097E+04   0.177949E+02   0.355305E-01   0.914174E+02
   348   0.250511E+04   0.179467E+02   0.356463E-01   0.900128E+02
   349   0.247961E+04   0.180963E+02   0.357619E-01   0.885813E+02
   350   0.245448E+04   0.182434E+02   0.358772E-01   0.871221E+02
   351   0.242972E+04   0.183882E+02   0.359924E-01   0.856369E+02
   352   0.240535E+04   0.185305E+02   0.361074E-01   0.841264E+02
   353   0.238137E+04   0.186702E+02   0.362222E-01   0.825906E+02
   354   0.235777E+04   0.188075E+02   0.363369E-01   0.810317E+02
   355   0.233458E+04   0.189420E+02   0.364516E-01   0.794491E+02
   356   0.231179E+04   0.190739E+02   0.365661E-01   0.778435E+02
   357   0.228940E+04   0.192030E+02   0.366806E-01   0.762156E+02
   358   0.226742E+04   0.193293E+02   0.367950E-01   0.745663E+02
   359   0.224585E+04   0.194527E+02   0.369094E-01   0.728955E+02
   360   0.222469E+04   0.195731E+02   0.370239E-01   0.712049E+02
   361   0.220395E+04   0.196904E+02   0.371383E-01   0.694932E+02
   362   0.218363E+04   0.198047E+02   0.372529E-01   0.677625E+02
   363   0.216374E+04   0.199158E+02   0.373674E-01   0.660133E+02
   364   0.214426E+04   0.200238E+02   0.374821E-01   0.642464E+02
   365   0.212522E+04   0.201285E+02   0.375969E-01   0.624625E+02
   366   0.210661E+04   0.202300E+02   0.377119E-01   0.606625E+02
   367   0.208844E+04   0.203281E+02   0.378270E-01   0.588472E+02
   368   0.207070E+04   0.204228E+02   0.379423E-01   0.570173E+02
   369   0.205340E+04   0.205142E+02   0.380577E-01   0.551737E+02
   370   0.203654E+04   0.206020E+02   0.381734E-01   0.533170E+02
   371   0.202013E+04   0.206865E+02   0.382894E-01   0.514482E+02
   372   0.200416E+04   0.207674E+02   0.384056E-01   0.495679E+02
   373   0.198863E+04   0.208447E+02   0.385221E-01   0.476770E+02
   374   0.197355E+04   0.209185E+02   0.386389E-01   0.457763E+02
   375   0.195890E+04   0.209886E+02   0.387560E-01   0.438665E+02
   376   0.194471E+04   0.210551E+02   0.388734E-01   0.419483E+02
   377   0.193097E+04   0.211179E+02   0.389912E-01   0.400226E+02
   378   0.191767E+04   0.211768E+02   0.391094E-01   0.380901E+02
   379   0.190482E+04   0.212320E+02   0.392280E-01   0.361515E+02
   380   0.189242E+04   0.212833E+02   0.393470E-01   0.342078E+02
   381   0.188047E+04   0.213308E+02   0.394665E-01   0.322594E+02
   382   0.186897E+04   0.213742E+02   0.395864E-01   0.303074E+02
   383   0.185792E+04   0.214139E+02   0.397067E-01   0.283525E+02
   384   0.184731E+04   0.214495E+02   0.398276E-01   0.263955E+02
   385   0.183715E+04   0.214812E+02   0.399489E-01   0.244374E+02
   386   0.182743E+04   0.215091E+02   0.400708E-01   0.224790E+02
   387   0.181817E+04   0.215329E+02   0.401932E-01   0.205211E+02
   388   0.180934E+04   0.215529E+02   0.403162E-01   0.185646E+02
   389   0.180095E+04   0.215690E+02   0.404397E-01   0.166104E+02
   390   0.179300E+04   0.215811E+02   0.405639E-01   0.146592E+02
   391   0.178549E+04   0.215893E+02   0.406886E-01   0.127119E+02
   392   0.177841E+04   0.215935E+02   0.408139E-01   0.107693E+02
   393   0.177176E+04   0.215937E+02   0.409399E-01   0.883223E+01
   394   0.176554E+04   0.215900E+02   0.410666E-01   0.690137E+01
   395   0.175974E+04   0.215822E+02   0.411939E-01   0.497765E+01
   396   0.175437E+04   0.215705E+02   0.413219E-01   0.306181E+01
   397   0.174941E+04   0.215547E+02   0.414506E-01   0.115466E+01
   398   0.174487E+04   0.215349E+02   0.415801E-01  -0.743036E+00
   399   0.174075E+04   0.215111E+02   0.417102E-01  -0.263049E+01
   400   0.173704E+04   0.214834E+02   0.418411E-01  -0.450691E+01
   401   0.173375E+04   0.214517E+02   0.419728E-01  -0.637154E+01
   402   0.173086E+04   0.214160E+02   0.421052E-01  -0.822363E+01
   403   0.172838E+04   0.213764E+02   0.422384E-01  -0.100625E+02
   404   0.172630E+04   0.213329E+02   0.423724E-01  -0.118873E+02
   405   0.172461E+04   0.212854E+02   0.425073E-01  -0.136974E+02
   406   0.172331E+04   0.212341E+02   0.426429E-01  -0.154921E+02
   407   0.172240E+04   0.211790E+02   0.427795E-01  -0.172706E+02
   408   0.172188E+04   0.211200E+02   0.429168E-01  -0.190322E+02
   409   0.172172E+04   0.210573E+02   0.430550E-01  -0.207761E+02
   410   0.172194E+04   0.209908E+02   0.431942E-01  -0.225017E+02
   411   0.172251E+04   0.209205E+02   0.433342E-01  -0.242083E+02
   412   0.172344E+04   0.208466E+02   0.434751E-01  -0.258953E+02
   413   0.172474E+04   0.207690E+02   0.436169E-01  -0.275622E+02
   414   0.172638E+04   0.206878E+02   0.437596E-01  -0.292083E+02
   415   0.172836E+04   0.206032E+02   0.439033E-01  -0.308329E+02
   416   0.173068E+04   0.205149E+02   0.440479E-01  -0.324357E+02
   417   0.173334E+04   0.204232E+02   0.441935E-01  -0.340157E+02
   418   0.173633E+04   0.203281E+02   0.443400E-01  -0.355725E+02
   419   0.173963E+04   0.202296E+02   0.444875E-01  -0.371055E+02
   420   0.174326E+04   0.201277E+02   0.446360E-01  -0.386140E+02
   421   0.174721E+04   0.200226E+02   0.447854E-01  -0.400975E+02
   422   0.175145E+04   0.199141E+02   0.449359E-01  -0.415552E+02
   423   0.175601E+04   0.198023E+02   0.450873E-01  -0.429866E+02
   424   0.176086E+04   0.196874E+02   0.452398E-01  -0.443912E+02
   425   0.176599E+04   0.195693E+02   0.453932E-01  -0.457683E+02
   426   0.177142E+04   0.194481E+02   0.455477E-01  -0.471178E+02
   427   0.177711E+04   0.193240E+02   0.457031E-01  -0.484392E+02
   428   0.178308E+04   0.191971E+02   0.458596E-01  -0.497320E+02
   429   0.178929E+04   0.190673E+02   0.460170E-01  -0.509959E+02
   430   0.179576E+04   0.189348E+02   0.461755E-01  -0.522304E+02
   431   0.180247E+04   0.187998E+02   0.463350E-01  -0.534353E+02
   432   0.180942E+04   0.186622E+02   0.464955E-01  -0.546100E+02
   433   0.181660E+04   0.185220E+02   0.466570E-01  -0.557542E+02
   434   0.182401E+04   0.183795E+02   0.468196E-01  -0.568674E+02
   435   0.183164E+04   0.182346E+02   0.469831E-01  -0.579493E+02
   436   0.183949E+04   0.180874E+02   0.471476E-01  -0.589993E+02
   437   0.184755E+04   0.179379E+02   0.473131E-01  -0.600172E+02
   438   0.185581E+04   0.177863E+02   0.474796E-01  -0.610026E+02
   439   0.186427E+04   0.176326E+02   0.476471E-01  -0.619549E+02
   440   0.187292E+04   0.174768E+02   0.478155E-01  -0.628742E+02
   441   0.188175E+04   0.173192E+02   0.479849E-01  -0.637599E+02
   442   0.189074E+04   0.171597E+02   0.481553E-01  -0.646119E+02
   443   0.189990E+04   0.169985E+02   0.483266E-01  -0.654297E+02
   444   0.190921E+04   0.168356E+02   0.484989E-01  -0.662133E+02
   445   0.191866E+04   0.166711E+02   0.486721E-01  -0.669622E+02
   446   0.192824E+04   0.165051E+02   0.488461E-01  -0.676763E+02
   447   0.193795E+04   0.163378E+02   0.490211E-01  -0.683556E+02
   448   0.194779E+04   0.161692E+02   0.491970E-01  -0.690000E+02
   449   0.195775E+04   0.159994E+02   0.493738E-01  -0.696093E+02
   450   0.196782E+04   0.158285E+02   0.495514E-01  -0.701834E+02
   451   0.197801E+04   0.156566E+02   0.497298E-01  -0.707223E+02
   452   0.198830E+04   0.154837E+02   0.499091E-01  -0.712259E+02
   453   0.199869E+04   0.153101E+02   0.500892E-01  -0.716939E+02
   454   0.200916E+04   0.151357E+02   0.502702E-01  -0.721263E+02
   455   0.201970E+04   0.149607E+02   0.504518E-01  -0.725230E+02
   456   0.203032E+04   0.147851E+02   0.506343E-01  -0.728838E+02
   457   0.204099E+04   0.146090E+02   0.508175E-01  -0.732087E+02
   458   0.205172E+04   0.144326E+02   0.510015E-01  -0.734973E+02
   459   0.206247E+04   0.142558E+02   0.511861E-01  -0.737498E+02
   460   0.207327E+04   0.140789E+02   0.513714E-01  -0.739664E+02
   461   0.208408E+04   0.139018E+02   0.515575E-01  -0.741464E+02
   462   0.209493E+04   0.137248E+02   0.517441E-01  -0.742920E+02
   463   0.210580E+04   0.135480E+02   0.519315E-01  -0.744018E+02
   464   0.211670E+04   0.133714E+02   0.521194E-01  -0.744767E+02
   465   0.212759E+04   0.131952E+02   0.523079E-01  -0.745166E+02
   466   0.213851E+04   0.130194E+02   0.524970E-01  -0.745225E+02
   467   0.214943E+04   0.128442E+02   0.526867E-01  -0.744935E+02
   468   0.216034E+04   0.126698E+02   0.528769E-01  -0.744305E+02
   469   0.217124E+04   0.124960E+02   0.530676E-01  -0.743336E+02
   470   0.218212E+04   0.123231E+02   0.532588E-01  -0.742028E+02
   471   0.219295E+04   0.121511E+02   0.534505E-01  -0.740374E+02
   472   0.220374E+04   0.119803E+02   0.536426E-01  -0.738390E+02
   473   0.221448E+04   0.118106E+02   0.538352E-01  -0.736061E+02
   474   0.222517E+04   0.116420E+02   0.540281E-01  -0.733410E+02
   475   0.223579E+04   0.114749E+02   0.542215E-01  -0.730423E+02
   476   0.224636E+04   0.113093E+02   0.544152E-01  -0.727108E+02
   477   0.225684E+04   0.111451E+02   0.546093E-01  -0.723472E+02
   478   0.226726E+04   0.109826E+02   0.548036E-01  -0.719517E+02
   479   0.227762E+04   0.108219E+02   0.549983E-01  -0.715252E+02
   480   0.228788E+04   0.106631E+02   0.551932E-01  -0.710673E+02
   481   0.229807E+04   0.105062E+02   0.553884E-01  -0.705788E+02
   482   0.230815E+04   0.103514E+02   0.555838E-01  -0.700600E+02
   483   0.231814E+04   0.101987E+02   0.557794E-01  -0.695113E+02
   484   0.232801E+04   0.100483E+02   0.559752E-01  -0.689332E+02
   485   0.233776E+04   0.990030E+01   0.561711E-01  -0.683259E+02
   486   0.234739E+04   0.975469E+01   0.563672E-01  -0.676900E+02
   487   0.235689E+04   0.961159E+01   0.565633E-01  -0.670259E+02
   488   0.236625E+04   0.947121E+01   0.567596E-01  -0.663340E+02
   489   0.237548E+04   0.933347E+01   0.569559E-01  -0.656150E+02
   490   0.238456E+04   0.919859E+01   0.571522E-01  -0.648694E+02
   491   0.239350E+04   0.906665E+01   0.573485E-01  -0.640977E+02
   492   0.240229E+04   0.893765E+01   0.575448E-01  -0.633005E+02
   493   0.241093E+04   0.881172E+01   0.577410E-01  -0.624783E+02
   494   0.241942E+04   0.868902E+01   0.579372E-01  -0.616316E+02
   495   0.242775E+04   0.856963E+01   0.581332E-01  -0.607612E+02
   496   0.243592E+04   0.845353E+01   0.583291E-01  -0.598674E+02
   497   0.244391E+04   0.834087E+01   0.585249E-01  -0.589509E+02
   498   0.245173E+04   0.823173E+01   0.587204E-01  -0.580123E+02
   499   0.245937E+04   0.812617E+01   0.589158E-01  -0.570522E+02
   500   0.246682E+04   0.802435E+01   0.591109E-01  -0.560711E+02
   501   0.247408E+04   0.792626E+01   0.593057E-01  -0.550697E+02
   502   0.248114E+04   0.783204E+01   0.595002E-01  -0.540486E+02
   503   0.248799E+04   0.774168E+01   0.596944E-01  -0.530083E+02
   504   0.249465E+04   0.765539E+01   0.598883E-01  -0.519499E+02
   505   0.250111E+04   0.757309E+01   0.600817E-01  -0.508739E+02
   506   0.250736E+04   0.749492E+01   0.602748E-01  -0.497809E+02
   507   0.251342E+04   0.742096E+01   0.604674E-01  -0.486716E+02
   508   0.251926E+04   0.735127E+01   0.606595E-01  -0.475468E+02
   509   0.252490E+04   0.728589E+01   0.608511E-01  -0.464072E+02
   510   0.253033E+04   0.722490E+01   0.610422E-01  -0.452535E+02
   511   0.253555E+04   0.716833E+01   0.612327E-01  -0.440863E+02
   512   0.254056E+04   0.711624E+01   0.614226E-01  -0.429063E+02
   513   0.254535E+04   0.706869E+01   0.616119E-01  -0.417144E+02
   514   0.254992E+04   0.702573E+01   0.618006E-01  -0.405110E+02
   515   0.255427E+04   0.698740E+01   0.619885E-01  -0.392969E+02
   516   0.255841E+04   0.695377E+01   0.621758E-01  -0.380730E+02
   517   0.256232E+04   0.692486E+01   0.623623E-01  -0.368399E+02
   518   0.256600E+04   0.690073E+01   0.625481E-01  -0.355983E+02
   519   0.256946E+04   0.688142E+01   0.627331E-01  -0.343490E+02
   520   0.257268E+04   0.686697E+01   0.629172E-01  -0.330927E+02
   521   0.257567E+04   0.685742E+01   0.631005E-01  -0.318302E+02
   522   0.257843E+04   0.685282E+01   0.632829E-01  -0.305622E+02
   523   0.258094E+04   0.685320E+01   0.634644E-01  -0.292894E+02
   524   0.258322E+04   0.685858E+01   0.636450E-01  -0.280125E+02
   525   0.258526E+04   0.686899E+01   0.638247E-01  -0.267324E+02
   526   0.258707E+04   0.688444E+01   0.640033E-01  -0.254497E+02
   527   0.258865E+04   0.690497E+01   0.641810E-01  -0.241651E+02
   528   0.259000E+04   0.693060E+01   0.643576E-01  -0.228795E+02
   529   0.259111E+04   0.696135E+01   0.645331E-01  -0.215935E+02
   530   0.259199E+04   0.699723E+01   0.647076E-01  -0.203080E+02
   531   0.259264E+04   0.703826E+01   0.648810E-01  -0.190237E+02
   532   0.259306E+04   0.708445E+01   0.650532E-01  -0.177416E+02
   533   0.259326E+04   0.713581E+01   0.652243E-01  -0.164622E+02
   534   0.259321E+04   0.719235E+01   0.653943E-01  -0.151864E+02
   535   0.259294E+04   0.725409E+01   0.655630E-01  -0.139151E+02
   536   0.259243E+04   0.732103E+01   0.657306E-01  -0.126490E+02
   537   0.259171E+04   0.739317E+01   0.658969E-01  -0.113889E+02
   538   0.259075E+04   0.747052E+01   0.660620E-01  -0.101355E+02
   539   0.258957E+04   0.755306E+01   0.662258E-01  -0.888961E+01
   540   0.258816E+04   0.764078E+01   0.663883E-01  -0.765191E+01
   541   0.258653E+04   0.773370E+01   0.665495E-01  -0.642313E+01
   542   0.258468E+04   0.783180E+01   0.667095E-01  -0.520408E+01
   543   0.258261E+04   0.793507E+01   0.668681E-01  -0.399545E+01
   544   0.258032E+04   0.804351E+01   0.670253E-01  -0.279796E+01
   545   0.257783E+04   0.815706E+01   0.671812E-01  -0.161228E+01
   546   0.257511E+04   0.827574E+01   0.673357E-01  -0.439093E+00
   547   0.257219E+04   0.839951E+01   0.674889E-01   0.720897E+00
   548   0.256905E+04   0.852827E+01   0.676406E-01   0.186703E+01
   549   0.256571E+04   0.866219E+01   0.677909E-01   0.299859E+01
   550   0.256215E+04   0.880101E+01   0.679399E-01   0.411492E+01
   551   0.255840E+04   0.894489E+01   0.680874E-01   0.521530E+01
   552   0.255444E+04   0.909367E+01   0.682334E-01   0.629909E+01
   553   0.255029E+04   0.924733E+01   0.683780E-01   0.736562E+01
   554   0.254596E+04   0.940588E+01   0.685212E-01   0.841427E+01
   555   0.254143E+04   0.956921E+01   0.686629E-01   0.944437E+01
   556   0.253670E+04   0.973734E+01   0.688031E-01   0.104553E+02
   557   0.253181E+04   0.991017E+01   0.689419E-01   0.114464E+02
   558   0.252673E+04   0.100877E+02   0.690791E-01   0.124171E+02
   559   0.252147E+04   0.102698E+02   0.692149E-01   0.133668E+02
   560   0.251604E+04   0.104566E+02   0.693492E-01   0.142951E+02
   561   0.251044E+04   0.106478E+02   0.694820E-01   0.152013E+02
   562   0.250466E+04   0.108434E+02   0.696133E-01   0.160849E+02
   563   0.249873E+04   0.110435E+02   0.697430E-01   0.169454E+02
   564   0.249264E+04   0.112479E+02   0.698713E-01   0.177822E+02
   565   0.248638E+04   0.114566E+02   0.699981E-01   0.185948E+02
   566   0.247996E+04   0.116695E+02   0.701233E-01   0.193829E+02
   567   0.247340E+04   0.118865E+02   0.702470E-01   0.201457E+02
   568   0.246668E+04   0.121075E+02   0.703692E-01   0.208830E+02
   569   0.245982E+04   0.123326E+02   0.704899E-01   0.215944E+02
   570   0.245282E+04   0.125615E+02   0.706090E-01   0.222792E+02
   571   0.244567E+04   0.127943E+02   0.707266E-01   0.229371E+02
   572   0.243839E+04   0.130307E+02   0.708427E-01   0.235677E+02
   573   0.243099E+04   0.132709E+02   0.709573E-01   0.241706E+02
   574   0.242345E+04   0.135147E+02   0.710704E-01   0.247455E+02
   575   0.241580E+04   0.137619E+02   0.711819E-01   0.252922E+02
   576   0.240803E+04   0.140125E+02   0.712919E-01   0.258102E+02
   577   0.240016E+04   0.142665E+02   0.714005E-01   0.262991E+02
   578   0.239218E+04   0.145236E+02   0.715075E-01   0.267587E+02
   579   0.238411E+04   0.147840E+02   0.716130E-01   0.271887E+02
   580   0.237593E+04   0.150473E+02   0.717169E-01   0.275887E+02
   581   0.236768E+04   0.153136E+02   0.718194E-01   0.279584E+02
   582   0.235934E+04   0.155827E+02   0.719204E-01   0.282974E+02
   583   0.235091E+04   0.158545E+02   0.720199E-01   0.286056E+02
   584   0.234242E+04   0.161291E+02   0.721180E-01   0.288826E+02
   585   0.233385E+04   0.164061E+02   0.722145E-01   0.291281E+02
   586   0.232521E+04   0.166856E+02   0.723096E-01   0.293417E+02
   587   0.231652E+04   0.169674E+02   0.724033E-01   0.295235E+02
   588   0.230777E+04   0.172514E+02   0.724954E-01   0.296732E+02
   589   0.229897E+04   0.175375E+02   0.725862E-01   0.297906E+02
   590   0.229012E+04   0.178256E+02   0.726755E-01   0.298755E+02
   591   0.228123E+04   0.181156E+02   0.727634E-01   0.299279E+02
   592   0.227231E+04   0.184074E+02   0.728499E-01   0.299473E+02
   593   0.226335E+04   0.187009E+02   0.729350E-01   0.299338E+02
   594   0.225436E+04   0.189959E+02   0.730187E-01   0.298873E+02
   595   0.224536E+04   0.192923E+02   0.731011E-01   0.298077E+02
   596   0.223633E+04   0.195900E+02   0.731821E-01   0.296949E+02
   597   0.222730E+04   0.198889E+02   0.732618E-01   0.295488E+02
   598   0.221825E+04   0.201888E+02   0.733401E-01   0.293694E+02
   599   0.220920E+04   0.204898E+02   0.734172E-01   0.291565E+02
   600   0.220015E+04   0.207915E+02   0.734929E-01   0.289102E+02
   601   0.219111E+04   0.210939E+02   0.735674E-01   0.286306E+02
   602   0.218207E+04   0.213969E+02   0.736407E-01   0.283178E+02
   603   0.217305E+04   0.217005E+02   0.737127E-01   0.279718E+02
   604   0.216405E+04   0.220043E+02   0.737835E-01   0.275926E+02
   605   0.215507E+04   0.223084E+02   0.738531E-01   0.271803E+02
   606   0.214612E+04   0.226126E+02   0.739215E-01   0.267351E+02
   607   0.213720E+04   0.229169E+02   0.739888E-01   0.262571E+02
   608   0.212832E+04   0.232211E+02   0.740550E-01   0.257463E+02
   609   0.211949E+04   0.235250E+02   0.741201E-01   0.252030E+02
   610   0.211069E+04   0.238286E+02   0.741841E-01   0.246274E+02
   611   0.210195E+04   0.241316E+02   0.742470E-01   0.240194E+02
   612   0.209325E+04   0.244340E+02   0.743090E-01   0.233794E+02
   613   0.208461E+04   0.247357E+02   0.743699E-01   0.227074E+02
   614   0.207605E+04   0.250366E+02   0.744298E-01   0.220038E+02
   615   0.206754E+04   0.253364E+02   0.744888E-01   0.212688E+02
   616   0.205911E+04   0.256352E+02   0.745469E-01   0.205030E+02
   617   0.205075E+04   0.259328E+02   0.746040E-01   0.197065E+02
   618   0.204247E+04   0.262293E+02   0.746603E-01   0.188797E+02
   619   0.203428E+04   0.265242E+02   0.747158E-01   0.180229E+02
   620   0.202617E+04   0.268177E+02   0.747705E-01   0.171365E+02
   621   0.201817E+04   0.271097E+02   0.748243E-01   0.162208E+02
   622   0.201026E+04   0.273998E+02   0.748774E-01   0.152762E+02
   623   0.200244E+04   0.276881E+02   0.749298E-01   0.143030E+02
   624   0.199474E+04   0.279745E+02   0.749815E-01   0.133016E+02
   625   0.198714E+04   0.282587E+02   0.750325E-01   0.122722E+02
   626   0.197965E+04   0.285408E+02   0.750828E-01   0.112154E+02
   627   0.197228E+04   0.288204E+02   0.751326E-01   0.101313E+02
   628   0.196503E+04   0.290976E+02   0.751817E-01   0.902048E+01
   629   0.195790E+04   0.293722E+02   0.752303E-01   0.788344E+01
   630   0.195089E+04   0.296443E+02   0.752784E-01   0.672062E+01
   631   0.194401E+04   0.299134E+02   0.753260E-01   0.553244E+01
   632   0.193726E+04   0.301796E+02   0.753731E-01   0.431946E+01
   633   0.193066E+04   0.304428E+02   0.754198E-01   0.308205E+01
   634   0.192418E+04   0.307029E+02   0.754660E-01   0.182076E+01
   635   0.191785E+04   0.309597E+02   0.755119E-01   0.536142E+00
   636   0.191167E+04   0.312132E+02   0.755575E-01  -0.771295E+00
   637   0.190563E+04   0.314632E+02   0.756027E-01  -0.210099E+01
   638   0.189975E+04   0.317097E+02   0.756476E-01  -0.345238E+01
   639   0.189401E+04   0.319525E+02   0.756922E-01  -0.482493E+01
   640   0.188844E+04   0.321915E+02   0.757366E-01  -0.621809E+01
   641   0.188302E+04   0.324267E+02   0.757808E-01  -0.763129E+01
   642   0.187776E+04   0.326579E+02   0.758248E-01  -0.906391E+01
   643   0.187267E+04   0.328851E+02   0.758687E-01  -0.105153E+02
   644   0.186773E+04   0.331081E+02   0.759124E-01  -0.119849E+02
   645   0.186297E+04   0.333267E+02   0.759561E-01  -0.134719E+02
   646   0.185839E+04   0.335409E+02   0.759996E-01  -0.149759E+02
   647   0.185397E+04   0.337506E+02   0.760431E-01  -0.164960E+02
   648   0.184973E+04   0.339557E+02   0.760866E-01  -0.180318E+02
   649   0.184566E+04   0.341561E+02   0.761302E-01  -0.195825E+02
   650   0.184178E+04   0.343517E+02   0.761737E-01  -0.211474E+02
   651   0.183807E+04   0.345425E+02   0.762173E-01  -0.227258E+02
   652   0.183454E+04   0.347285E+02   0.762610E-01  -0.243170E+02
   653   0.183120E+04   0.349095E+02   0.763048E-01  -0.259205E+02
   654   0.182804E+04   0.350856E+02   0.763487E-01  -0.275356E+02
   655   0.182508E+04   0.352566E+02   0.763929E-01  -0.291616E+02
   656   0.182229E+04   0.354226E+02   0.764372E-01  -0.307978E+02
   657   0.181970E+04   0.355835E+02   0.764817E-01  -0.324435E+02
   658   0.181730E+04   0.357391E+02   0.765264E-01  -0.340981E+02
   659   0.181509E+04   0.358894E+02   0.765715E-01  -0.357607E+02
   660   0.181307E+04   0.360344E+02   0.766168E-01  -0.374309E+02
   661   0.181124E+04   0.361740E+02   0.766624E-01  -0.391077E+02
   662   0.180960E+04   0.363080E+02   0.767084E-01  -0.407907E+02
   663   0.180816E+04   0.364366E+02   0.767548E-01  -0.424789E+02
   664   0.180691E+04   0.365595E+02   0.768015E-01  -0.441716E+02
   665   0.180586E+04   0.366768E+02   0.768487E-01  -0.458682E+02
   666   0.180500E+04   0.367885E+02   0.768963E-01  -0.475680E+02
   667   0.180433E+04   0.368944E+02   0.769443E-01  -0.492702E+02
   668   0.180386E+04   0.369946E+02   0.769929E-01  -0.509740E+02
   669   0.180358E+04   0.370890E+02   0.770420E-01  -0.526789E+02
   670   0.180349E+04   0.371776E+02   0.770916E-01  -0.543840E+02
   671   0.180361E+04   0.372603E+02   0.771417E-01  -0.560885E+02
   672   0.180391E+04   0.373371E+02   0.771925E-01  -0.577919E+02
   673   0.180440E+04   0.374081E+02   0.772438E-01  -0.594933E+02
   674   0.180509E+04   0.374731E+02   0.772958E-01  -0.611921E+02
   675   0.180597E+04   0.375321E+02   0.773484E-01  -0.628874E+02
   676   0.180705E+04   0.375852E+02   0.774017E-01  -0.645785E+02
   677   0.180831E+04   0.376323E+02   0.774556E-01  -0.662649E+02
   678   0.180976E+04   0.376733E+02   0.775103E-01  -0.679454E+02
   679   0.181140E+04   0.377083E+02   0.775657E-01  -0.696195E+02
   680   0.181323E+04   0.377371E+02   0.776219E-01  -0.712865E+02
   681   0.181524E+04   0.377598E+02   0.776789E-01  -0.729452E+02
   682   0.181743E+04   0.377764E+02   0.777366E-01  -0.745953E+02
   683   0.181981E+04   0.377867E+02   0.777952E-01  -0.762356E+02
   684   0.182238E+04   0.377909E+02   0.778545E-01  -0.778658E+02
   685   0.182512E+04   0.377890E+02   0.779148E-01  -0.794851E+02
   686   0.182803E+04   0.377809E+02   0.779759E-01  -0.810923E+02
   687   0.183113E+04   0.377669E+02   0.780378E-01  -0.826878E+02
   688   0.183440E+04   0.377468E+02   0.781007E-01  -0.842707E+02
   689   0.183785E+04   0.377207E+02   0.781645E-01  -0.858396E+02
   690   0.184147E+04   0.376888E+02   0.782292E-01  -0.873938E+02
   691   0.184525E+04   0.376508E+02   0.782949E-01  -0.889333E+02
   692   0.184921E+04   0.376070E+02   0.783615E-01  -0.904575E+02
   693   0.185333E+04   0.375573E+02   0.784291E-01  -0.919655E+02
   694   0.185762E+04   0.375017E+02   0.784976E-01  -0.934560E+02
   695   0.186207E+04   0.374403E+02   0.785672E-01  -0.949289E+02
   696   0.186667E+04   0.373729E+02   0.786378E-01  -0.963829E+02
   697   0.187143E+04   0.372999E+02   0.787093E-01  -0.978179E+02
   698   0.187634E+04   0.372210E+02   0.787819E-01  -0.992325E+02
   699   0.188141E+04   0.371363E+02   0.788556E-01  -0.100627E+03
   700   0.188662E+04   0.370460E+02   0.789302E-01  -0.102000E+03
   701   0.189197E+04   0.369500E+02   0.790060E-01  -0.103351E+03
   702   0.189746E+04   0.368484E+02   0.790827E-01  -0.104680E+03
   703   0.190310E+04   0.367413E+02   0.791605E-01  -0.105987E+03
   704   0.190887E+04   0.366286E+02   0.792394E-01  -0.107269E+03
   705   0.191477E+04   0.365105E+02   0.793194E-01  -0.108527E+03
   706   0.192080E+04   0.363870E+02   0.794004E-01  -0.109760E+03
   707   0.192696E+04   0.362584E+02   0.794825E-01  -0.110969E+03
   708   0.193324E+04   0.361243E+02   0.795657E-01  -0.112152E+03
   709   0.193965E+04   0.359852E+02   0.796499E-01  -0.113309E+03
   710   0.194617E+04   0.358409E+02   0.797352E-01  -0.114439E+03
   711   0.195280E+04   0.356917E+02   0.798216E-01  -0.115543E+03
   712   0.195955E+04   0.355374E+02   0.799091E-01  -0.116618E+03
   713   0.196639E+04   0.353782E+02   0.799976E-01  -0.117666E+03
   714   0.197335E+04   0.352142E+02   0.800872E-01  -0.118684E+03
   715   0.198040E+04   0.350454E+02   0.801778E-01  -0.119674E+03
   716   0.198755E+04   0.348719E+02   0.802695E-01  -0.120635E+03
   717   0.199479E+04   0.346936E+02   0.803622E-01  -0.121565E+03
   718   0.200212E+04   0.345108E+02   0.804560E-01  -0.122464E+03
   719   0.200952E+04   0.343235E+02   0.805508E-01  -0.123332E+03
   720   0.201702E+04   0.341317E+02   0.806467E-01  -0.124170E+03
   721   0.202458E+04   0.339357E+02   0.807436E-01  -0.124976E+03
   722   0.203222E+04   0.337355E+02   0.808415E-01  -0.125750E+03
   723   0.203994E+04   0.335313E+02   0.809403E-01  -0.126492E+03
   724   0.204772E+04   0.333232E+02   0.810402E-01  -0.127202E+03
   725   0.205557E+04   0.331113E+02   0.811411E-01  -0.127880E+03
   726   0.206348E+04   0.328956E+02   0.812429E-01  -0.128525E+03
   727   0.207145E+04   0.326764E+02   0.813458E-01  -0.129136E+03
   728   0.207948E+04   0.324536E+02   0.814495E-01  -0.129715E+03
   729   0.208754E+04   0.322274E+02   0.815542E-01  -0.130259E+03
   730   0.209566E+04   0.319978E+02   0.816598E-01  -0.130770E+03
   731   0.210383E+04   0.317650E+02   0.817664E-01  -0.131247E+03
   732   0.211202E+04   0.315290E+02   0.818738E-01  -0.131689E+03
   733   0.212025E+04   0.312901E+02   0.819821E-01  -0.132096E+03
   734   0.212852E+04   0.310481E+02   0.820913E-01  -0.132467E+03
   735   0.213679E+04   0.308035E+02   0.822013E-01  -0.132804E+03
   736   0.214510E+04   0.305561E+02   0.823122E-01  -0.133105E+03
   737   0.215342E+04   0.303062E+02   0.824239E-01  -0.133371E+03
   738   0.216175E+04   0.300538E+02   0.825364E-01  -0.133601E+03
   739   0.217009E+04   0.297991E+02   0.826498E-01  -0.133795E+03
   740   0.217843E+04   0.295422E+02   0.827639E-01  -0.133952E+03
   741   0.218676E+04   0.292832E+02   0.828787E-01  -0.134073E+03
   742   0.219509E+04   0.290223E+02   0.829943E-01  -0.134159E+03
   743   0.220341E+04   0.287596E+02   0.831106E-01  -0.134208E+03
   744   0.221171E+04   0.284953E+02   0.832276E-01  -0.134220E+03
   745   0.221998E+04   0.282295E+02   0.833453E-01  -0.134196E+03
   746   0.222823E+04   0.279622E+02   0.834637E-01  -0.134136E+03
   747   0.223645E+04   0.276937E+02   0.835827E-01  -0.134039E+03
   748   0.224463E+04   0.274240E+02   0.837024E-01  -0.133906E+03
   749   0.225278E+04   0.271533E+02   0.838226E-01  -0.133736E+03
   750   0.226089E+04   0.268817E+02   0.839435E-01  -0.133531E+03
   751   0.226894E+04   0.266092E+02   0.840649E-01  -0.133288E+03
   752   0.227693E+04   0.263361E+02   0.841869E-01  -0.133009E+03
   753   0.228488E+04   0.260624E+02   0.843094E-01  -0.132695E+03
   754   0.229277E+04   0.257882E+02   0.844324E-01  -0.132344E+03
   755   0.230059E+04   0.255138E+02   0.845558E-01  -0.131958E+03
   756   0.230834E+04   0.252392E+02   0.846798E-01  -0.131535E+03
   757   0.231604E+04   0.249646E+02   0.848041E-01  -0.131077E+03
   758   0.232367E+04   0.246900E+02   0.849289E-01  -0.130585E+03
   759   0.233122E+04   0.244158E+02   0.850540E-01  -0.130058E+03
   760   0.233870E+04   0.241419E+02   0.851795E-01  -0.129496E+03
   761   0.234611E+04   0.238685E+02   0.853054E-01  -0.128900E+03
   762   0.235343E+04   0.235957E+02   0.854315E-01  -0.128268E+03
   763   0.236067E+04   0.233236E+02   0.855580E-01  -0.127604E+03
   764   0.236781E+04   0.230522E+02   0.856847E-01  -0.126904E+03
   765   0.237485E+04   0.227819E+02   0.858116E-01  -0.126171E+03
   766   0.238180E+04   0.225126E+02   0.859387E-01  -0.125403E+03
   767   0.238864E+04   0.222443E+02   0.860660E-01  -0.124602E+03
   768   0.239537E+04   0.219774E+02   0.861935E-01  -0.123766E+03
   769   0.240198E+04   0.217120E+02   0.863211E-01  -0.122898E+03
   770   0.240848E+04   0.214480E+02   0.864487E-01  -0.121997E+03
   771   0.241486E+04   0.211858E+02   0.865764E-01  -0.121064E+03
   772   0.242110E+04   0.209254E+02   0.867042E-01  -0.120098E+03
   773   0.242723E+04   0.206670E+02   0.868320E-01  -0.119102E+03
   774   0.243321E+04   0.204106E+02   0.869597E-01  -0.118075E+03
   775   0.243906E+04   0.201565E+02   0.870874E-01  -0.117018E+03
   776   0.244478E+04   0.199047E+02   0.872150E-01  -0.115931E+03
   777   0.245036E+04   0.196553E+02   0.873424E-01  -0.114814E+03
   778   0.245581E+04   0.194085E+02   0.874698E-01  -0.113670E+03
   779   0.246112E+04   0.191644E+02   0.875969E-01  -0.112496E+03
   780   0.246629E+04   0.189230E+02   0.877238E-01  -0.111295E+03
   781   0.247133E+04   0.186845E+02   0.878505E-01  -0.110068E+03
   782   0.247621E+04   0.184490E+02   0.879769E-01  -0.108813E+03
   783   0.248096E+04   0.182165E+02   0.881031E-01  -0.107532E+03
   784   0.248555E+04   0.179872E+02   0.882288E-01  -0.106224E+03
   785   0.248999E+04   0.177611E+02   0.883543E-01  -0.104890E+03
   786   0.249425E+04   0.175384E+02   0.884793E-01  -0.103530E+03
   787   0.249836E+04   0.173192E+02   0.886039E-01  -0.102145E+03
   788   0.250230E+04   0.171034E+02   0.887280E-01  -0.100734E+03
   789   0.250605E+04   0.168914E+02   0.888516E-01  -0.992985E+02
   790   0.250964E+04   0.166832E+02   0.889747E-01  -0.978385E+02
   791   0.251304E+04   0.164789E+02   0.890973E-01  -0.963567E+02
   792   0.251627E+04   0.162788E+02   0.892193E-01  -0.948526E+02
   793   0.251932E+04   0.160829E+02   0.893407E-01  -0.933275E+02
   794   0.252219E+04   0.158913E+02   0.894614E-01  -0.917824E+02
   795   0.252487E+04   0.157043E+02   0.895814E-01  -0.902187E+02
   796   0.252738E+04   0.155217E+02   0.897008E-01  -0.886358E+02
   797   0.252970E+04   0.153438E+02   0.898194E-01  -0.870350E+02
   798   0.253183E+04   0.151705E+02   0.899372E-01  -0.854166E+02
   799   0.253379E+04   0.150019E+02   0.900543E-01  -0.837812E+02
   800   0.253556E+04   0.148381E+02   0.901706E-01  -0.821282E+02
   801   0.253715E+04   0.146791E+02   0.902860E-01  -0.804597E+02
   802   0.253856E+04   0.145248E+02   0.904005E-01  -0.787751E+02
   803   0.253978E+04   0.143755E+02   0.905141E-01  -0.770751E+02
   804   0.254081E+04   0.142312E+02   0.906268E-01  -0.753611E+02
   805   0.254165E+04   0.140920E+02   0.907386E-01  -0.736323E+02
   806   0.254228E+04   0.139581E+02   0.908494E-01  -0.718910E+02
   807   0.254270E+04   0.138294E+02   0.909591E-01  -0.701357E+02
   808   0.254293E+04   0.137062E+02   0.910679E-01  -0.683692E+02
   809   0.254294E+04   0.135885E+02   0.911756E-01  -0.665908E+02
   810   0.254275E+04   0.134763E+02   0.912822E-01  -0.648013E+02
   811   0.254234E+04   0.133697E+02   0.913877E-01  -0.630022E+02
   812   0.254174E+04   0.132686E+02   0.914921E-01  -0.611942E+02
   813   0.254094E+04   0.131732E+02   0.915953E-01  -0.593781E+02
   814   0.253995E+04   0.130834E+02   0.916974E-01  -0.575550E+02
   815   0.253877E+04   0.129991E+02   0.917982E-01  -0.557255E+02
   816   0.253741E+04   0.129206E+02   0.918979E-01  -0.538906E+02
   817   0.253586E+04   0.128478E+02   0.919963E-01  -0.520508E+02
   818   0.253411E+04   0.127808E+02   0.920935E-01  -0.502063E+02
   819   0.253217E+04   0.127195E+02   0.921894E-01  -0.483574E+02
   820   0.253002E+04   0.126641E+02   0.922840E-01  -0.465046E+02
   821   0.252767E+04   0.126146E+02   0.923773E-01  -0.446482E+02
   822   0.252510E+04   0.125710E+02   0.924693E-01  -0.427884E+02
   823   0.252231E+04   0.125335E+02   0.925599E-01  -0.409258E+02
   824   0.251931E+04   0.125019E+02   0.926491E-01  -0.390613E+02
   825   0.251612E+04   0.124764E+02   0.927370E-01  -0.371962E+02
   826   0.251271E+04   0.124569E+02   0.928234E-01  -0.353315E+02
   827   0.250912E+04   0.124433E+02   0.929085E-01  -0.334684E+02
   828   0.250533E+04   0.124358E+02   0.929921E-01  -0.316078E+02
   829   0.250137E+04   0.124343E+02   0.930742E-01  -0.297512E+02
   830   0.249722E+04   0.124389E+02   0.931549E-01  -0.278993E+02
   831   0.249290E+04   0.124494E+02   0.932341E-01  -0.260526E+02
   832   0.248840E+04   0.124659E+02   0.933118E-01  -0.242115E+02
   833   0.248370E+04   0.124885E+02   0.933880E-01  -0.223762E+02
   834   0.247882E+04   0.125172E+02   0.934626E-01  -0.205470E+02
   835   0.247374E+04   0.125520E+02   0.935358E-01  -0.187244E+02
   836   0.246846E+04   0.125928E+02   0.936073E-01  -0.169085E+02
   837   0.246298E+04   0.126398E+02   0.936773E-01  -0.150999E+02
   838   0.245731E+04   0.126928E+02   0.937458E-01  -0.132993E+02
   839   0.245143E+04   0.127518E+02   0.938126E-01  -0.115077E+02
   840   0.244539E+04   0.128168E+02   0.938778E-01  -0.972600E+01
   841   0.243916E+04   0.128877E+02   0.939415E-01  -0.795527E+01
   842   0.243276E+04   0.129645E+02   0.940035E-01  -0.619636E+01
   843   0.242618E+04   0.130470E+02   0.940639E-01  -0.445026E+01
   844   0.241946E+04   0.131352E+02   0.941226E-01  -0.271789E+01
   845   0.241256E+04   0.132292E+02   0.941797E-01  -0.999733E+00
   846   0.240551E+04   0.133289E+02   0.942351E-01   0.703536E+00
   847   0.239829E+04   0.134344E+02   0.942889E-01   0.239149E+01
   848   0.239090E+04   0.135456E+02   0.943410E-01   0.406357E+01
   849   0.238335E+04   0.136626E+02   0.943914E-01   0.571925E+01
   850   0.237561E+04   0.137853E+02   0.944402E-01   0.735801E+01
   851   0.236771E+04   0.139139E+02   0.944872E-01   0.897934E+01
   852   0.235965E+04   0.140481E+02   0.945326E-01   0.105828E+02
   853   0.235142E+04   0.141878E+02   0.945763E-01   0.121681E+02
   854   0.234302E+04   0.143329E+02   0.946182E-01   0.137346E+02
   855   0.233449E+04   0.144834E+02   0.946585E-01   0.152822E+02
   856   0.232581E+04   0.146392E+02   0.946970E-01   0.168103E+02
   857   0.231699E+04   0.147999E+02   0.947339E-01   0.183186E+02
   858   0.230804E+04   0.149657E+02   0.947690E-01   0.198065E+02
   859   0.229896E+04   0.151365E+02   0.948025E-01   0.212735E+02
   860   0.228974E+04   0.153122E+02   0.948342E-01   0.227187E+02
   861   0.228041E+04   0.154929E+02   0.948642E-01   0.241414E+02
   862   0.227094E+04   0.156784E+02   0.948925E-01   0.255408E+02
   863   0.226135E+04   0.158688E+02   0.949191E-01   0.269162E+02
   864   0.225164E+04   0.160640E+02   0.949441E-01   0.282667E+02
   865   0.224180E+04   0.162641E+02   0.949673E-01   0.295918E+02
   866   0.223186E+04   0.164688E+02   0.949888E-01   0.308912E+02
   867   0.222179E+04   0.166782E+02   0.950087E-01   0.321650E+02
   868   0.221160E+04   0.168921E+02   0.950269E-01   0.334129E+02
   869   0.220131E+04   0.171104E+02   0.950434E-01   0.346351E+02
   870   0.219090E+04   0.173330E+02   0.950582E-01   0.358313E+02
   871   0.218038E+04   0.175599E+02   0.950714E-01   0.370017E+02
   872   0.216976E+04   0.177908E+02   0.950830E-01   0.381459E+02
   873   0.215903E+04   0.180256E+02   0.950929E-01   0.392637E+02
   874   0.214820E+04   0.182644E+02   0.951012E-01   0.403546E+02
   875   0.213728E+04   0.185069E+02   0.951079E-01   0.414180E+02
   876   0.212628E+04   0.187530E+02   0.951130E-01   0.424537E+02
   877   0.211518E+04   0.190026E+02   0.951165E-01   0.434609E+02
   878   0.210403E+04   0.192556E+02   0.951185E-01   0.444394E+02
   879   0.209279E+04   0.195119E+02   0.951188E-01   0.453886E+02
   880   0.208149E+04   0.197713E+02   0.951177E-01   0.463082E+02
   881   0.207011E+04   0.200338E+02   0.951150E-01   0.471978E+02
   882   0.205868E+04   0.202993E+02   0.951108E-01   0.480570E+02
   883   0.204719E+04   0.205677E+02   0.951051E-01   0.488852E+02
   884   0.203563E+04   0.208390E+02   0.950979E-01   0.496823E+02
   885   0.202401E+04   0.211131E+02   0.950892E-01   0.504477E+02
   886   0.201233E+04   0.213898E+02   0.950792E-01   0.511811E+02
   887   0.200060E+04   0.216690E+02   0.950676E-01   0.518825E+02
   888   0.198883E+04   0.219507E+02   0.950547E-01   0.525520E+02
   889   0.197699E+04   0.222347E+02   0.950404E-01   0.531895E+02
   890   0.196512E+04   0.225208E+02   0.950247E-01   0.537952E+02
   891   0.195321E+04   0.228091E+02   0.950077E-01   0.543689E+02
   892   0.194127E+04   0.230992E+02   0.949893E-01   0.549109E+02
   893   0.192928E+04   0.233912E+02   0.949697E-01   0.554210E+02
   894   0.191728E+04   0.236847E+02   0.949487E-01   0.558993E+02
   895   0.190524E+04   0.239799E+02   0.949265E-01   0.563455E+02
   896   0.189319E+04   0.242763E+02   0.949030E-01   0.567599E+02
   897   0.188111E+04   0.245740E+02   0.948783E-01   0.571422E+02
   898   0.186902E+04   0.248728E+02   0.948525E-01   0.574924E+02
   899   0.185693E+04   0.251725E+02   0.948254E-01   0.578104E+02
   900   0.184483E+04   0.254730E+02   0.947972E-01   0.580962E+02
   901   0.183272E+04   0.257741E+02   0.947678E-01   0.583498E+02
   902   0.182062E+04   0.260757E+02   0.947374E-01   0.585710E+02
   903   0.180853E+04   0.263779E+02   0.947058E-01   0.587599E+02
   904   0.179644E+04   0.266803E+02   0.946733E-01   0.589165E+02
   905   0.178437E+04   0.269829E+02   0.946396E-01   0.590407E+02
   906   0.177231E+04   0.272856E+02   0.946050E-01   0.591325E+02
   907   0.176028E+04   0.275883E+02   0.945693E-01   0.591919E+02
   908   0.174827E+04   0.278908E+02   0.945327E-01   0.592190E+02
   909   0.173628E+04   0.281932E+02   0.944952E-01   0.592139E+02
   910   0.172432E+04   0.284952E+02   0.944567E-01   0.591767E+02
   911   0.171240E+04   0.287968E+02   0.944174E-01   0.591077E+02
   912   0.170052E+04   0.290977E+02   0.943772E-01   0.590069E+02
   913   0.168867E+04   0.293981E+02   0.943362E-01   0.588746E+02
   914   0.167687E+04   0.296977E+02   0.942943E-01   0.587107E+02
   915   0.166510E+04   0.299963E+02   0.942517E-01   0.585155E+02
   916   0.165339E+04   0.302940E+02   0.942083E-01   0.582893E+02
   917   0.164172E+04   0.305905E+02   0.941641E-01   0.580320E+02
   918   0.163010E+04   0.308858E+02   0.941193E-01   0.577441E+02
   919   0.161853E+04   0.311797E+02   0.940738E-01   0.574256E+02
   920   0.160703E+04   0.314721E+02   0.940276E-01   0.570768E+02
   921   0.159557E+04   0.317628E+02   0.939808E-01   0.566978E+02
   922   0.158419E+04   0.320518E+02   0.939334E-01   0.562891E+02
   923   0.157287E+04   0.323389E+02   0.938854E-01   0.558510E+02
   924   0.156161E+04   0.326242E+02   0.938368E-01   0.553838E+02
   925   0.155043E+04   0.329072E+02   0.937878E-01   0.548881E+02
   926   0.153933E+04   0.331882E+02   0.937382E-01   0.543642E+02
   927   0.152830E+04   0.334667E+02   0.936882E-01   0.538124E+02
   928   0.151735E+04   0.337430E+02   0.936377E-01   0.532332E+02
   929   0.150649E+04   0.340167E+02   0.935869E-01   0.526269E+02
   930   0.149572E+04   0.342878E+02   0.935356E-01   0.519938E+02
   931   0.148502E+04   0.345561E+02   0.934840E-01   0.513343E+02
   932   0.147443E+04   0.348216E+02   0.934321E-01   0.506486E+02
   933   0.146393E+04   0.350841E+02   0.933799E-01   0.499371E+02
   934   0.145352E+04   0.353435E+02   0.933274E-01   0.492000E+02
   935   0.144321E+04   0.355996E+02   0.932746E-01   0.484378E+02
   936   0.143300E+04   0.358523E+02   0.932217E-01   0.476508E+02
   937   0.142289E+04   0.361017E+02   0.931685E-01   0.468395E+02
   938   0.141289E+04   0.363475E+02   0.931152E-01   0.460043E+02
   939   0.140299E+04   0.365897E+02   0.930618E-01   0.451455E+02
   940   0.139320E+04   0.368280E+02   0.930083E-01   0.442637E+02
   941   0.138353E+04   0.370626E+02   0.929547E-01   0.433591E+02
   942   0.137396E+04   0.372931E+02   0.929011E-01   0.424323E+02
   943   0.136451E+04   0.375196E+02   0.928474E-01   0.414837E+02
   944   0.135518E+04   0.377419E+02   0.927938E-01   0.405140E+02
   945   0.134596E+04   0.379600E+02   0.927402E-01   0.395234E+02
   946   0.133687E+04   0.381738E+02   0.926867E-01   0.385126E+02
   947   0.132790E+04   0.383830E+02   0.926332E-01   0.374821E+02
   948   0.131905E+04   0.385879E+02   0.925799E-01   0.364324E+02
   949   0.131033E+04   0.387882E+02   0.925268E-01   0.353638E+02
   950   0.130174E+04   0.389838E+02   0.924738E-01   0.342772E+02
   951   0.129328E+04   0.391746E+02   0.924211E-01   0.331728E+02
   952   0.128495E+04   0.393606E+02   0.923685E-01   0.320512E+02
   953   0.127675E+04   0.395416E+02   0.923163E-01   0.309127E+02
   954   0.126867E+04   0.397177E+02   0.922643E-01   0.297579E+02
   955   0.126074E+04   0.398886E+02   0.922126E-01   0.285872E+02
   956   0.125294E+04   0.400544E+02   0.921613E-01   0.274011E+02
   957   0.124528E+04   0.402151E+02   0.921104E-01   0.262001E+02
   958   0.123775E+04   0.403705E+02   0.920598E-01   0.249849E+02
   959   0.123036E+04   0.405206E+02   0.920096E-01   0.237562E+02
   960   0.122311E+04   0.406656E+02   0.919599E-01   0.225145E+02
   961   0.121600E+04   0.408051E+02   0.919106E-01   0.212603E+02
   962   0.120904E+04   0.409393E+02   0.918619E-01   0.199943E+02
   963   0.120222E+04   0.410682E+02   0.918136E-01   0.187173E+02
   964   0.119554E+04   0.411916E+02   0.917659E-01   0.174296E+02
   965   0.118901E+04   0.413095E+02   0.917187E-01   0.161317E+02
   966   0.118262E+04   0.414220E+02   0.916721E-01   0.148243E+02
   967   0.117637E+04   0.415288E+02   0.916261E-01   0.135078E+02
   968   0.117027E+04   0.416300E+02   0.915807E-01   0.121828E+02
   969   0.116432E+04   0.417256E+02   0.915359E-01   0.108498E+02
   970   0.115851E+04   0.418154E+02   0.914918E-01   0.950933E+01
   971   0.115284E+04   0.418995E+02   0.914483E-01   0.816194E+01
   972   0.114732E+04   0.419778E+02   0.914056E-01   0.680830E+01
   973   0.114195E+04   0.420503E+02   0.913636E-01   0.544887E+01
   974   0.113673E+04   0.421171E+02   0.913223E-01   0.408430E+01
   975   0.113164E+04   0.421780E+02   0.912817E-01   0.271528E+01
   976   0.112671E+04   0.422332E+02   0.912419E-01   0.134220E+01
   977   0.112192E+04   0.422824E+02   0.912029E-01  -0.341539E-01
   978   0.111728E+04   0.423258E+02   0.911646E-01  -0.141338E+01
   979   0.111278E+04   0.423634E+02   0.911272E-01  -0.279484E+01
   980   0.110843E+04   0.423950E+02   0.910906E-01  -0.417799E+01
   981   0.110423E+04   0.424209E+02   0.910548E-01  -0.556231E+01
   982   0.110017E+04   0.424409E+02   0.910199E-01  -0.694722E+01
   983   0.109624E+04   0.424552E+02   0.909858E-01  -0.833217E+01
   984   0.109247E+04   0.424635E+02   0.909526E-01  -0.971664E+01
   985   0.108884E+04   0.424660E+02   0.909203E-01  -0.111001E+02
   986   0.108535E+04   0.424626E+02   0.908889E-01  -0.124821E+02
   987   0.108201E+04   0.424534E+02   0.908584E-01  -0.138621E+02
   988   0.107881E+04   0.424383E+02   0.908288E-01  -0.152397E+02
   989   0.107575E+04   0.424173E+02   0.908001E-01  -0.166143E+02
   990   0.107283E+04   0.423904E+02   0.907723E-01  -0.179854E+02
   991   0.107004E+04   0.423575E+02   0.907456E-01  -0.193527E+02
   992   0.106741E+04   0.423188E+02   0.907197E-01  -0.207154E+02
   993   0.106490E+04   0.422742E+02   0.906948E-01  -0.220730E+02
   994   0.106254E+04   0.422238E+02   0.906709E-01  -0.234248E+02
   995   0.106031E+04   0.421676E+02   0.906480E-01  -0.247703E+02
   996   0.105822E+04   0.421056E+02   0.906260E-01  -0.261088E+02
   997   0.105626E+04   0.420379E+02   0.906050E-01  -0.274398E+02
   998   0.105444E+04   0.419644E+02   0.905850E-01  -0.287626E+02
   999   0.105275E+04   0.418853E+02   0.905660E-01  -0.300766E+02
  1000   0.105120E+04   0.418004E+02   0.905480E-01  -0.313811E+02
  1001   0.104977E+04   0.417099E+02   0.905310E-01  -0.326754E+02
  1002   0.104847E+04   0.416138E+02   0.905151E-01  -0.339590E+02
  1003   0.104729E+04   0.415119E+02   0.905001E-01  -0.352311E+02
  1004   0.104625E+04   0.414044E+02   0.904861E-01  -0.364913E+02
  1005   0.104531E+04   0.412913E+02   0.904732E-01  -0.377389E+02
  1006   0.104451E+04   0.411727E+02   0.904613E-01  -0.389737E+02
  1007   0.104381E+04   0.410488E+02   0.904504E-01  -0.401954E+02
  1008   0.104324E+04   0.409197E+02   0.904405E-01  -0.414040E+02
  1009   0.104279E+04   0.407855E+02   0.904317E-01  -0.425991E+02
  1010   0.104244E+04   0.406467E+02   0.904238E-01  -0.437804E+02
  1011   0.104222E+04   0.405030E+02   0.904170E-01  -0.449479E+02
  1012   0.104210E+04   0.403548E+02   0.904112E-01  -0.461012E+02
  1013   0.104208E+04   0.402020E+02   0.904065E-01  -0.472402E+02
  1014   0.104219E+04   0.400447E+02   0.904027E-01  -0.483642E+02
  1015   0.104239E+04   0.398825E+02   0.904000E-01  -0.494731E+02
  1016   0.104271E+04   0.397158E+02   0.903983E-01  -0.505666E+02
  1017   0.104313E+04   0.395441E+02   0.903975E-01  -0.516441E+02
  1018   0.104366E+04   0.393676E+02   0.903978E-01  -0.527055E+02
  1019   0.104429E+04   0.391863E+02   0.903991E-01  -0.537502E+02
  1020   0.104503E+04   0.390002E+02   0.904014E-01  -0.547777E+02
  1021   0.104586E+04   0.388096E+02   0.904047E-01  -0.557874E+02
  1022   0.104679E+04   0.386145E+02   0.904089E-01  -0.567788E+02
  1023   0.104780E+04   0.384152E+02   0.904142E-01  -0.577511E+02
  1024   0.104891E+04   0.382118E+02   0.904204E-01  -0.587038E+02
  1025   0.105010E+04   0.380045E+02   0.904276E-01  -0.596362E+02
  1026   0.105138E+04   0.377935E+02   0.904357E-01  -0.605478E+02
  1027   0.105273E+04   0.375788E+02   0.904448E-01  -0.614388E+02
  1028   0.105416E+04   0.373604E+02   0.904548E-01  -0.623093E+02
  1029   0.105567E+04   0.371385E+02   0.904657E-01  -0.631593E+02
  1030   0.105726E+04   0.369131E+02   0.904775E-01  -0.639890E+02
  1031   0.105893E+04   0.366842E+02   0.904903E-01  -0.647988E+02
  1032   0.106066E+04   0.364520E+02   0.905040E-01  -0.655886E+02
  1033   0.106248E+04   0.362165E+02   0.905185E-01  -0.663585E+02
  1034   0.106437E+04   0.359777E+02   0.905339E-01  -0.671081E+02
  1035   0.106633E+04   0.357359E+02   0.905502E-01  -0.678369E+02
  1036   0.106835E+04   0.354913E+02   0.905673E-01  -0.685442E+02
  1037   0.107043E+04   0.352438E+02   0.905852E-01  -0.692295E+02
  1038   0.107257E+04   0.349937E+02   0.906039E-01  -0.698924E+02
  1039   0.107477E+04   0.347411E+02   0.906235E-01  -0.705322E+02
  1040   0.107701E+04   0.344860E+02   0.906438E-01  -0.711485E+02
  1041   0.107931E+04   0.342287E+02   0.906649E-01  -0.717411E+02
  1042   0.108165E+04   0.339690E+02   0.906868E-01  -0.723103E+02
  1043   0.108403E+04   0.337070E+02   0.907094E-01  -0.728556E+02
  1044   0.108647E+04   0.334428E+02   0.907327E-01  -0.733778E+02
  1045   0.108894E+04   0.331763E+02   0.907567E-01  -0.738763E+02
  1046   0.109145E+04   0.329077E+02   0.907814E-01  -0.743518E+02
  1047   0.109400E+04   0.326368E+02   0.908068E-01  -0.748037E+02
  1048   0.109659E+04   0.323638E+02   0.908328E-01  -0.752321E+02
  1049   0.109921E+04   0.320892E+02   0.908594E-01  -0.756363E+02
  1050   0.110187E+04   0.318130E+02   0.908867E-01  -0.760178E+02
  1051   0.110454E+04   0.315354E+02   0.909145E-01  -0.763760E+02
  1052   0.110725E+04   0.312565E+02   0.909429E-01  -0.767102E+02
  1053   0.110997E+04   0.309767E+02   0.909718E-01  -0.770205E+02
  1054   0.111273E+04   0.306960E+02   0.910013E-01  -0.773071E+02
  1055   0.111549E+04   0.304146E+02   0.910313E-01  -0.775706E+02
  1056   0.111827E+04   0.301325E+02   0.910618E-01  -0.778105E+02
  1057   0.112107E+04   0.298499E+02   0.910927E-01  -0.780261E+02
  1058   0.112388E+04   0.295668E+02   0.911241E-01  -0.782189E+02
  1059   0.112669E+04   0.292832E+02   0.911559E-01  -0.783876E+02
  1060   0.112951E+04   0.289993E+02   0.911881E-01  -0.785321E+02
  1061   0.113234E+04   0.287152E+02   0.912207E-01  -0.786542E+02
  1062   0.113518E+04   0.284309E+02   0.912536E-01  -0.787515E+02
  1063   0.113802E+04   0.281465E+02   0.912869E-01  -0.788265E+02
  1064   0.114085E+04   0.278622E+02   0.913204E-01  -0.788776E+02
  1065   0.114368E+04   0.275781E+02   0.913543E-01  -0.789050E+02
  1066   0.114651E+04   0.272941E+02   0.913884E-01  -0.789103E+02
  1067   0.114933E+04   0.270104E+02   0.914228E-01  -0.788919E+02
  1068   0.115214E+04   0.267272E+02   0.914574E-01  -0.788507E+02
  1069   0.115494E+04   0.264446E+02   0.914922E-01  -0.787868E+02
  1070   0.115773E+04   0.261625E+02   0.915272E-01  -0.787002E+02
  1071   0.116050E+04   0.258812E+02   0.915624E-01  -0.785910E+02
  1072   0.116326E+04   0.256008E+02   0.915976E-01  -0.784600E+02
  1073   0.116600E+04   0.253214E+02   0.916330E-01  -0.783065E+02
  1074   0.116871E+04   0.250430E+02   0.916685E-01  -0.781313E+02
  1075   0.117140E+04   0.247659E+02   0.917040E-01  -0.779345E+02
  1076   0.117407E+04   0.244901E+02   0.917396E-01  -0.777153E+02
  1077   0.117671E+04   0.242157E+02   0.917752E-01  -0.774753E+02
  1078   0.117932E+04   0.239428E+02   0.918108E-01  -0.772146E+02
  1079   0.118190E+04   0.236715E+02   0.918464E-01  -0.769324E+02
  1080   0.118445E+04   0.234019E+02   0.918819E-01  -0.766304E+02
  1081   0.118696E+04   0.231342E+02   0.919174E-01  -0.763070E+02
  1082   0.118944E+04   0.228683E+02   0.919528E-01  -0.759638E+02
  1083   0.119188E+04   0.226045E+02   0.919880E-01  -0.756008E+02
  1084   0.119428E+04   0.223427E+02   0.920231E-01  -0.752181E+02
  1085   0.119664E+04   0.220832E+02   0.920581E-01  -0.748164E+02
  1086   0.119895E+04   0.218259E+02   0.920929E-01  -0.743944E+02
  1087   0.120122E+04   0.215709E+02   0.921275E-01  -0.739543E+02
  1088   0.120344E+04   0.213184E+02   0.921618E-01  -0.734954E+02
  1089   0.120561E+04   0.210685E+02   0.921960E-01  -0.730177E+02
  1090   0.120773E+04   0.208211E+02   0.922298E-01  -0.725220E+02
  1091   0.120980E+04   0.205765E+02   0.922634E-01  -0.720090E+02
  1092   0.121182E+04   0.203348E+02   0.922966E-01  -0.714782E+02
  1093   0.121378E+04   0.200959E+02   0.923295E-01  -0.709309E+02
  1094   0.121568E+04   0.198601E+02   0.923621E-01  -0.703665E+02
  1095   0.121753E+04   0.196274E+02   0.923943E-01  -0.697866E+02
  1096   0.121931E+04   0.193980E+02   0.924261E-01  -0.691903E+02
  1097   0.122104E+04   0.191719E+02   0.924575E-01  -0.685784E+02
  1098   0.122271E+04   0.189490E+02   0.924884E-01  -0.679518E+02
  1099   0.122431E+04   0.187298E+02   0.925189E-01  -0.673104E+02
  1100   0.122585E+04   0.185140E+02   0.925489E-01  -0.666551E+02
  1101   0.122732E+04   0.183018E+02   0.925784E-01  -0.659851E+02
  1102   0.122873E+04   0.180932E+02   0.926073E-01  -0.653018E+02
  1103   0.123006E+04   0.178884E+02   0.926358E-01  -0.646045E+02
  1104   0.123134E+04   0.176874E+02   0.926636E-01  -0.638945E+02
  1105   0.123254E+04   0.174901E+02   0.926909E-01  -0.631719E+02
  1106   0.123367E+04   0.172968E+02   0.927176E-01  -0.624370E+02
  1107   0.123473E+04   0.171073E+02   0.927437E-01  -0.616903E+02
  1108   0.123571E+04   0.169219E+02   0.927691E-01  -0.609320E+02
  1109   0.123662E+04   0.167406E+02   0.927938E-01  -0.601626E+02
  1110   0.123746E+04   0.165634E+02   0.928179E-01  -0.593825E+02
  1111   0.123823E+04   0.163904E+02   0.928413E-01  -0.585920E+02
  1112   0.123891E+04   0.162215E+02   0.928639E-01  -0.577915E+02
  1113   0.123953E+04   0.160569E+02   0.928859E-01  -0.569815E+02
  1114   0.124007E+04   0.158967E+02   0.929070E-01  -0.561623E+02
  1115   0.124053E+04   0.157407E+02   0.929274E-01  -0.553344E+02
  1116   0.124092E+04   0.155892E+02   0.929470E-01  -0.544981E+02
  1117   0.124123E+04   0.154421E+02   0.929658E-01  -0.536539E+02
  1118   0.124146E+04   0.152995E+02   0.929838E-01  -0.528020E+02
  1119   0.124162E+04   0.151614E+02   0.930009E-01  -0.519431E+02
  1120   0.124168E+04   0.150277E+02   0.930171E-01  -0.510773E+02
  1121   0.124168E+04   0.148988E+02   0.930325E-01  -0.502052E+02
  1122   0.124159E+04   0.147743E+02   0.930470E-01  -0.493271E+02
  1123   0.124142E+04   0.146545E+02   0.930606E-01  -0.484434E+02
  1124   0.124118E+04   0.145394E+02   0.930733E-01  -0.475545E+02
  1125   0.124085E+04   0.144289E+02   0.930850E-01  -0.466608E+02
  1126   0.124043E+04   0.143231E+02   0.930958E-01  -0.457629E+02
  1127   0.123994E+04   0.142221E+02   0.931056E-01  -0.448612E+02
  1128   0.123937E+04   0.141258E+02   0.931145E-01  -0.439562E+02
  1129   0.123871E+04   0.140344E+02   0.931223E-01  -0.430482E+02
  1130   0.123798E+04   0.139476E+02   0.931292E-01  -0.421378E+02
  1131   0.123717E+04   0.138657E+02   0.931350E-01  -0.412255E+02
  1132   0.123628E+04   0.137887E+02   0.931399E-01  -0.403116E+02
  1133   0.123531E+04   0.137165E+02   0.931436E-01  -0.393965E+02
  1134   0.123425E+04   0.136491E+02   0.931464E-01  -0.384807E+02
  1135   0.123312E+04   0.135866E+02   0.931481E-01  -0.375646E+02
  1136   0.123191E+04   0.135289E+02   0.931487E-01  -0.366484E+02
  1137   0.123062E+04   0.134760E+02   0.931482E-01  -0.357329E+02
  1138   0.122925E+04   0.134280E+02   0.931467E-01  -0.348181E+02
  1139   0.122780E+04   0.133848E+02   0.931441E-01  -0.339047E+02
  1140   0.122627E+04   0.133465E+02   0.931403E-01  -0.329929E+02
  1141   0.122467E+04   0.133129E+02   0.931355E-01  -0.320834E+02
  1142   0.122298E+04   0.132842E+02   0.931296E-01  -0.311765E+02
  1143   0.122122E+04   0.132603E+02   0.931225E-01  -0.302726E+02
  1144   0.121937E+04   0.132412E+02   0.931143E-01  -0.293721E+02
  1145   0.121746E+04   0.132269E+02   0.931050E-01  -0.284756E+02
  1146   0.121547E+04   0.132174E+02   0.930946E-01  -0.275834E+02
  1147   0.121340E+04   0.132126E+02   0.930830E-01  -0.266958E+02
  1148   0.121125E+04   0.132126E+02   0.930703E-01  -0.258134E+02
  1149   0.120903E+04   0.132172E+02   0.930565E-01  -0.249365E+02
  1150   0.120674E+04   0.132264E+02   0.930415E-01  -0.240655E+02
  1151   0.120437E+04   0.132404E+02   0.930253E-01  -0.232007E+02
  1152   0.120194E+04   0.132590E+02   0.930080E-01  -0.223426E+02
  1153   0.119943E+04   0.132822E+02   0.929896E-01  -0.214915E+02
  1154   0.119685E+04   0.133099E+02   0.929700E-01  -0.206476E+02
  1155   0.119420E+04   0.133422E+02   0.929493E-01  -0.198114E+02
  1156   0.119148E+04   0.133789E+02   0.929274E-01  -0.189833E+02
  1157   0.118869E+04   0.134201E+02   0.929043E-01  -0.181634E+02
  1158   0.118584E+04   0.134658E+02   0.928801E-01  -0.173522E+02
  1159   0.118292E+04   0.135158E+02   0.928548E-01  -0.165500E+02
  1160   0.117994E+04   0.135702E+02   0.928283E-01  -0.157571E+02
  1161   0.117690E+04   0.136289E+02   0.928007E-01  -0.149738E+02
  1162   0.117379E+04   0.136918E+02   0.927719E-01  -0.142003E+02
  1163   0.117063E+04   0.137589E+02   0.927420E-01  -0.134370E+02
  1164   0.116740E+04   0.138303E+02   0.927110E-01  -0.126842E+02
  1165   0.116412E+04   0.139056E+02   0.926788E-01  -0.119421E+02
  1166   0.116077E+04   0.139851E+02   0.926455E-01  -0.112110E+02
  1167   0.115737E+04   0.140686E+02   0.926111E-01  -0.104911E+02
  1168   0.115391E+04   0.141560E+02   0.925756E-01  -0.978283E+01
  1169   0.115040E+04   0.142473E+02   0.925389E-01  -0.908635E+01
  1170   0.114683E+04   0.143424E+02   0.925012E-01  -0.840192E+01
  1171   0.114321E+04   0.144413E+02   0.924623E-01  -0.772991E+01
  1172   0.113955E+04   0.145440E+02   0.924224E-01  -0.707043E+01
  1173   0.113583E+04   0.146502E+02   0.923813E-01  -0.642384E+01
  1174   0.113206E+04   0.147601E+02   0.923392E-01  -0.579038E+01
  1175   0.112825E+04   0.148736E+02   0.922960E-01  -0.517022E+01
  1176   0.112439E+04   0.149904E+02   0.922518E-01  -0.456359E+01
  1177   0.112049E+04   0.151106E+02   0.922065E-01  -0.397069E+01
  1178   0.111654E+04   0.152342E+02   0.921601E-01  -0.339177E+01
  1179   0.111255E+04   0.153610E+02   0.921127E-01  -0.282703E+01
  1180   0.110853E+04   0.154910E+02   0.920643E-01  -0.227669E+01
  1181   0.110446E+04   0.156240E+02   0.920148E-01  -0.174094E+01
  1182   0.110035E+04   0.157602E+02   0.919643E-01  -0.121996E+01
  1183   0.109621E+04   0.158992E+02   0.919129E-01  -0.713957E+00
  1184   0.109204E+04   0.160412E+02   0.918604E-01  -0.223107E+00
  1185   0.108783E+04   0.161858E+02   0.918069E-01   0.252396E+00
  1186   0.108358E+04   0.163333E+02   0.917525E-01   0.712361E+00
  1187   0.107931E+04   0.164833E+02   0.916971E-01   0.115661E+01
  1188   0.107501E+04   0.166359E+02   0.916407E-01   0.158502E+01
  1189   0.107068E+04   0.167909E+02   0.915835E-01   0.199744E+01
  1190   0.106631E+04   0.169484E+02   0.915253E-01   0.239378E+01
  1191   0.106193E+04   0.171080E+02   0.914661E-01   0.277390E+01
  1192   0.105753E+04   0.172699E+02   0.914061E-01   0.313767E+01
  1193   0.105310E+04   0.174340E+02   0.913452E-01   0.348498E+01
  1194   0.104866E+04   0.176001E+02   0.912834E-01   0.381570E+01
  1195   0.104420E+04   0.177680E+02   0.912207E-01   0.412975E+01
  1196   0.103972E+04   0.179379E+02   0.911572E-01   0.442704E+01
  1197   0.103522E+04   0.181095E+02   0.910929E-01   0.470750E+01
  1198   0.103072E+04   0.182827E+02   0.910277E-01   0.497106E+01
  1199   0.102620E+04   0.184575E+02   0.909617E-01   0.521755E+01
  1200   0.102167E+04   0.186338E+02   0.908950E-01   0.544704E+01
  1201   0.101714E+04   0.188115E+02   0.908274E-01   0.565929E+01
  1202   0.101259E+04   0.189905E+02   0.907592E-01   0.585446E+01
  1203   0.100804E+04   0.191707E+02   0.906901E-01   0.603240E+01
  1204   0.100349E+04   0.193521E+02   0.906204E-01   0.619319E+01
  1205   0.998932E+03   0.195344E+02   0.905499E-01   0.633674E+01
  1206   0.994373E+03   0.197178E+02   0.904787E-01   0.646313E+01
  1207   0.989812E+03   0.199020E+02   0.904069E-01   0.657236E+01
  1208   0.985258E+03   0.200872E+02   0.903344E-01   0.666435E+01
  1209   0.980709E+03   0.202730E+02   0.902612E-01   0.673924E+01
  1210   0.976158E+03   0.204594E+02   0.901875E-01   0.679695E+01
  1211   0.971613E+03   0.206464E+02   0.901131E-01   0.683769E+01
  1212   0.967079E+03   0.208339E+02   0.900381E-01   0.686145E+01
  1213   0.962550E+03   0.210218E+02   0.899626E-01   0.686822E+01
  1214   0.958032E+03   0.212101E+02   0.898865E-01   0.685807E+01
  1215   0.953532E+03   0.213986E+02   0.898099E-01   0.683112E+01
  1216   0.949036E+03   0.215872E+02   0.897328E-01   0.678737E+01
  1217   0.944558E+03   0.217758E+02   0.896552E-01   0.672694E+01
  1218   0.940098E+03   0.219645E+02   0.895771E-01   0.664989E+01
  1219   0.935654E+03   0.221530E+02   0.894986E-01   0.655620E+01
  1220   0.931220E+03   0.223412E+02   0.894196E-01   0.644615E+01
  1221   0.926818E+03   0.225292E+02   0.893402E-01   0.631957E+01
  1222   0.922424E+03   0.227168E+02   0.892604E-01   0.617674E+01
  1223   0.918061E+03   0.229039E+02   0.891803E-01   0.601777E+01
  1224   0.913713E+03   0.230905E+02   0.890997E-01   0.584272E+01
  1225   0.909395E+03   0.232765E+02   0.890189E-01   0.565194E+01
  1226   0.905100E+03   0.234617E+02   0.889377E-01   0.544546E+01
  1227   0.900834E+03   0.236461E+02   0.888562E-01   0.522341E+01
  1228   0.896597E+03   0.238297E+02   0.887745E-01   0.498612E+01
  1229   0.892397E+03   0.240124E+02   0.886925E-01   0.473365E+01
  1230   0.888224E+03   0.241940E+02   0.886103E-01   0.446619E+01
  1231   0.884080E+03   0.243745E+02   0.885278E-01   0.418384E+01
  1232   0.879971E+03   0.245539E+02   0.884452E-01   0.388694E+01
  1233   0.875905E+03   0.247319E+02   0.883624E-01   0.357546E+01
  1234   0.871865E+03   0.249086E+02   0.882794E-01   0.324974E+01
  1235   0.867867E+03   0.250838E+02   0.881963E-01   0.290979E+01
  1236   0.863903E+03   0.252575E+02   0.881130E-01   0.255590E+01
  1237   0.859980E+03   0.254295E+02   0.880297E-01   0.218823E+01
  1238   0.856098E+03   0.255999E+02   0.879463E-01   0.180704E+01
  1239   0.852256E+03   0.257685E+02   0.878628E-01   0.141251E+01
  1240   0.848454E+03   0.259352E+02   0.877793E-01   0.100489E+01
  1241   0.844700E+03   0.261000E+02   0.876957E-01   0.584443E+00
  1242   0.840993E+03   0.262628E+02   0.876122E-01   0.151408E+00
  1243   0.837324E+03   0.264235E+02   0.875286E-01  -0.294037E+00
  1244   0.833702E+03   0.265820E+02   0.874451E-01  -0.751716E+00
  1245   0.830126E+03   0.267382E+02   0.873617E-01  -0.122125E+01
  1246   0.826604E+03   0.268922E+02   0.872783E-01  -0.170244E+01
  1247   0.823127E+03   0.270438E+02   0.871950E-01  -0.219504E+01
  1248   0.819702E+03   0.271929E+02   0.871118E-01  -0.269881E+01
  1249   0.816322E+03   0.273394E+02   0.870287E-01  -0.321349E+01
  1250   0.813002E+03   0.274832E+02   0.869458E-01  -0.373882E+01
  1251   0.809727E+03   0.276245E+02   0.868630E-01  -0.427451E+01
  1252   0.806502E+03   0.277629E+02   0.867804E-01  -0.482026E+01
  1253   0.803337E+03   0.278986E+02   0.866980E-01  -0.537578E+01
  1254   0.800221E+03   0.280315E+02   0.866158E-01  -0.594081E+01
  1255   0.797164E+03   0.281615E+02   0.865338E-01  -0.651505E+01
  1256   0.794163E+03   0.282886E+02   0.864520E-01  -0.709822E+01
  1257   0.791220E+03   0.284127E+02   0.863705E-01  -0.769006E+01
  1258   0.788333E+03   0.285339E+02   0.862892E-01  -0.829028E+01
  1259   0.785495E+03   0.286520E+02   0.862083E-01  -0.889860E+01
  1260   0.782727E+03   0.287671E+02   0.861276E-01  -0.951475E+01
  1261   0.780007E+03   0.288791E+02   0.860472E-01  -0.101385E+02
  1262   0.777350E+03   0.289878E+02   0.859672E-01  -0.107694E+02
  1263   0.774755E+03   0.290932E+02   0.858875E-01  -0.114075E+02
  1264   0.772214E+03   0.291956E+02   0.858082E-01  -0.120522E+02
  1265   0.769734E+03   0.292945E+02   0.857292E-01  -0.127033E+02
  1266   0.767309E+03   0.293901E+02   0.856506E-01  -0.133606E+02
  1267   0.764951E+03   0.294823E+02   0.855724E-01  -0.140237E+02
  1268   0.762653E+03   0.295712E+02   0.854946E-01  -0.146922E+02
  1269   0.760416E+03   0.296566E+02   0.854173E-01  -0.153659E+02
  1270   0.758238E+03   0.297386E+02   0.853403E-01  -0.160445E+02
  1271   0.756120E+03   0.298170E+02   0.852638E-01  -0.167277E+02
  1272   0.754069E+03   0.298920E+02   0.851878E-01  -0.174151E+02
  1273   0.752076E+03   0.299633E+02   0.851123E-01  -0.181064E+02
  1274   0.750141E+03   0.300311E+02   0.850372E-01  -0.188014E+02
  1275   0.748271E+03   0.300954E+02   0.849626E-01  -0.194996E+02
  1276   0.746463E+03   0.301560E+02   0.848885E-01  -0.202008E+02
  1277   0.744717E+03   0.302131E+02   0.848150E-01  -0.209048E+02
  1278   0.743033E+03   0.302664E+02   0.847420E-01  -0.216109E+02
  1279   0.741411E+03   0.303160E+02   0.846695E-01  -0.223192E+02
  1280   0.739850E+03   0.303620E+02   0.845975E-01  -0.230292E+02
  1281   0.738352E+03   0.304042E+02   0.845262E-01  -0.237406E+02
  1282   0.736914E+03   0.304427E+02   0.844554E-01  -0.244531E+02
  1283   0.735539E+03   0.304774E+02   0.843851E-01  -0.251663E+02
  1284   0.734224E+03   0.305082E+02   0.843155E-01  -0.258799E+02
  1285   0.732970E+03   0.305353E+02   0.842465E-01  -0.265937E+02
  1286   0.731777E+03   0.305585E+02   0.841780E-01  -0.273073E+02
  1287   0.730645E+03   0.305779E+02   0.841102E-01  -0.280203E+02
  1288   0.729573E+03   0.305935E+02   0.840431E-01  -0.287324E+02
  1289   0.728561E+03   0.306053E+02   0.839765E-01  -0.294433E+02
  1290   0.727610E+03   0.306133E+02   0.839106E-01  -0.301527E+02
  1291   0.726718E+03   0.306175E+02   0.838453E-01  -0.308602E+02
  1292   0.725886E+03   0.306179E+02   0.837807E-01  -0.315656E+02
  1293   0.725112E+03   0.306146E+02   0.837168E-01  -0.322683E+02
  1294   0.724398E+03   0.306074E+02   0.836535E-01  -0.329683E+02
  1295   0.723741E+03   0.305965E+02   0.835909E-01  -0.336652E+02
  1296   0.723143E+03   0.305818E+02   0.835290E-01  -0.343585E+02
  1297   0.722601E+03   0.305633E+02   0.834678E-01  -0.350481E+02
  1298   0.722116E+03   0.305410E+02   0.834073E-01  -0.357336E+02
  1299   0.721687E+03   0.305149E+02   0.833475E-01  -0.364147E+02
  1300   0.721313E+03   0.304851E+02   0.832883E-01  -0.370911E+02
  1301   0.720995E+03   0.304514E+02   0.832299E-01  -0.377625E+02
  1302   0.720730E+03   0.304142E+02   0.831722E-01  -0.384286E+02
  1303   0.720520E+03   0.303732E+02   0.831152E-01  -0.390893E+02
  1304   0.720362E+03   0.303284E+02   0.830589E-01  -0.397442E+02
  1305   0.720259E+03   0.302801E+02   0.830034E-01  -0.403931E+02
  1306   0.720206E+03   0.302281E+02   0.829485E-01  -0.410356E+02
  1307   0.720206E+03   0.301725E+02   0.828944E-01  -0.416717E+02
  1308   0.720256E+03   0.301134E+02   0.828410E-01  -0.423011E+02
  1309   0.720357E+03   0.300507E+02   0.827883E-01  -0.429235E+02
  1310   0.720507E+03   0.299844E+02   0.827364E-01  -0.435385E+02
  1311   0.720706E+03   0.299146E+02   0.826852E-01  -0.441461E+02
  1312   0.720953E+03   0.298413E+02   0.826347E-01  -0.447460E+02
  1313   0.721247E+03   0.297645E+02   0.825849E-01  -0.453379E+02
  1314   0.721588E+03   0.296843E+02   0.825358E-01  -0.459217E+02
  1315   0.721974E+03   0.296007E+02   0.824875E-01  -0.464969E+02
  1316   0.722405E+03   0.295137E+02   0.824399E-01  -0.470636E+02
  1317   0.722880E+03   0.294236E+02   0.823929E-01  -0.476215E+02
  1318   0.723398E+03   0.293301E+02   0.823467E-01  -0.481704E+02
  1319   0.723960E+03   0.292335E+02   0.823012E-01  -0.487100E+02
  1320   0.724562E+03   0.291338E+02   0.822565E-01  -0.492402E+02
  1321   0.725205E+03   0.290310E+02   0.822124E-01  -0.497607E+02
  1322   0.725889E+03   0.289252E+02   0.821690E-01  -0.502714E+02
  1323   0.726611E+03   0.288163E+02   0.821262E-01  -0.507721E+02
  1324   0.727371E+03   0.287046E+02   0.820842E-01  -0.512625E+02
  1325   0.728168E+03   0.285899E+02   0.820429E-01  -0.517425E+02
  1326   0.729000E+03   0.284724E+02   0.820022E-01  -0.522119E+02
  1327   0.729868E+03   0.283520E+02   0.819622E-01  -0.526705E+02
  1328   0.730770E+03   0.282288E+02   0.819228E-01  -0.531182E+02
  1329   0.731705E+03   0.281029E+02   0.818841E-01  -0.535547E+02
  1330   0.732671E+03   0.279743E+02   0.818460E-01  -0.539799E+02
  1331   0.733669E+03   0.278432E+02   0.818086E-01  -0.543937E+02
  1332   0.734695E+03   0.277094E+02   0.817718E-01  -0.547959E+02
  1333   0.735751E+03   0.275732E+02   0.817356E-01  -0.551864E+02
  1334   0.736835E+03   0.274346E+02   0.817000E-01  -0.555649E+02
  1335   0.737944E+03   0.272935E+02   0.816651E-01  -0.559314E+02
  1336   0.739080E+03   0.271501E+02   0.816307E-01  -0.562857E+02
  1337   0.740239E+03   0.270045E+02   0.815969E-01  -0.566277E+02
  1338   0.741422E+03   0.268567E+02   0.815637E-01  -0.569573E+02
  1339   0.742627E+03   0.267068E+02   0.815310E-01  -0.572743E+02
  1340   0.743853E+03   0.265548E+02   0.814989E-01  -0.575787E+02
  1341   0.745098E+03   0.264007E+02   0.814674E-01  -0.578703E+02
  1342   0.746362E+03   0.262448E+02   0.814364E-01  -0.581489E+02
  1343   0.747644E+03   0.260869E+02   0.814059E-01  -0.584146E+02
  1344   0.748941E+03   0.259272E+02   0.813759E-01  -0.586671E+02
  1345   0.750253E+03   0.257657E+02   0.813464E-01  -0.589064E+02
  1346   0.751579E+03   0.256025E+02   0.813175E-01  -0.591323E+02
  1347   0.752918E+03   0.254376E+02   0.812890E-01  -0.593448E+02
  1348   0.754267E+03   0.252711E+02   0.812610E-01  -0.595438E+02
  1349   0.755627E+03   0.251031E+02   0.812334E-01  -0.597291E+02
  1350   0.756995E+03   0.249338E+02   0.812063E-01  -0.599008E+02
  1351   0.758372E+03   0.247630E+02   0.811797E-01  -0.600590E+02
  1352   0.759755E+03   0.245910E+02   0.811534E-01  -0.602035E+02
  1353   0.761145E+03   0.244177E+02   0.811276E-01  -0.603343E+02
  1354   0.762535E+03   0.242434E+02   0.811023E-01  -0.604516E+02
  1355   0.763935E+03   0.240680E+02   0.810773E-01  -0.605551E+02
  1356   0.765337E+03   0.238916E+02   0.810526E-01  -0.606450E+02
  1357   0.766742E+03   0.237143E+02   0.810284E-01  -0.607212E+02
  1358   0.768151E+03   0.235361E+02   0.810045E-01  -0.607837E+02
  1359   0.769556E+03   0.233571E+02   0.809810E-01  -0.608326E+02
  1360   0.770957E+03   0.231774E+02   0.809578E-01  -0.608678E+02
  1361   0.772355E+03   0.229970E+02   0.809350E-01  -0.608892E+02
  1362   0.773757E+03   0.228159E+02   0.809124E-01  -0.608971E+02
  1363   0.775149E+03   0.226343E+02   0.808902E-01  -0.608912E+02
  1364   0.776539E+03   0.224521E+02   0.808682E-01  -0.608717E+02
  1365   0.777927E+03   0.222696E+02   0.808466E-01  -0.608386E+02
  1366   0.779299E+03   0.220867E+02   0.808252E-01  -0.607920E+02
  1367   0.780668E+03   0.219035E+02   0.808040E-01  -0.607319E+02
  1368   0.782030E+03   0.217200E+02   0.807831E-01  -0.606583E+02
  1369   0.783375E+03   0.215364E+02   0.807624E-01  -0.605714E+02
  1370   0.784720E+03   0.213527E+02   0.807420E-01  -0.604711E+02
  1371   0.786043E+03   0.211690E+02   0.807217E-01  -0.603576E+02
  1372   0.787358E+03   0.209853E+02   0.807017E-01  -0.602309E+02
  1373   0.788658E+03   0.208018E+02   0.806818E-01  -0.600912E+02
  1374   0.789944E+03   0.206184E+02   0.806620E-01  -0.599385E+02
  1375   0.791209E+03   0.204353E+02   0.806424E-01  -0.597729E+02
  1376   0.792460E+03   0.202526E+02   0.806230E-01  -0.595944E+02
  1377   0.793698E+03   0.200702E+02   0.806037E-01  -0.594033E+02
  1378   0.794915E+03   0.198883E+02   0.805845E-01  -0.591995E+02
  1379   0.796112E+03   0.197068E+02   0.805653E-01  -0.589832E+02
  1380   0.797282E+03   0.195260E+02   0.805463E-01  -0.587544E+02
  1381   0.798439E+03   0.193457E+02   0.805273E-01  -0.585132E+02
  1382   0.799570E+03   0.191662E+02   0.805084E-01  -0.582597E+02
  1383   0.800674E+03   0.189874E+02   0.804895E-01  -0.579940E+02
  1384   0.801751E+03   0.188094E+02   0.804706E-01  -0.577162E+02
  1385   0.802810E+03   0.186322E+02   0.804517E-01  -0.574266E+02
  1386   0.803843E+03   0.184561E+02   0.804328E-01  -0.571253E+02
  1387   0.804844E+03   0.182810E+02   0.804139E-01  -0.568125E+02
  1388   0.805819E+03   0.181069E+02   0.803950E-01  -0.564884E+02
  1389   0.806761E+03   0.179341E+02   0.803760E-01  -0.561531E+02
  1390   0.807679E+03   0.177625E+02   0.803569E-01  -0.558068E+02
  1391   0.808565E+03   0.175922E+02   0.803377E-01  -0.554498E+02
  1392   0.809420E+03   0.174233E+02   0.803185E-01  -0.550821E+02
  1393   0.810250E+03   0.172557E+02   0.802991E-01  -0.547039E+02
  1394   0.811042E+03   0.170897E+02   0.802796E-01  -0.543154E+02
  1395   0.811796E+03   0.169252E+02   0.802599E-01  -0.539167E+02
  1396   0.812519E+03   0.167622E+02   0.802401E-01  -0.535079E+02
  1397   0.813211E+03   0.166009E+02   0.802201E-01  -0.530893E+02
  1398   0.813859E+03   0.164412E+02   0.801999E-01  -0.526609E+02
  1399   0.814476E+03   0.162834E+02   0.801796E-01  -0.522232E+02
  1400   0.815049E+03   0.161273E+02   0.801589E-01  -0.517762E+02
  1401   0.815593E+03   0.159731E+02   0.801381E-01  -0.513203E+02
  1402   0.816093E+03   0.158209E+02   0.801170E-01  -0.508554E+02
  1403   0.816556E+03   0.156705E+02   0.800956E-01  -0.503819E+02
  1404   0.816984E+03   0.155222E+02   0.800740E-01  -0.499000E+02
  1405   0.817369E+03   0.153759E+02   0.800521E-01  -0.494098E+02
  1406   0.817711E+03   0.152317E+02   0.800299E-01  -0.489114E+02
  1407   0.818011E+03   0.150896E+02   0.800073E-01  -0.484052E+02
  1408   0.818276E+03   0.149497E+02   0.799844E-01  -0.478912E+02
  1409   0.818492E+03   0.148119E+02   0.799612E-01  -0.473696E+02
  1410   0.818675E+03   0.146764E+02   0.799376E-01  -0.468407E+02
  1411   0.818809E+03   0.145431E+02   0.799136E-01  -0.463046E+02
  1412   0.818902E+03   0.144122E+02   0.798893E-01  -0.457617E+02
  1413   0.818948E+03   0.142836E+02   0.798646E-01  -0.452119E+02
  1414   0.818954E+03   0.141574E+02   0.798394E-01  -0.446557E+02
  1415   0.818912E+03   0.140336E+02   0.798139E-01  -0.440933E+02
  1416   0.818831E+03   0.139122E+02   0.797879E-01  -0.435249E+02
  1417   0.818704E+03   0.137933E+02   0.797615E-01  -0.429508E+02
  1418   0.818538E+03   0.136770E+02   0.797346E-01  -0.423712E+02
  1419   0.818326E+03   0.135632E+02   0.797073E-01  -0.417862E+02
  1420   0.818068E+03   0.134520E+02   0.796795E-01  -0.411963E+02
  1421   0.817765E+03   0.133435E+02   0.796513E-01  -0.406016E+02
  1422   0.817417E+03   0.132376E+02   0.796225E-01  -0.400023E+02
  1423   0.817031E+03   0.131342E+02   0.795933E-01  -0.393986E+02
  1424   0.816593E+03   0.130337E+02   0.795636E-01  -0.387907E+02
  1425   0.816112E+03   0.129358E+02   0.795333E-01  -0.381789E+02
  1426   0.815586E+03   0.128406E+02   0.795026E-01  -0.375635E+02
  1427   0.815008E+03   0.127482E+02   0.794713E-01  -0.369446E+02
  1428   0.814388E+03   0.126586E+02   0.794395E-01  -0.363225E+02
  1429   0.813724E+03   0.125717E+02   0.794071E-01  -0.356975E+02
  1430   0.813017E+03   0.124876E+02   0.793743E-01  -0.350697E+02
  1431   0.812260E+03   0.124064E+02   0.793408E-01  -0.344395E+02
  1432   0.811460E+03   0.123281E+02   0.793068E-01  -0.338070E+02
  1433   0.810610E+03   0.122526E+02   0.792723E-01  -0.331725E+02
  1434   0.809719E+03   0.121799E+02   0.792371E-01  -0.325363E+02
  1435   0.808778E+03   0.121102E+02   0.792015E-01  -0.318987E+02
  1436   0.807795E+03   0.120433E+02   0.791652E-01  -0.312598E+02
  1437   0.806764E+03   0.119793E+02   0.791283E-01  -0.306200E+02
  1438   0.805683E+03   0.119183E+02   0.790909E-01  -0.299793E+02
  1439   0.804562E+03   0.118602E+02   0.790529E-01  -0.293383E+02
  1440   0.803400E+03   0.118050E+02   0.790143E-01  -0.286969E+02
  1441   0.802189E+03   0.117527E+02   0.789751E-01  -0.280555E+02
  1442   0.800931E+03   0.117033E+02   0.789352E-01  -0.274144E+02
  1443   0.799625E+03   0.116568E+02   0.788948E-01  -0.267737E+02
  1444   0.798279E+03   0.116133E+02   0.788538E-01  -0.261339E+02
  1445   0.796885E+03   0.115728E+02   0.788121E-01  -0.254949E+02
  1446   0.795444E+03   0.115352E+02   0.787699E-01  -0.248571E+02
  1447   0.793963E+03   0.115005E+02   0.787270E-01  -0.242208E+02
  1448   0.792436E+03   0.114687E+02   0.786835E-01  -0.235862E+02
  1449   0.790861E+03   0.114399E+02   0.786393E-01  -0.229536E+02
  1450   0.789248E+03   0.114139E+02   0.785946E-01  -0.223232E+02
  1451   0.787595E+03   0.113909E+02   0.785492E-01  -0.216953E+02
  1452   0.785896E+03   0.113708E+02   0.785031E-01  -0.210701E+02
  1453   0.784151E+03   0.113536E+02   0.784565E-01  -0.204479E+02
  1454   0.782366E+03   0.113393E+02   0.784091E-01  -0.198288E+02
  1455   0.780543E+03   0.113278E+02   0.783612E-01  -0.192130E+02
  1456   0.778681E+03   0.113192E+02   0.783126E-01  -0.186007E+02
  1457   0.776780E+03   0.113135E+02   0.782633E-01  -0.179920E+02
  1458   0.774834E+03   0.113106E+02   0.782134E-01  -0.173872E+02
  1459   0.772848E+03   0.113104E+02   0.781628E-01  -0.167864E+02
  1460   0.770825E+03   0.113132E+02   0.781116E-01  -0.161899E+02
  1461   0.768762E+03   0.113186E+02   0.780597E-01  -0.155977E+02
  1462   0.766661E+03   0.113268E+02   0.780072E-01  -0.150101E+02
  1463   0.764522E+03   0.113378E+02   0.779540E-01  -0.144273E+02
  1464   0.762344E+03   0.113515E+02   0.779001E-01  -0.138494E+02
  1465   0.760128E+03   0.113678E+02   0.778456E-01  -0.132766E+02
  1466   0.757881E+03   0.113869E+02   0.777904E-01  -0.127092E+02
  1467   0.755596E+03   0.114085E+02   0.777346E-01  -0.121473E+02
  1468   0.753279E+03   0.114328E+02   0.776781E-01  -0.115910E+02
  1469   0.750925E+03   0.114597E+02   0.776209E-01  -0.110406E+02
  1470   0.748532E+03   0.114892E+02   0.775631E-01  -0.104961E+02
  1471   0.746115E+03   0.115211E+02   0.775046E-01  -0.995783E+01
  1472   0.743660E+03   0.115556E+02   0.774454E-01  -0.942585E+01
  1473   0.741167E+03   0.115925E+02   0.773856E-01  -0.890038E+01
  1474   0.738650E+03   0.116320E+02   0.773252E-01  -0.838157E+01
  1475   0.736096E+03   0.116737E+02   0.772640E-01  -0.786965E+01
  1476   0.733517E+03   0.117180E+02   0.772023E-01  -0.736460E+01
  1477   0.730908E+03   0.117645E+02   0.771398E-01  -0.686674E+01
  1478   0.728267E+03   0.118133E+02   0.770768E-01  -0.637613E+01
  1479   0.725603E+03   0.118644E+02   0.770131E-01  -0.589291E+01
  1480   0.722908E+03   0.119177E+02   0.769487E-01  -0.541728E+01
  1481   0.720190E+03   0.119733E+02   0.768837E-01  -0.494935E+01
  1482   0.717440E+03   0.120309E+02   0.768181E-01  -0.448928E+01
  1483   0.714667E+03   0.120907E+02   0.767519E-01  -0.403717E+01
  1484   0.711878E+03   0.121526E+02   0.766851E-01  -0.359315E+01
  1485   0.709057E+03   0.122165E+02   0.766176E-01  -0.315736E+01
  1486   0.706220E+03   0.122823E+02   0.765496E-01  -0.272991E+01
  1487   0.703352E+03   0.123501E+02   0.764809E-01  -0.231095E+01
  1488   0.700467E+03   0.124199E+02   0.764117E-01  -0.190059E+01
  1489   0.697566E+03   0.124914E+02   0.763419E-01  -0.149894E+01
  1490   0.694638E+03   0.125649E+02   0.762715E-01  -0.110610E+01
  1491   0.691693E+03   0.126399E+02   0.762005E-01  -0.722199E+00
  1492   0.688729E+03   0.127168E+02   0.761290E-01  -0.347325E+00
  1493   0.685749E+03   0.127953E+02   0.760570E-01   0.183991E-01
  1494   0.682751E+03   0.128754E+02   0.759844E-01   0.374872E+00
  1495   0.679737E+03   0.129571E+02   0.759112E-01   0.721990E+00
  1496   0.676707E+03   0.130404E+02   0.758376E-01   0.105966E+01
  1497   0.673664E+03   0.131250E+02   0.757634E-01   0.138783E+01
  1498   0.670607E+03   0.132111E+02   0.756888E-01   0.170641E+01
  1499   0.667537E+03   0.132985E+02   0.756137E-01   0.201533E+01
  1500   0.664456E+03   0.133872E+02   0.755380E-01   0.231452E+01
  1501   0.661363E+03   0.134772E+02   0.754620E-01   0.260388E+01
  1502   0.658261E+03   0.135683E+02   0.753854E-01   0.288338E+01
  1503   0.655149E+03   0.136607E+02   0.753085E-01   0.315296E+01
  1504   0.652029E+03   0.137541E+02   0.752311E-01   0.341259E+01
  1505   0.648900E+03   0.138486E+02   0.751532E-01   0.366222E+01
  1506   0.645764E+03   0.139441E+02   0.750750E-01   0.390183E+01
  1507   0.642620E+03   0.140406E+02   0.749963E-01   0.413135E+01
  1508   0.639470E+03   0.141380E+02   0.749173E-01   0.435073E+01
  1509   0.636315E+03   0.142363E+02   0.748379E-01   0.456005E+01
  1510   0.633155E+03   0.143354E+02   0.747581E-01   0.475912E+01
  1511   0.629989E+03   0.144353E+02   0.746780E-01   0.494810E+01
  1512   0.626823E+03   0.145360E+02   0.745975E-01   0.512694E+01
  1513   0.623653E+03   0.146373E+02   0.745167E-01   0.529572E+01
  1514   0.620482E+03   0.147392E+02   0.744356E-01   0.545434E+01
  1515   0.617312E+03   0.148417E+02   0.743541E-01   0.560292E+01
  1516   0.614142E+03   0.149448E+02   0.742724E-01   0.574136E+01
  1517   0.610973E+03   0.150484E+02   0.741904E-01   0.586972E+01
  1518   0.607807E+03   0.151524E+02   0.741080E-01   0.598804E+01
  1519   0.604643E+03   0.152568E+02   0.740254E-01   0.609638E+01
  1520   0.601483E+03   0.153615E+02   0.739426E-01   0.619463E+01
  1521   0.598327E+03   0.154665E+02   0.738595E-01   0.628292E+01
  1522   0.595176E+03   0.155718E+02   0.737762E-01   0.636128E+01
  1523   0.592030E+03   0.156773E+02   0.736926E-01   0.642961E+01
  1524   0.588890E+03   0.157828E+02   0.736088E-01   0.648803E+01
  1525   0.585757E+03   0.158884E+02   0.735248E-01   0.653658E+01
  1526   0.582632E+03   0.159941E+02   0.734406E-01   0.657531E+01
  1527   0.579515E+03   0.160998E+02   0.733561E-01   0.660431E+01
  1528   0.576407E+03   0.162054E+02   0.732715E-01   0.662357E+01
  1529   0.573310E+03   0.163109E+02   0.731868E-01   0.663326E+01
  1530   0.570223E+03   0.164162E+02   0.731018E-01   0.663327E+01
  1531   0.567147E+03   0.165212E+02   0.730167E-01   0.662371E+01
  1532   0.564082E+03   0.166261E+02   0.729315E-01   0.660469E+01
  1533   0.561030E+03   0.167305E+02   0.728461E-01   0.657624E+01
  1534   0.557991E+03   0.168346E+02   0.727606E-01   0.653847E+01
  1535   0.554966E+03   0.169383E+02   0.726749E-01   0.649140E+01
  1536   0.551956E+03   0.170415E+02   0.725892E-01   0.643507E+01
  1537   0.548959E+03   0.171441E+02   0.725033E-01   0.636957E+01
  1538   0.545978E+03   0.172461E+02   0.724174E-01   0.629502E+01
  1539   0.543014E+03   0.173475E+02   0.723313E-01   0.621150E+01
  1540   0.540067E+03   0.174482E+02   0.722452E-01   0.611920E+01
  1541   0.537137E+03   0.175482E+02   0.721590E-01   0.601806E+01
  1542   0.534226E+03   0.176474E+02   0.720728E-01   0.590833E+01
  1543   0.531333E+03   0.177457E+02   0.719865E-01   0.579003E+01
  1544   0.528461E+03   0.178433E+02   0.719001E-01   0.566332E+01
  1545   0.525609E+03   0.179398E+02   0.718138E-01   0.552831E+01
  1546   0.522778E+03   0.180353E+02   0.717274E-01   0.538509E+01
  1547   0.519968E+03   0.181299E+02   0.716410E-01   0.523374E+01
  1548   0.517180E+03   0.182234E+02   0.715546E-01   0.507444E+01
  1549   0.514415E+03   0.183157E+02   0.714682E-01   0.490728E+01
  1550   0.511673E+03   0.184069E+02   0.713819E-01   0.473233E+01
  1551   0.508954E+03   0.184969E+02   0.712956E-01   0.454977E+01
  1552   0.506259E+03   0.185856E+02   0.712093E-01   0.435966E+01
  1553   0.503590E+03   0.186730E+02   0.711231E-01   0.416221E+01
  1554   0.500944E+03   0.187591E+02   0.710369E-01   0.395740E+01
  1555   0.498323E+03   0.188438E+02   0.709508E-01   0.374544E+01
  1556   0.495729E+03   0.189271E+02   0.708649E-01   0.352640E+01
  1557   0.493160E+03   0.190090E+02   0.707790E-01   0.330047E+01
  1558   0.490618E+03   0.190894E+02   0.706932E-01   0.306771E+01
  1559   0.488103E+03   0.191684E+02   0.706076E-01   0.282833E+01
  1560   0.485615E+03   0.192459E+02   0.705221E-01   0.258231E+01
  1561   0.483155E+03   0.193218E+02   0.704367E-01   0.233000E+01
  1562   0.480723E+03   0.193961E+02   0.703515E-01   0.207139E+01
  1563   0.478318E+03   0.194689E+02   0.702665E-01   0.180667E+01
  1564   0.475943E+03   0.195400E+02   0.701817E-01   0.153597E+01
  1565   0.473597E+03   0.196095E+02   0.700970E-01   0.125950E+01
  1566   0.471280E+03   0.196772E+02   0.700126E-01   0.977303E+00
  1567   0.468992E+03   0.197433E+02   0.699284E-01   0.689581E+00
  1568   0.466734E+03   0.198076E+02   0.698444E-01   0.396387E+00
  1569   0.464507E+03   0.198701E+02   0.697607E-01   0.979924E-01
  1570   0.462309E+03   0.199309E+02   0.696772E-01  -0.205477E+00
  1571   0.460142E+03   0.199897E+02   0.695940E-01  -0.513942E+00
  1572   0.458006E+03   0.200467E+02   0.695110E-01  -0.827226E+00
  1573   0.455900E+03   0.201019E+02   0.694284E-01  -0.114516E+01
  1574   0.453827E+03   0.201551E+02   0.693460E-01  -0.146754E+01
  1575   0.451784E+03   0.202065E+02   0.692640E-01  -0.179421E+01
  1576   0.449773E+03   0.202559E+02   0.691822E-01  -0.212498E+01
  1577   0.447794E+03   0.203033E+02   0.691008E-01  -0.245968E+01
  1578   0.445848E+03   0.203489E+02   0.690197E-01  -0.279811E+01
  1579   0.443934E+03   0.203924E+02   0.689390E-01  -0.314011E+01
  1580   0.442052E+03   0.204339E+02   0.688586E-01  -0.348551E+01
  1581   0.440203E+03   0.204735E+02   0.687785E-01  -0.383415E+01
  1582   0.438387E+03   0.205110E+02   0.686989E-01  -0.418586E+01
  1583   0.436604E+03   0.205465E+02   0.686195E-01  -0.454048E+01
  1584   0.434853E+03   0.205799E+02   0.685406E-01  -0.489784E+01
  1585   0.433134E+03   0.206112E+02   0.684621E-01  -0.525778E+01
  1586   0.431450E+03   0.206404E+02   0.683839E-01  -0.562015E+01
  1587   0.429798E+03   0.206675E+02   0.683061E-01  -0.598476E+01
  1588   0.428178E+03   0.206924E+02   0.682288E-01  -0.635143E+01
  1589   0.426592E+03   0.207152E+02   0.681518E-01  -0.672000E+01
  1590   0.425038E+03   0.207359E+02   0.680752E-01  -0.709027E+01
  1591   0.423518E+03   0.207544E+02   0.679990E-01  -0.746208E+01
  1592   0.422030E+03   0.207707E+02   0.679233E-01  -0.783524E+01
  1593   0.420576E+03   0.207848E+02   0.678480E-01  -0.820959E+01
  1594   0.419154E+03   0.207967E+02   0.677730E-01  -0.858493E+01
  1595   0.417765E+03   0.208064E+02   0.676985E-01  -0.896110E+01
  1596   0.416408E+03   0.208140E+02   0.676244E-01  -0.933790E+01
  1597   0.415084E+03   0.208193E+02   0.675508E-01  -0.971516E+01
  1598   0.413793E+03   0.208224E+02   0.674775E-01  -0.100927E+02
  1599   0.412534E+03   0.208234E+02   0.674047E-01  -0.104703E+02
  1600   0.411308E+03   0.208220E+02   0.673323E-01  -0.108479E+02
  1601   0.410113E+03   0.208185E+02   0.672603E-01  -0.112252E+02
  1602   0.408951E+03   0.208128E+02   0.671888E-01  -0.116021E+02
  1603   0.407820E+03   0.208048E+02   0.671176E-01  -0.119785E+02
  1604   0.406721E+03   0.207946E+02   0.670469E-01  -0.123542E+02
  1605   0.405654E+03   0.207821E+02   0.669766E-01  -0.127292E+02
  1606   0.404617E+03   0.207675E+02   0.669068E-01  -0.131033E+02
  1607   0.403613E+03   0.207506E+02   0.668373E-01  -0.134762E+02
  1608   0.402639E+03   0.207314E+02   0.667683E-01  -0.138481E+02
  1609   0.401695E+03   0.207101E+02   0.666997E-01  -0.142185E+02
  1610   0.400782E+03   0.206865E+02   0.666315E-01  -0.145875E+02
  1611   0.399900E+03   0.206609E+02   0.665638E-01  -0.149548E+02
  1612   0.399048E+03   0.206331E+02   0.664964E-01  -0.153203E+02
  1613   0.398226E+03   0.206031E+02   0.664295E-01  -0.156839E+02
  1614   0.397433E+03   0.205711E+02   0.663630E-01  -0.160454E+02
  1615   0.396670E+03   0.205371E+02   0.662970E-01  -0.164047E+02
  1616   0.395937E+03   0.205010E+02   0.662313E-01  -0.167617E+02
  1617   0.395232E+03   0.204627E+02   0.661661E-01  -0.171162E+02
  1618   0.394556E+03   0.204225E+02   0.661013E-01  -0.174681E+02
  1619   0.393908E+03   0.203802E+02   0.660369E-01  -0.178174E+02
  1620   0.393288E+03   0.203359E+02   0.659729E-01  -0.181637E+02
  1621   0.392696E+03   0.202895E+02   0.659094E-01  -0.185073E+02
  1622   0.392131E+03   0.202412E+02   0.658463E-01  -0.188476E+02
  1623   0.391593E+03   0.201909E+02   0.657836E-01  -0.191849E+02
  1624   0.391081E+03   0.201386E+02   0.657213E-01  -0.195187E+02
  1625   0.390596E+03   0.200844E+02   0.656595E-01  -0.198491E+02
  1626   0.390137E+03   0.200284E+02   0.655980E-01  -0.201760E+02
  1627   0.389703E+03   0.199705E+02   0.655371E-01  -0.204992E+02
  1628   0.389295E+03   0.199107E+02   0.654765E-01  -0.208185E+02
  1629   0.388911E+03   0.198491E+02   0.654164E-01  -0.211339E+02
  1630   0.388552E+03   0.197856E+02   0.653567E-01  -0.214452E+02
  1631   0.388216E+03   0.197204E+02   0.652974E-01  -0.217525E+02
  1632   0.387905E+03   0.196535E+02   0.652386E-01  -0.220555E+02
  1633   0.387615E+03   0.195848E+02   0.651801E-01  -0.223541E+02
  1634   0.387349E+03   0.195143E+02   0.651222E-01  -0.226482E+02
  1635   0.387105E+03   0.194421E+02   0.650646E-01  -0.229378E+02
  1636   0.386883E+03   0.193683E+02   0.650075E-01  -0.232227E+02
  1637   0.386682E+03   0.192929E+02   0.649508E-01  -0.235028E+02
  1638   0.386502E+03   0.192158E+02   0.648946E-01  -0.237781E+02
  1639   0.386342E+03   0.191371E+02   0.648387E-01  -0.240483E+02
  1640   0.386202E+03   0.190570E+02   0.647833E-01  -0.243136E+02
  1641   0.386082E+03   0.189753E+02   0.647284E-01  -0.245736E+02
  1642   0.385980E+03   0.188922E+02   0.646738E-01  -0.248284E+02
  1643   0.385897E+03   0.188077E+02   0.646197E-01  -0.250779E+02
  1644   0.385833E+03   0.187218E+02   0.645660E-01  -0.253220E+02
  1645   0.385785E+03   0.186345E+02   0.645127E-01  -0.255605E+02
  1646   0.385755E+03   0.185459E+02   0.644598E-01  -0.257935E+02
  1647   0.385741E+03   0.184560E+02   0.644073E-01  -0.260207E+02
  1648   0.385742E+03   0.183648E+02   0.643553E-01  -0.262423E+02
  1649   0.385759E+03   0.182724E+02   0.643036E-01  -0.264579E+02
  1650   0.385791E+03   0.181787E+02   0.642524E-01  -0.266677E+02
  1651   0.385837E+03   0.180838E+02   0.642015E-01  -0.268715E+02
  1652   0.385897E+03   0.179879E+02   0.641510E-01  -0.270693E+02
  1653   0.385970E+03   0.178908E+02   0.641009E-01  -0.272611E+02
  1654   0.386056E+03   0.177926E+02   0.640511E-01  -0.274467E+02
  1655   0.386155E+03   0.176933E+02   0.640018E-01  -0.276262E+02
  1656   0.386265E+03   0.175931E+02   0.639527E-01  -0.277996E+02
  1657   0.386388E+03   0.174919E+02   0.639041E-01  -0.279666E+02
  1658   0.386521E+03   0.173897E+02   0.638557E-01  -0.281274E+02
  1659   0.386666E+03   0.172866E+02   0.638077E-01  -0.282820E+02
  1660   0.386820E+03   0.171826E+02   0.637601E-01  -0.284302E+02
  1661   0.386985E+03   0.170778E+02   0.637127E-01  -0.285721E+02
  1662   0.387158E+03   0.169721E+02   0.636657E-01  -0.287076E+02
  1663   0.387341E+03   0.168657E+02   0.636189E-01  -0.288367E+02
  1664   0.387533E+03   0.167586E+02   0.635724E-01  -0.289595E+02
  1665   0.387732E+03   0.166507E+02   0.635262E-01  -0.290757E+02
  1666   0.387938E+03   0.165421E+02   0.634803E-01  -0.291856E+02
  1667   0.388152E+03   0.164330E+02   0.634346E-01  -0.292890E+02
  1668   0.388372E+03   0.163231E+02   0.633892E-01  -0.293859E+02
  1669   0.388598E+03   0.162127E+02   0.633440E-01  -0.294763E+02
  1670   0.388830E+03   0.161017E+02   0.632990E-01  -0.295602E+02
  1671   0.389066E+03   0.159902E+02   0.632542E-01  -0.296376E+02
  1672   0.389307E+03   0.158783E+02   0.632097E-01  -0.297085E+02
  1673   0.389552E+03   0.157659E+02   0.631653E-01  -0.297730E+02
  1674   0.389802E+03   0.156531E+02   0.631211E-01  -0.298310E+02
  1675   0.390053E+03   0.155400E+02   0.630771E-01  -0.298826E+02
  1676   0.390308E+03   0.154267E+02   0.630333E-01  -0.299278E+02
  1677   0.390566E+03   0.153132E+02   0.629896E-01  -0.299666E+02
  1678   0.390825E+03   0.151994E+02   0.629460E-01  -0.299990E+02
  1679   0.391086E+03   0.150855E+02   0.629026E-01  -0.300252E+02
  1680   0.391347E+03   0.149715E+02   0.628593E-01  -0.300449E+02
  1681   0.391609E+03   0.148573E+02   0.628162E-01  -0.300584E+02
  1682   0.391871E+03   0.147431E+02   0.627731E-01  -0.300656E+02
  1683   0.392132E+03   0.146289E+02   0.627302E-01  -0.300665E+02
  1684   0.392392E+03   0.145147E+02   0.626873E-01  -0.300612E+02
  1685   0.392650E+03   0.144006E+02   0.626446E-01  -0.300498E+02
  1686   0.392907E+03   0.142865E+02   0.626019E-01  -0.300321E+02
  1687   0.393161E+03   0.141726E+02   0.625593E-01  -0.300084E+02
  1688   0.393412E+03   0.140588E+02   0.625167E-01  -0.299786E+02
  1689   0.393661E+03   0.139452E+02   0.624743E-01  -0.299428E+02
  1690   0.393905E+03   0.138319E+02   0.624318E-01  -0.299011E+02
  1691   0.394145E+03   0.137189E+02   0.623895E-01  -0.298535E+02
  1692   0.394381E+03   0.136062E+02   0.623471E-01  -0.297999E+02
  1693   0.394610E+03   0.134939E+02   0.623049E-01  -0.297407E+02
  1694   0.394836E+03   0.133819E+02   0.622626E-01  -0.296756E+02
  1695   0.395054E+03   0.132705E+02   0.622204E-01  -0.296048E+02
  1696   0.395266E+03   0.131593E+02   0.621782E-01  -0.295284E+02
  1697   0.395472E+03   0.130488E+02   0.621360E-01  -0.294464E+02
  1698   0.395669E+03   0.129387E+02   0.620939E-01  -0.293588E+02
  1699   0.395859E+03   0.128292E+02   0.620517E-01  -0.292658E+02
  1700   0.396040E+03   0.127204E+02   0.620096E-01  -0.291674E+02
  1701   0.396214E+03   0.126121E+02   0.619675E-01  -0.290637E+02
  1702   0.396378E+03   0.125045E+02   0.619254E-01  -0.289547E+02
  1703   0.396533E+03   0.123977E+02   0.618833E-01  -0.288406E+02
  1704   0.396679E+03   0.122916E+02   0.618411E-01  -0.287215E+02
  1705   0.396816E+03   0.121863E+02   0.617990E-01  -0.285974E+02
  1706   0.396943E+03   0.120818E+02   0.617569E-01  -0.284684E+02
  1707   0.397059E+03   0.119780E+02   0.617147E-01  -0.283344E+02
  1708   0.397165E+03   0.118752E+02   0.616725E-01  -0.281958E+02
  1709   0.397261E+03   0.117732E+02   0.616303E-01  -0.280524E+02
  1710   0.397345E+03   0.116722E+02   0.615881E-01  -0.279043E+02
  1711   0.397418E+03   0.115720E+02   0.615458E-01  -0.277517E+02
  1712   0.397480E+03   0.114728E+02   0.615035E-01  -0.275945E+02
  1713   0.397529E+03   0.113745E+02   0.614611E-01  -0.274330E+02
  1714   0.397567E+03   0.112772E+02   0.614187E-01  -0.272670E+02
  1715   0.397593E+03   0.111809E+02   0.613762E-01  -0.270969E+02
  1716   0.397607E+03   0.110857E+02   0.613337E-01  -0.269226E+02
  1717   0.397607E+03   0.109915E+02   0.612911E-01  -0.267442E+02
  1718   0.397594E+03   0.108984E+02   0.612484E-01  -0.265619E+02
  1719   0.397570E+03   0.108063E+02   0.612056E-01  -0.263756E+02
  1720   0.397531E+03   0.107154E+02   0.611627E-01  -0.261856E+02
  1721   0.397480E+03   0.106256E+02   0.611198E-01  -0.259918E+02
  1722   0.397415E+03   0.105370E+02   0.610767E-01  -0.257944E+02
  1723   0.397335E+03   0.104496E+02   0.610335E-01  -0.255937E+02
  1724   0.397243E+03   0.103634E+02   0.609902E-01  -0.253894E+02
  1725   0.397136E+03   0.102784E+02   0.609468E-01  -0.251819E+02
  1726   0.397014E+03   0.101946E+02   0.609032E-01  -0.249712E+02
  1727   0.396879E+03   0.101122E+02   0.608595E-01  -0.247574E+02
  1728   0.396729E+03   0.100309E+02   0.608156E-01  -0.245405E+02
  1729   0.396564E+03   0.995104E+01   0.607716E-01  -0.243209E+02
  1730   0.396384E+03   0.987245E+01   0.607274E-01  -0.240983E+02
  1731   0.396189E+03   0.979513E+01   0.606830E-01  -0.238731E+02
  1732   0.395979E+03   0.971916E+01   0.606384E-01  -0.236452E+02
  1733   0.395753E+03   0.964459E+01   0.605936E-01  -0.234148E+02
  1734   0.395512E+03   0.957133E+01   0.605486E-01  -0.231820E+02
  1735   0.395254E+03   0.949944E+01   0.605034E-01  -0.229469E+02
  1736   0.394982E+03   0.942900E+01   0.604579E-01  -0.227098E+02
  1737   0.394694E+03   0.935997E+01   0.604123E-01  -0.224705E+02
  1738   0.394390E+03   0.929236E+01   0.603663E-01  -0.222295E+02
  1739   0.394070E+03   0.922622E+01   0.603202E-01  -0.219866E+02
  1740   0.393735E+03   0.916155E+01   0.602738E-01  -0.217421E+02
  1741   0.393385E+03   0.909832E+01   0.602271E-01  -0.214961E+02
  1742   0.393018E+03   0.903661E+01   0.601801E-01  -0.212488E+02
  1743   0.392635E+03   0.897633E+01   0.601329E-01  -0.210001E+02
  1744   0.392236E+03   0.891761E+01   0.600854E-01  -0.207502E+02
  1745   0.391822E+03   0.886038E+01   0.600376E-01  -0.204992E+02
  1746   0.391391E+03   0.880470E+01   0.599895E-01  -0.202473E+02
  1747   0.390944E+03   0.875047E+01   0.599411E-01  -0.199945E+02
  1748   0.390481E+03   0.869785E+01   0.598924E-01  -0.197410E+02
  1749   0.390000E+03   0.864675E+01   0.598434E-01  -0.194869E+02
  1750   0.389505E+03   0.859716E+01   0.597941E-01  -0.192323E+02
  1751   0.388993E+03   0.854915E+01   0.597445E-01  -0.189773E+02
  1752   0.388465E+03   0.850270E+01   0.596946E-01  -0.187221E+02
  1753   0.387921E+03   0.845780E+01   0.596444E-01  -0.184668E+02
  1754   0.387361E+03   0.841446E+01   0.595938E-01  -0.182114E+02
  1755   0.386784E+03   0.837272E+01   0.595429E-01  -0.179560E+02
  1756   0.386192E+03   0.833252E+01   0.594918E-01  -0.177008E+02
  1757   0.385584E+03   0.829391E+01   0.594403E-01  -0.174457E+02
  1758   0.384960E+03   0.825681E+01   0.593885E-01  -0.171910E+02
  1759   0.384320E+03   0.822134E+01   0.593363E-01  -0.169367E+02
  1760   0.383664E+03   0.818741E+01   0.592839E-01  -0.166829E+02
  1761   0.382993E+03   0.815504E+01   0.592311E-01  -0.164296E+02
  1762   0.382305E+03   0.812423E+01   0.591781E-01  -0.161770E+02
  1763   0.381603E+03   0.809497E+01   0.591247E-01  -0.159252E+02
  1764   0.380884E+03   0.806726E+01   0.590711E-01  -0.156743E+02
  1765   0.380152E+03   0.804111E+01   0.590171E-01  -0.154242E+02
  1766   0.379404E+03   0.801650E+01   0.589628E-01  -0.151754E+02
  1767   0.378642E+03   0.799343E+01   0.589083E-01  -0.149276E+02
  1768   0.377866E+03   0.797189E+01   0.588534E-01  -0.146812E+02
  1769   0.377075E+03   0.795189E+01   0.587983E-01  -0.144360E+02
  1770   0.376271E+03   0.793340E+01   0.587429E-01  -0.141924E+02
  1771   0.375452E+03   0.791642E+01   0.586872E-01  -0.139503E+02
  1772   0.374620E+03   0.790094E+01   0.586312E-01  -0.137097E+02
  1773   0.373774E+03   0.788694E+01   0.585750E-01  -0.134709E+02
  1774   0.372914E+03   0.787443E+01   0.585185E-01  -0.132338E+02
  1775   0.372042E+03   0.786337E+01   0.584617E-01  -0.129986E+02
  1776   0.371156E+03   0.785378E+01   0.584047E-01  -0.127654E+02
  1777   0.370258E+03   0.784563E+01   0.583474E-01  -0.125341E+02
  1778   0.369348E+03   0.783891E+01   0.582899E-01  -0.123050E+02
  1779   0.368424E+03   0.783360E+01   0.582321E-01  -0.120780E+02
  1780   0.367489E+03   0.782969E+01   0.581740E-01  -0.118533E+02
  1781   0.366542E+03   0.782717E+01   0.581157E-01  -0.116310E+02
  1782   0.365583E+03   0.782602E+01   0.580572E-01  -0.114111E+02
  1783   0.364612E+03   0.782623E+01   0.579984E-01  -0.111936E+02
  1784   0.363631E+03   0.782777E+01   0.579393E-01  -0.109787E+02
  1785   0.362639E+03   0.783064E+01   0.578801E-01  -0.107665E+02
  1786   0.361636E+03   0.783480E+01   0.578205E-01  -0.105569E+02
  1787   0.360623E+03   0.784025E+01   0.577608E-01  -0.103502E+02
  1788   0.359600E+03   0.784697E+01   0.577008E-01  -0.101463E+02
  1789   0.358567E+03   0.785493E+01   0.576406E-01  -0.994538E+01
  1790   0.357525E+03   0.786412E+01   0.575801E-01  -0.974736E+01
  1791   0.356473E+03   0.787453E+01   0.575194E-01  -0.955241E+01
  1792   0.355412E+03   0.788612E+01   0.574584E-01  -0.936057E+01
  1793   0.354343E+03   0.789887E+01   0.573972E-01  -0.917194E+01
  1794   0.353264E+03   0.791275E+01   0.573358E-01  -0.898656E+01
  1795   0.352178E+03   0.792777E+01   0.572741E-01  -0.880445E+01
  1796   0.351083E+03   0.794389E+01   0.572122E-01  -0.862566E+01
  1797   0.349980E+03   0.796108E+01   0.571500E-01  -0.845036E+01
  1798   0.348870E+03   0.797932E+01   0.570876E-01  -0.827859E+01
  1799   0.347753E+03   0.799859E+01   0.570249E-01  -0.811024E+01
  1800   0.346629E+03   0.801887E+01   0.569620E-01  -0.794558E+01
  1801   0.345499E+03   0.804014E+01   0.568988E-01  -0.778454E+01
  1802   0.344363E+03   0.806238E+01   0.568354E-01  -0.762720E+01
  1803   0.343222E+03   0.808556E+01   0.567718E-01  -0.747361E+01
  1804   0.342074E+03   0.810967E+01   0.567079E-01  -0.732380E+01
  1805   0.340922E+03   0.813469E+01   0.566437E-01  -0.717778E+01
  1806   0.339765E+03   0.816060E+01   0.565793E-01  -0.703560E+01
  1807   0.338603E+03   0.818738E+01   0.565147E-01  -0.689728E+01
  1808   0.337436E+03   0.821501E+01   0.564498E-01  -0.676285E+01
  1809   0.336265E+03   0.824347E+01   0.563846E-01  -0.663235E+01
  1810   0.335090E+03   0.827274E+01   0.563192E-01  -0.650581E+01
  1811   0.333910E+03   0.830279E+01   0.562536E-01  -0.638325E+01
  1812   0.332727E+03   0.833361E+01   0.561877E-01  -0.626468E+01
  1813   0.331541E+03   0.836517E+01   0.561216E-01  -0.615012E+01
  1814   0.330351E+03   0.839746E+01   0.560552E-01  -0.603961E+01
  1815   0.329159E+03   0.843045E+01   0.559886E-01  -0.593316E+01
  1816   0.327965E+03   0.846413E+01   0.559218E-01  -0.583079E+01
  1817   0.326768E+03   0.849846E+01   0.558548E-01  -0.573253E+01
  1818   0.325570E+03   0.853343E+01   0.557875E-01  -0.563837E+01
  1819   0.324370E+03   0.856901E+01   0.557201E-01  -0.554835E+01
  1820   0.323168E+03   0.860519E+01   0.556524E-01  -0.546246E+01
  1821   0.321966E+03   0.864189E+01   0.555845E-01  -0.538072E+01
  1822   0.320763E+03   0.867920E+01   0.555164E-01  -0.530315E+01
  1823   0.319559E+03   0.871702E+01   0.554482E-01  -0.522975E+01
  1824   0.318354E+03   0.875529E+01   0.553797E-01  -0.516055E+01
  1825   0.317150E+03   0.879401E+01   0.553111E-01  -0.509552E+01
  1826   0.315945E+03   0.883328E+01   0.552423E-01  -0.503469E+01
  1827   0.314742E+03   0.887288E+01   0.551734E-01  -0.497802E+01
  1828   0.313539E+03   0.891288E+01   0.551043E-01  -0.492551E+01
  1829   0.312338E+03   0.895330E+01   0.550351E-01  -0.487717E+01
  1830   0.311138E+03   0.899408E+01   0.549658E-01  -0.483301E+01
  1831   0.309940E+03   0.903515E+01   0.548963E-01  -0.479299E+01
  1832   0.308745E+03   0.907651E+01   0.548267E-01  -0.475711E+01
  1833   0.307553E+03   0.911811E+01   0.547571E-01  -0.472536E+01
  1834   0.306363E+03   0.916001E+01   0.546873E-01  -0.469772E+01
  1835   0.305176E+03   0.920210E+01   0.546175E-01  -0.467418E+01
  1836   0.303993E+03   0.924436E+01   0.545476E-01  -0.465473E+01
  1837   0.302813E+03   0.928682E+01   0.544776E-01  -0.463934E+01
  1838   0.301638E+03   0.932940E+01   0.544076E-01  -0.462801E+01
  1839   0.300466E+03   0.937211E+01   0.543375E-01  -0.462070E+01
  1840   0.299298E+03   0.941488E+01   0.542674E-01  -0.461739E+01
  1841   0.298136E+03   0.945773E+01   0.541972E-01  -0.461805E+01
  1842   0.296978E+03   0.950052E+01   0.541271E-01  -0.462264E+01
  1843   0.295826E+03   0.954339E+01   0.540569E-01  -0.463114E+01
  1844   0.294680E+03   0.958620E+01   0.539868E-01  -0.464351E+01
  1845   0.293539E+03   0.962890E+01   0.539166E-01  -0.465973E+01
  1846   0.292404E+03   0.967155E+01   0.538465E-01  -0.467976E+01
  1847   0.291277E+03   0.971410E+01   0.537763E-01  -0.470356E+01
  1848   0.290155E+03   0.975648E+01   0.537062E-01  -0.473109E+01
  1849   0.289041E+03   0.979868E+01   0.536362E-01  -0.476231E+01
  1850   0.287933E+03   0.984065E+01   0.535661E-01  -0.479718E+01
  1851   0.286834E+03   0.988240E+01   0.534961E-01  -0.483568E+01
  1852   0.285742E+03   0.992385E+01   0.534262E-01  -0.487776E+01
  1853   0.284657E+03   0.996510E+01   0.533563E-01  -0.492339E+01
  1854   0.283580E+03   0.100059E+02   0.532865E-01  -0.497251E+01
  1855   0.282512E+03   0.100465E+02   0.532167E-01  -0.502507E+01
  1856   0.281452E+03   0.100867E+02   0.531470E-01  -0.508103E+01
  1857   0.280401E+03   0.101266E+02   0.530773E-01  -0.514035E+01
  1858   0.279359E+03   0.101661E+02   0.530077E-01  -0.520296E+01
  1859   0.278325E+03   0.102052E+02   0.529382E-01  -0.526883E+01
  1860   0.277301E+03   0.102438E+02   0.528687E-01  -0.533791E+01
  1861   0.276286E+03   0.102821E+02   0.527993E-01  -0.541013E+01
  1862   0.275280E+03   0.103198E+02   0.527300E-01  -0.548544E+01
  1863   0.274285E+03   0.103571E+02   0.526608E-01  -0.556380E+01
  1864   0.273299E+03   0.103939E+02   0.525916E-01  -0.564515E+01
  1865   0.272323E+03   0.104301E+02   0.525225E-01  -0.572945E+01
  1866   0.271356E+03   0.104659E+02   0.524535E-01  -0.581663E+01
  1867   0.270400E+03   0.105010E+02   0.523845E-01  -0.590664E+01
  1868   0.269455E+03   0.105356E+02   0.523156E-01  -0.599941E+01
  1869   0.268519E+03   0.105697E+02   0.522468E-01  -0.609489E+01
  1870   0.267595E+03   0.106031E+02   0.521781E-01  -0.619301E+01
  1871   0.266681E+03   0.106359E+02   0.521094E-01  -0.629371E+01
  1872   0.265778E+03   0.106681E+02   0.520409E-01  -0.639694E+01
  1873   0.264886E+03   0.106997E+02   0.519724E-01  -0.650262E+01
  1874   0.264004E+03   0.107305E+02   0.519039E-01  -0.661070E+01
  1875   0.263134E+03   0.107607E+02   0.518356E-01  -0.672110E+01
  1876   0.262275E+03   0.107901E+02   0.517673E-01  -0.683376E+01
  1877   0.261428E+03   0.108190E+02   0.516991E-01  -0.694861E+01
  1878   0.260592E+03   0.108471E+02   0.516310E-01  -0.706560E+01
  1879   0.259767E+03   0.108744E+02   0.515630E-01  -0.718464E+01
  1880   0.258953E+03   0.109010E+02   0.514951E-01  -0.730568E+01
  1881   0.258152E+03   0.109268E+02   0.514273E-01  -0.742866E+01
  1882   0.257363E+03   0.109519E+02   0.513595E-01  -0.755349E+01
  1883   0.256585E+03   0.109762E+02   0.512919E-01  -0.768012E+01
  1884   0.255818E+03   0.109998E+02   0.512244E-01  -0.780849E+01
  1885   0.255064E+03   0.110225E+02   0.511569E-01  -0.793852E+01
  1886   0.254322E+03   0.110443E+02   0.510896E-01  -0.807015E+01
  1887   0.253591E+03   0.110654E+02   0.510224E-01  -0.820332E+01
  1888   0.252872E+03   0.110856E+02   0.509553E-01  -0.833795E+01
  1889   0.252165E+03   0.111049E+02   0.508884E-01  -0.847395E+01
  1890   0.251470E+03   0.111235E+02   0.508216E-01  -0.861125E+01
  1891   0.250787E+03   0.111411E+02   0.507549E-01  -0.874978E+01
  1892   0.250117E+03   0.111578E+02   0.506884E-01  -0.888944E+01
  1893   0.249459E+03   0.111737E+02   0.506220E-01  -0.903017E+01
  1894   0.248813E+03   0.111887E+02   0.505558E-01  -0.917190E+01
  1895   0.248179E+03   0.112029E+02   0.504898E-01  -0.931453E+01
  1896   0.247557E+03   0.112161E+02   0.504239E-01  -0.945800E+01
  1897   0.246947E+03   0.112285E+02   0.503582E-01  -0.960223E+01
  1898   0.246350E+03   0.112398E+02   0.502927E-01  -0.974716E+01
  1899   0.245765E+03   0.112503E+02   0.502274E-01  -0.989270E+01
  1900   0.245192E+03   0.112598E+02   0.501623E-01  -0.100388E+02
  1901   0.244631E+03   0.112684E+02   0.500974E-01  -0.101853E+02
  1902   0.244082E+03   0.112760E+02   0.500328E-01  -0.103323E+02
  1903   0.243545E+03   0.112827E+02   0.499683E-01  -0.104795E+02
  1904   0.243021E+03   0.112883E+02   0.499041E-01  -0.106272E+02
  1905   0.242508E+03   0.112930E+02   0.498401E-01  -0.107749E+02
  1906   0.242008E+03   0.112968E+02   0.497764E-01  -0.109229E+02
  1907   0.241519E+03   0.112996E+02   0.497129E-01  -0.110710E+02
  1908   0.241042E+03   0.113014E+02   0.496497E-01  -0.112191E+02
  1909   0.240578E+03   0.113023E+02   0.495867E-01  -0.113671E+02
  1910   0.240125E+03   0.113022E+02   0.495240E-01  -0.115152E+02
  1911   0.239684E+03   0.113010E+02   0.494615E-01  -0.116630E+02
  1912   0.239255E+03   0.112989E+02   0.493994E-01  -0.118106E+02
  1913   0.238837E+03   0.112958E+02   0.493375E-01  -0.119580E+02
  1914   0.238430E+03   0.112917E+02   0.492758E-01  -0.121049E+02
  1915   0.238036E+03   0.112866E+02   0.492145E-01  -0.122515E+02
  1916   0.237653E+03   0.112805E+02   0.491534E-01  -0.123977E+02
  1917   0.237282E+03   0.112734E+02   0.490926E-01  -0.125432E+02
  1918   0.236921E+03   0.112653E+02   0.490321E-01  -0.126882E+02
  1919   0.236573E+03   0.112563E+02   0.489718E-01  -0.128325E+02
  1920   0.236235E+03   0.112463E+02   0.489118E-01  -0.129760E+02
  1921   0.235908E+03   0.112352E+02   0.488522E-01  -0.131187E+02
  1922   0.235592E+03   0.112232E+02   0.487927E-01  -0.132606E+02
  1923   0.235287E+03   0.112102E+02   0.487336E-01  -0.134015E+02
  1924   0.234994E+03   0.111964E+02   0.486747E-01  -0.135413E+02
  1925   0.234710E+03   0.111814E+02   0.486161E-01  -0.136801E+02
  1926   0.234437E+03   0.111656E+02   0.485578E-01  -0.138178E+02
  1927   0.234175E+03   0.111488E+02   0.484997E-01  -0.139542E+02
  1928   0.233923E+03   0.111310E+02   0.484418E-01  -0.140894E+02
  1929   0.233681E+03   0.111122E+02   0.483843E-01  -0.142233E+02
  1930   0.233449E+03   0.110925E+02   0.483269E-01  -0.143557E+02
  1931   0.233227E+03   0.110719E+02   0.482698E-01  -0.144867E+02
  1932   0.233014E+03   0.110504E+02   0.482130E-01  -0.146161E+02
  1933   0.232811E+03   0.110279E+02   0.481564E-01  -0.147440E+02
  1934   0.232617E+03   0.110045E+02   0.481000E-01  -0.148703E+02
  1935   0.232433E+03   0.109801E+02   0.480438E-01  -0.149948E+02
  1936   0.232258E+03   0.109548E+02   0.479878E-01  -0.151177E+02
  1937   0.232091E+03   0.109287E+02   0.479321E-01  -0.152386E+02
  1938   0.231934E+03   0.109017E+02   0.478765E-01  -0.153577E+02
  1939   0.231784E+03   0.108739E+02   0.478212E-01  -0.154749E+02
  1940   0.231643E+03   0.108451E+02   0.477660E-01  -0.155902E+02
  1941   0.231509E+03   0.108156E+02   0.477111E-01  -0.157034E+02
  1942   0.231384E+03   0.107852E+02   0.476563E-01  -0.158145E+02
  1943   0.231267E+03   0.107539E+02   0.476018E-01  -0.159236E+02
  1944   0.231157E+03   0.107219E+02   0.475474E-01  -0.160304E+02
  1945   0.231054E+03   0.106891E+02   0.474931E-01  -0.161351E+02
  1946   0.230958E+03   0.106554E+02   0.474391E-01  -0.162374E+02
  1947   0.230869E+03   0.106210E+02   0.473852E-01  -0.163375E+02
  1948   0.230787E+03   0.105858E+02   0.473315E-01  -0.164352E+02
  1949   0.230711E+03   0.105499E+02   0.472780E-01  -0.165305E+02
  1950   0.230640E+03   0.105132E+02   0.472246E-01  -0.166234E+02
  1951   0.230577E+03   0.104758E+02   0.471714E-01  -0.167137E+02
  1952   0.230518E+03   0.104376E+02   0.471184E-01  -0.168016E+02
  1953   0.230465E+03   0.103989E+02   0.470656E-01  -0.168869E+02
  1954   0.230418E+03   0.103594E+02   0.470129E-01  -0.169698E+02
  1955   0.230376E+03   0.103193E+02   0.469603E-01  -0.170500E+02
  1956   0.230339E+03   0.102785E+02   0.469080E-01  -0.171277E+02
  1957   0.230306E+03   0.102371E+02   0.468558E-01  -0.172028E+02
  1958   0.230279E+03   0.101952E+02   0.468037E-01  -0.172752E+02
  1959   0.230256E+03   0.101526E+02   0.467519E-01  -0.173451E+02
  1960   0.230238E+03   0.101095E+02   0.467002E-01  -0.174123E+02
  1961   0.230224E+03   0.100658E+02   0.466487E-01  -0.174769E+02
  1962   0.230213E+03   0.100216E+02   0.465973E-01  -0.175388E+02
  1963   0.230207E+03   0.997677E+01   0.465462E-01  -0.175981E+02
  1964   0.230204E+03   0.993147E+01   0.464952E-01  -0.176546E+02
  1965   0.230203E+03   0.988564E+01   0.464444E-01  -0.177084E+02
  1966   0.230207E+03   0.983936E+01   0.463938E-01  -0.177595E+02
  1967   0.230214E+03   0.979255E+01   0.463434E-01  -0.178078E+02
  1968   0.230223E+03   0.974536E+01   0.462932E-01  -0.178535E+02
  1969   0.230236E+03   0.969763E+01   0.462431E-01  -0.178964E+02
  1970   0.230250E+03   0.964957E+01   0.461933E-01  -0.179365E+02
  1971   0.230267E+03   0.960112E+01   0.461436E-01  -0.179739E+02
  1972   0.230286E+03   0.955226E+01   0.460942E-01  -0.180086E+02
  1973   0.230307E+03   0.950298E+01   0.460449E-01  -0.180404E+02
  1974   0.230329E+03   0.945336E+01   0.459958E-01  -0.180694E+02
  1975   0.230354E+03   0.940339E+01   0.459470E-01  -0.180957E+02
  1976   0.230380E+03   0.935313E+01   0.458983E-01  -0.181192E+02
  1977   0.230406E+03   0.930251E+01   0.458498E-01  -0.181398E+02
  1978   0.230433E+03   0.925151E+01   0.458015E-01  -0.181576E+02
  1979   0.230461E+03   0.920034E+01   0.457534E-01  -0.181725E+02
  1980   0.230490E+03   0.914879E+01   0.457055E-01  -0.181847E+02
  1981   0.230519E+03   0.909706E+01   0.456578E-01  -0.181940E+02
  1982   0.230548E+03   0.904507E+01   0.456103E-01  -0.182005E+02
  1983   0.230577E+03   0.899281E+01   0.455629E-01  -0.182042E+02
  1984   0.230606E+03   0.894043E+01   0.455158E-01  -0.182050E+02
  1985   0.230635E+03   0.888782E+01   0.454688E-01  -0.182031E+02
  1986   0.230662E+03   0.883500E+01   0.454219E-01  -0.181983E+02
  1987   0.230690E+03   0.878209E+01   0.453753E-01  -0.181907E+02
  1988   0.230716E+03   0.872902E+01   0.453287E-01  -0.181803E+02
  1989   0.230741E+03   0.867584E+01   0.452824E-01  -0.181671E+02
  1990   0.230766E+03   0.862248E+01   0.452362E-01  -0.181511E+02
  1991   0.230788E+03   0.856908E+01   0.451901E-01  -0.181322E+02
  1992   0.230809E+03   0.851554E+01   0.451441E-01  -0.181105E+02
  1993   0.230827E+03   0.846195E+01   0.450983E-01  -0.180861E+02
  1994   0.230845E+03   0.840835E+01   0.450526E-01  -0.180587E+02
  1995   0.230858E+03   0.835467E+01   0.450069E-01  -0.180287E+02
  1996   0.230871E+03   0.830090E+01   0.449614E-01  -0.179958E+02
  1997   0.230880E+03   0.824719E+01   0.449160E-01  -0.179601E+02
  1998   0.230885E+03   0.819351E+01   0.448706E-01  -0.179217E+02
  1999   0.230889E+03   0.813980E+01   0.448254E-01  -0.178805E+02
  2000   0.230888E+03   0.808612E+01   0.447802E-01  -0.178366E+02
  2001   0.230884E+03   0.803253E+01   0.447350E-01  -0.177900E+02
  2002   0.230877E+03   0.797902E+01   0.446899E-01  -0.177407E+02
  2003   0.230865E+03   0.792559E+01   0.446448E-01  -0.176887E+02
  2004   0.230850E+03   0.787221E+01   0.445998E-01  -0.176340E+02
  2005   0.230831E+03   0.781903E+01   0.445548E-01  -0.175767E+02
  2006   0.230808E+03   0.776590E+01   0.445098E-01  -0.175167E+02
  2007   0.230780E+03   0.771293E+01   0.444648E-01  -0.174542E+02
  2008   0.230748E+03   0.766014E+01   0.444199E-01  -0.173891E+02
  2009   0.230711E+03   0.760750E+01   0.443749E-01  -0.173214E+02
  2010   0.230670E+03   0.755509E+01   0.443299E-01  -0.172512E+02
  2011   0.230623E+03   0.750282E+01   0.442849E-01  -0.171784E+02
  2012   0.230572E+03   0.745075E+01   0.442399E-01  -0.171031E+02
  2013   0.230515E+03   0.739887E+01   0.441949E-01  -0.170254E+02
  2014   0.230453E+03   0.734727E+01   0.441499E-01  -0.169452E+02
  2015   0.230386E+03   0.729592E+01   0.441048E-01  -0.168627E+02
  2016   0.230313E+03   0.724489E+01   0.440597E-01  -0.167779E+02
  2017   0.230235E+03   0.719410E+01   0.440145E-01  -0.166908E+02
  2018   0.230151E+03   0.714362E+01   0.439694E-01  -0.166014E+02
  2019   0.230062E+03   0.709353E+01   0.439242E-01  -0.165099E+02
  2020   0.229966E+03   0.704372E+01   0.438789E-01  -0.164164E+02
  2021   0.229865E+03   0.699436E+01   0.438336E-01  -0.163207E+02
  2022   0.229758E+03   0.694531E+01   0.437883E-01  -0.162229E+02
  2023   0.229644E+03   0.689669E+01   0.437429E-01  -0.161233E+02
  2024   0.229525E+03   0.684849E+01   0.436975E-01  -0.160217E+02
  2025   0.229399E+03   0.680071E+01   0.436521E-01  -0.159181E+02
  2026   0.229266E+03   0.675337E+01   0.436066E-01  -0.158128E+02
  2027   0.229127E+03   0.670649E+01   0.435611E-01  -0.157056E+02
  2028   0.228982E+03   0.666008E+01   0.435156E-01  -0.155967E+02
  2029   0.228829E+03   0.661414E+01   0.434701E-01  -0.154861E+02
  2030   0.228670E+03   0.656871E+01   0.434245E-01  -0.153739E+02
  2031   0.228504E+03   0.652380E+01   0.433789E-01  -0.152601E+02
  2032   0.228331E+03   0.647940E+01   0.433332E-01  -0.151448E+02
  2033   0.228150E+03   0.643555E+01   0.432876E-01  -0.150281E+02
  2034   0.227963E+03   0.639226E+01   0.432419E-01  -0.149099E+02
  2035   0.227769E+03   0.634954E+01   0.431962E-01  -0.147904E+02
  2036   0.227568E+03   0.630738E+01   0.431505E-01  -0.146696E+02
  2037   0.227358E+03   0.626580E+01   0.431048E-01  -0.145475E+02
  2038   0.227142E+03   0.622482E+01   0.430591E-01  -0.144243E+02
  2039   0.226919E+03   0.618444E+01   0.430133E-01  -0.142999E+02
  2040   0.226687E+03   0.614466E+01   0.429676E-01  -0.141744E+02
  2041   0.226448E+03   0.610550E+01   0.429218E-01  -0.140478E+02
  2042   0.226201E+03   0.606695E+01   0.428761E-01  -0.139202E+02
  2043   0.225947E+03   0.602904E+01   0.428303E-01  -0.137917E+02
  2044   0.225685E+03   0.599176E+01   0.427845E-01  -0.136623E+02
  2045   0.225416E+03   0.595512E+01   0.427387E-01  -0.135321E+02
  2046   0.225139E+03   0.591914E+01   0.426929E-01  -0.134011E+02
  2047   0.224854E+03   0.588380E+01   0.426471E-01  -0.132694E+02
  2048   0.224562E+03   0.584912E+01   0.426013E-01  -0.131370E+02
  2049   0.224263E+03   0.581511E+01   0.425555E-01  -0.130041E+02
  2050   0.223956E+03   0.578177E+01   0.425096E-01  -0.128705E+02
  2051   0.223641E+03   0.574908E+01   0.424637E-01  -0.127364E+02
  2052   0.223318E+03   0.571705E+01   0.424178E-01  -0.126018E+02
  2053   0.222988E+03   0.568569E+01   0.423719E-01  -0.124666E+02
  2054   0.222650E+03   0.565498E+01   0.423259E-01  -0.123311E+02
  2055   0.222304E+03   0.562493E+01   0.422799E-01  -0.121951E+02
  2056   0.221951E+03   0.559553E+01   0.422338E-01  -0.120587E+02
  2057   0.221590E+03   0.556679E+01   0.421877E-01  -0.119220E+02
  2058   0.221222E+03   0.553870E+01   0.421415E-01  -0.117849E+02
  2059   0.220845E+03   0.551126E+01   0.420953E-01  -0.116475E+02
  2060   0.220462E+03   0.548447E+01   0.420490E-01  -0.115098E+02
  2061   0.220071E+03   0.545832E+01   0.420027E-01  -0.113719E+02
  2062   0.219673E+03   0.543281E+01   0.419562E-01  -0.112338E+02
  2063   0.219267E+03   0.540795E+01   0.419097E-01  -0.110955E+02
  2064   0.218854E+03   0.538373E+01   0.418630E-01  -0.109571E+02
  2065   0.218434E+03   0.536014E+01   0.418163E-01  -0.108185E+02
  2066   0.218006E+03   0.533718E+01   0.417695E-01  -0.106798E+02
  2067   0.217571E+03   0.531486E+01   0.417225E-01  -0.105411E+02
  2068   0.217130E+03   0.529317E+01   0.416755E-01  -0.104024E+02
  2069   0.216681E+03   0.527210E+01   0.416283E-01  -0.102637E+02
  2070   0.216225E+03   0.525167E+01   0.415810E-01  -0.101250E+02
  2071   0.215763E+03   0.523186E+01   0.415335E-01  -0.998645E+01
  2072   0.215293E+03   0.521267E+01   0.414860E-01  -0.984802E+01
  2073   0.214816E+03   0.519410E+01   0.414383E-01  -0.970976E+01
  2074   0.214333E+03   0.517615E+01   0.413904E-01  -0.957165E+01
  2075   0.213843E+03   0.515884E+01   0.413424E-01  -0.943381E+01
  2076   0.213346E+03   0.514214E+01   0.412942E-01  -0.929620E+01
  2077   0.212842E+03   0.512606E+01   0.412459E-01  -0.915894E+01
  2078   0.212332E+03   0.511061E+01   0.411975E-01  -0.902209E+01
  2079   0.211815E+03   0.509579E+01   0.411489E-01  -0.888562E+01
  2080   0.211292E+03   0.508159E+01   0.411001E-01  -0.874965E+01
  2081   0.210763E+03   0.506803E+01   0.410512E-01  -0.861416E+01
  2082   0.210228E+03   0.505510E+01   0.410021E-01  -0.847928E+01
  2083   0.209687E+03   0.504280E+01   0.409529E-01  -0.834507E+01
  2084   0.209139E+03   0.503115E+01   0.409035E-01  -0.821151E+01
  2085   0.208586E+03   0.502013E+01   0.408540E-01  -0.807874E+01
  2086   0.208027E+03   0.500975E+01   0.408044E-01  -0.794673E+01
  2087   0.207462E+03   0.500002E+01   0.407546E-01  -0.781556E+01
  2088   0.206892E+03   0.499093E+01   0.407046E-01  -0.768528E+01
  2089   0.206317E+03   0.498249E+01   0.406545E-01  -0.755596E+01
  2090   0.205735E+03   0.497470E+01   0.406043E-01  -0.742767E+01
  2091   0.205148E+03   0.496756E+01   0.405540E-01  -0.730039E+01
  2092   0.204555E+03   0.496107E+01   0.405035E-01  -0.717427E+01
  2093   0.203958E+03   0.495523E+01   0.404530E-01  -0.704938E+01
  2094   0.203355E+03   0.495004E+01   0.404023E-01  -0.692563E+01
  2095   0.202747E+03   0.494551E+01   0.403515E-01  -0.680325E+01
  2096   0.202135E+03   0.494163E+01   0.403007E-01  -0.668222E+01
  2097   0.201518E+03   0.493839E+01   0.402497E-01  -0.656258E+01
  2098   0.200896E+03   0.493582E+01   0.401986E-01  -0.644442E+01
  2099   0.200269E+03   0.493388E+01   0.401475E-01  -0.632778E+01
  2100   0.199638E+03   0.493259E+01   0.400963E-01  -0.621271E+01
