#    L    TT             EE             TE             PP             TP          
     2   0.104316E+04   0.311549E-01   0.257246E+01   0.101730E+07   0.290631E+05
     3   0.987769E+03   0.398468E-01   0.290510E+01   0.156713E+07   0.348606E+05
     4   0.932781E+03   0.343672E-01   0.273715E+01   0.205481E+07   0.375390E+05
     5   0.891179E+03   0.228096E-01   0.233791E+01   0.248550E+07   0.385753E+05
     6   0.862446E+03   0.127020E-01   0.188700E+01   0.286595E+07   0.387308E+05
     7   0.843879E+03   0.686605E-02   0.148510E+01   0.320363E+07   0.384214E+05
     8   0.832413E+03   0.444792E-02   0.117609E+01   0.350442E+07   0.378184E+05
     9   0.826582E+03   0.356601E-02   0.966533E+00   0.377357E+07   0.370034E+05
    10   0.824874E+03   0.302240E-02   0.848857E+00   0.401475E+07   0.360691E+05
    11   0.825852E+03   0.253464E-02   0.805587E+00   0.423242E+07   0.351276E+05
    12   0.830237E+03   0.222134E-02   0.817628E+00   0.442746E+07   0.342001E+05
    13   0.836078E+03   0.214385E-02   0.860472E+00   0.460446E+07   0.333502E+05
    14   0.843176E+03   0.223443E-02   0.913586E+00   0.476355E+07   0.324794E+05
    15   0.850471E+03   0.241439E-02   0.970529E+00   0.490808E+07   0.316058E+05
    16   0.859714E+03   0.267217E-02   0.103242E+01   0.503860E+07   0.306996E+05
    17   0.870755E+03   0.305123E-02   0.109654E+01   0.515650E+07   0.297953E+05
    18   0.882458E+03   0.359348E-02   0.116163E+01   0.526348E+07   0.289396E+05
    19   0.895567E+03   0.429943E-02   0.123075E+01   0.536019E+07   0.281320E+05
    20   0.908455E+03   0.514410E-02   0.129885E+01   0.544714E+07   0.273613E+05
    21   0.921815E+03   0.612254E-02   0.137088E+01   0.552540E+07   0.266212E+05
    22   0.935678E+03   0.724754E-02   0.144739E+01   0.559602E+07   0.259073E+05
    23   0.949654E+03   0.851076E-02   0.152494E+01   0.565949E+07   0.252192E+05
    24   0.964060E+03   0.990858E-02   0.159944E+01   0.571623E+07   0.245574E+05
    25   0.979024E+03   0.114465E-01   0.166368E+01   0.576680E+07   0.239212E+05
    26   0.994049E+03   0.131381E-01   0.172200E+01   0.581181E+07   0.233091E+05
    27   0.100955E+04   0.149947E-01   0.177502E+01   0.585171E+07   0.227166E+05
    28   0.102535E+04   0.170108E-01   0.181771E+01   0.588686E+07   0.221406E+05
    29   0.104138E+04   0.192139E-01   0.185538E+01   0.591733E+07   0.215856E+05
    30   0.105783E+04   0.216330E-01   0.188166E+01   0.594324E+07   0.210567E+05
    31   0.107409E+04   0.242607E-01   0.190709E+01   0.596512E+07   0.205514E+05
    32   0.109096E+04   0.271099E-01   0.192626E+01   0.598352E+07   0.200659E+05
    33   0.110790E+04   0.301431E-01   0.193744E+01   0.599865E+07   0.195975E+05
    34   0.112492E+04   0.333894E-01   0.194165E+01   0.601066E+07   0.191439E+05
    35   0.114258E+04   0.368568E-01   0.193017E+01   0.601976E+07   0.187024E+05
    36   0.115997E+04   0.405739E-01   0.191362E+01   0.602617E+07   0.182722E+05
    37   0.117763E+04   0.445629E-01   0.188586E+01   0.603007E+07   0.178594E+05
    38   0.119567E+04   0.488092E-01   0.184855E+01   0.603163E+07   0.174696E+05
    39   0.121399E+04   0.533034E-01   0.180152E+01   0.603098E+07   0.170991E+05
    40   0.123249E+04   0.580397E-01   0.174315E+01   0.602823E+07   0.167419E+05
    41   0.125110E+04   0.630166E-01   0.167236E+01   0.602349E+07   0.163932E+05
    42   0.126982E+04   0.682469E-01   0.159011E+01   0.601689E+07   0.160524E+05
    43   0.128866E+04   0.737472E-01   0.149749E+01   0.600856E+07   0.157198E+05
    44   0.130766E+04   0.795317E-01   0.139398E+01   0.599860E+07   0.153962E+05
    45   0.132691E+04   0.856119E-01   0.127875E+01   0.598715E+07   0.150819E+05
    46   0.134636E+04   0.919947E-01   0.115142E+01   0.597433E+07   0.147773E+05
    47   0.136599E+04   0.986804E-01   0.101146E+01   0.596023E+07   0.144821E+05
    48   0.138579E+04   0.105661E+00   0.858333E+00   0.594493E+07   0.141956E+05
    49   0.140573E+04   0.112927E+00   0.691538E+00   0.592852E+07   0.139174E+05
    50   0.142587E+04   0.120480E+00   0.510731E+00   0.591108E+07   0.136469E+05
    51   0.144627E+04   0.128325E+00   0.315863E+00   0.589269E+07   0.133838E+05
    52   0.146688E+04   0.136466E+00   0.107873E+00   0.587341E+07   0.131284E+05
    53   0.148762E+04   0.144904E+00  -0.112263E+00   0.585330E+07   0.128811E+05
    54   0.150848E+04   0.153641E+00  -0.344428E+00   0.583240E+07   0.126423E+05
    55   0.152945E+04   0.162682E+00  -0.588875E+00   0.581078E+07   0.124125E+05
    56   0.155065E+04   0.172023E+00  -0.846496E+00   0.578847E+07   0.121920E+05
    57   0.157218E+04   0.181661E+00  -0.111817E+01   0.576553E+07   0.119798E+05
    58   0.159398E+04   0.191593E+00  -0.140410E+01   0.574197E+07   0.117748E+05
    59   0.161598E+04   0.201819E+00  -0.170419E+01   0.571783E+07   0.115758E+05
    60   0.163816E+04   0.212331E+00  -0.201794E+01   0.569314E+07   0.113818E+05
    61   0.166051E+04   0.223121E+00  -0.234487E+01   0.566795E+07   0.111917E+05
    62   0.168305E+04   0.234185E+00  -0.268496E+01   0.564229E+07   0.110053E+05
    63   0.170580E+04   0.245521E+00  -0.303834E+01   0.561621E+07   0.108225E+05
    64   0.172875E+04   0.257128E+00  -0.340512E+01   0.558977E+07   0.106431E+05
    65   0.175194E+04   0.269005E+00  -0.378545E+01   0.556301E+07   0.104670E+05
    66   0.177541E+04   0.281146E+00  -0.417955E+01   0.553598E+07   0.102943E+05
    67   0.179913E+04   0.293542E+00  -0.458688E+01   0.550871E+07   0.101252E+05
    68   0.182307E+04   0.306183E+00  -0.500673E+01   0.548122E+07   0.996030E+04
    69   0.184718E+04   0.319062E+00  -0.543842E+01   0.545354E+07   0.979998E+04
    70   0.187143E+04   0.332171E+00  -0.588145E+01   0.542569E+07   0.964472E+04
    71   0.189581E+04   0.345506E+00  -0.633565E+01   0.539769E+07   0.949484E+04
    72   0.192041E+04   0.359063E+00  -0.680188E+01   0.536956E+07   0.935016E+04
    73   0.194537E+04   0.372835E+00  -0.728107E+01   0.534129E+07   0.921036E+04
    74   0.197067E+04   0.386811E+00  -0.777305E+01   0.531289E+07   0.907515E+04
    75   0.199634E+04   0.400980E+00  -0.827735E+01   0.528436E+07   0.894420E+04
    76   0.202232E+04   0.415328E+00  -0.879338E+01   0.525570E+07   0.881721E+04
    77   0.204848E+04   0.429842E+00  -0.931971E+01   0.522695E+07   0.869381E+04
    78   0.207482E+04   0.444511E+00  -0.985588E+01   0.519811E+07   0.857366E+04
    79   0.210138E+04   0.459323E+00  -0.104017E+02   0.516921E+07   0.845641E+04
    80   0.212818E+04   0.474267E+00  -0.109573E+02   0.514027E+07   0.834170E+04
    81   0.215524E+04   0.489330E+00  -0.115224E+02   0.511132E+07   0.822919E+04
    82   0.218257E+04   0.504502E+00  -0.120965E+02   0.508236E+07   0.811858E+04
    83   0.221015E+04   0.519771E+00  -0.126795E+02   0.505341E+07   0.800960E+04
    84   0.223798E+04   0.535126E+00  -0.132708E+02   0.502448E+07   0.790197E+04
    85   0.226606E+04   0.550554E+00  -0.138703E+02   0.499559E+07   0.779541E+04
    86   0.229436E+04   0.566045E+00  -0.144774E+02   0.496675E+07   0.768975E+04
    87   0.232287E+04   0.581586E+00  -0.150915E+02   0.493797E+07   0.758525E+04
    88   0.235156E+04   0.597164E+00  -0.157122E+02   0.490926E+07   0.748230E+04
    89   0.238045E+04   0.612766E+00  -0.163389E+02   0.488062E+07   0.738125E+04
    90   0.240954E+04   0.628374E+00  -0.169713E+02   0.485206E+07   0.728248E+04
    91   0.243883E+04   0.643976E+00  -0.176088E+02   0.482360E+07   0.718629E+04
    92   0.246834E+04   0.659557E+00  -0.182512E+02   0.479523E+07   0.709266E+04
    93   0.249806E+04   0.675100E+00  -0.188979E+02   0.476696E+07   0.700150E+04
    94   0.252801E+04   0.690595E+00  -0.195488E+02   0.473879E+07   0.691271E+04
    95   0.255819E+04   0.706024E+00  -0.202033E+02   0.471072E+07   0.682621E+04
    96   0.258859E+04   0.721375E+00  -0.208610E+02   0.468277E+07   0.674189E+04
    97   0.261922E+04   0.736631E+00  -0.215214E+02   0.465493E+07   0.665966E+04
    98   0.265008E+04   0.751779E+00  -0.221840E+02   0.462720E+07   0.657944E+04
    99   0.268115E+04   0.766802E+00  -0.228484E+02   0.459960E+07   0.650113E+04
   100   0.271244E+04   0.781690E+00  -0.235140E+02   0.457212E+07   0.642463E+04
   101   0.274395E+04   0.796427E+00  -0.241803E+02   0.454477E+07   0.634985E+04
   102   0.277568E+04   0.810991E+00  -0.248470E+02   0.451754E+07   0.627670E+04
   103   0.280761E+04   0.825382E+00  -0.255133E+02   0.449046E+07   0.620509E+04
   104   0.283974E+04   0.839571E+00  -0.261788E+02   0.446351E+07   0.613491E+04
   105   0.287207E+04   0.853550E+00  -0.268428E+02   0.443670E+07   0.606609E+04
   106   0.290459E+04   0.867303E+00  -0.275048E+02   0.441004E+07   0.599852E+04
   107   0.293729E+04   0.880825E+00  -0.281642E+02   0.438353E+07   0.593211E+04
   108   0.297016E+04   0.894091E+00  -0.288206E+02   0.435717E+07   0.586677E+04
   109   0.300319E+04   0.907095E+00  -0.294731E+02   0.433097E+07   0.580241E+04
   110   0.303639E+04   0.919815E+00  -0.301214E+02   0.430493E+07   0.573892E+04
   111   0.306974E+04   0.932243E+00  -0.307649E+02   0.427905E+07   0.567625E+04
   112   0.310324E+04   0.944371E+00  -0.314028E+02   0.425333E+07   0.561436E+04
   113   0.313688E+04   0.956177E+00  -0.320349E+02   0.422778E+07   0.555327E+04
   114   0.317065E+04   0.967646E+00  -0.326603E+02   0.420240E+07   0.549298E+04
   115   0.320455E+04   0.978779E+00  -0.332786E+02   0.417718E+07   0.543350E+04
   116   0.323857E+04   0.989559E+00  -0.338892E+02   0.415212E+07   0.537482E+04
   117   0.327272E+04   0.999965E+00  -0.344915E+02   0.412723E+07   0.531696E+04
   118   0.330696E+04   0.101000E+01  -0.350849E+02   0.410251E+07   0.525991E+04
   119   0.334130E+04   0.101964E+01  -0.356690E+02   0.407796E+07   0.520368E+04
   120   0.337574E+04   0.102889E+01  -0.362431E+02   0.405357E+07   0.514827E+04
   121   0.341026E+04   0.103772E+01  -0.368065E+02   0.402936E+07   0.509370E+04
   122   0.344485E+04   0.104613E+01  -0.373590E+02   0.400531E+07   0.503995E+04
   123   0.347950E+04   0.105412E+01  -0.378997E+02   0.398143E+07   0.498704E+04
   124   0.351421E+04   0.106167E+01  -0.384282E+02   0.395771E+07   0.493497E+04
   125   0.354897E+04   0.106877E+01  -0.389440E+02   0.393417E+07   0.488374E+04
   126   0.358377E+04   0.107542E+01  -0.394464E+02   0.391080E+07   0.483335E+04
   127   0.361860E+04   0.108161E+01  -0.399350E+02   0.388760E+07   0.478382E+04
   128   0.365345E+04   0.108733E+01  -0.404093E+02   0.386457E+07   0.473515E+04
   129   0.368831E+04   0.109258E+01  -0.408686E+02   0.384172E+07   0.468733E+04
   130   0.372318E+04   0.109734E+01  -0.413125E+02   0.381903E+07   0.464037E+04
   131   0.375803E+04   0.110161E+01  -0.417404E+02   0.379652E+07   0.459428E+04
   132   0.379288E+04   0.110540E+01  -0.421518E+02   0.377418E+07   0.454903E+04
   133   0.382770E+04   0.110868E+01  -0.425463E+02   0.375201E+07   0.450459E+04
   134   0.386250E+04   0.111149E+01  -0.429233E+02   0.373001E+07   0.446094E+04
   135   0.389725E+04   0.111378E+01  -0.432826E+02   0.370817E+07   0.441806E+04
   136   0.393196E+04   0.111558E+01  -0.436234E+02   0.368651E+07   0.437593E+04
   137   0.396662E+04   0.111687E+01  -0.439453E+02   0.366501E+07   0.433450E+04
   138   0.400121E+04   0.111767E+01  -0.442480E+02   0.364368E+07   0.429377E+04
   139   0.403573E+04   0.111796E+01  -0.445310E+02   0.362251E+07   0.425370E+04
   140   0.407018E+04   0.111776E+01  -0.447939E+02   0.360150E+07   0.421427E+04
   141   0.410454E+04   0.111706E+01  -0.450364E+02   0.358066E+07   0.417546E+04
   142   0.413880E+04   0.111586E+01  -0.452579E+02   0.355998E+07   0.413724E+04
   143   0.417296E+04   0.111417E+01  -0.454581E+02   0.353946E+07   0.409958E+04
   144   0.420701E+04   0.111200E+01  -0.456366E+02   0.351910E+07   0.406246E+04
   145   0.424093E+04   0.110934E+01  -0.457928E+02   0.349890E+07   0.402586E+04
   146   0.427471E+04   0.110619E+01  -0.459267E+02   0.347886E+07   0.398974E+04
   147   0.430833E+04   0.110259E+01  -0.460375E+02   0.345897E+07   0.395409E+04
   148   0.434178E+04   0.109851E+01  -0.461251E+02   0.343924E+07   0.391888E+04
   149   0.437505E+04   0.109398E+01  -0.461889E+02   0.341967E+07   0.388408E+04
   150   0.440813E+04   0.108899E+01  -0.462285E+02   0.340024E+07   0.384967E+04
   151   0.444098E+04   0.108357E+01  -0.462437E+02   0.338098E+07   0.381563E+04
   152   0.447361E+04   0.107771E+01  -0.462341E+02   0.336186E+07   0.378195E+04
   153   0.450602E+04   0.107143E+01  -0.461995E+02   0.334289E+07   0.374863E+04
   154   0.453820E+04   0.106475E+01  -0.461397E+02   0.332408E+07   0.371566E+04
   155   0.457014E+04   0.105766E+01  -0.460543E+02   0.330541E+07   0.368305E+04
   156   0.460186E+04   0.105020E+01  -0.459432E+02   0.328689E+07   0.365078E+04
   157   0.463332E+04   0.104236E+01  -0.458062E+02   0.326852E+07   0.361887E+04
   158   0.466453E+04   0.103418E+01  -0.456430E+02   0.325030E+07   0.358730E+04
   159   0.469548E+04   0.102565E+01  -0.454533E+02   0.323222E+07   0.355607E+04
   160   0.472616E+04   0.101679E+01  -0.452371E+02   0.321428E+07   0.352519E+04
   161   0.475655E+04   0.100763E+01  -0.449940E+02   0.319649E+07   0.349464E+04
   162   0.478665E+04   0.998173E+00  -0.447240E+02   0.317885E+07   0.346443E+04
   163   0.481643E+04   0.988457E+00  -0.444267E+02   0.316134E+07   0.343455E+04
   164   0.484588E+04   0.978481E+00  -0.441021E+02   0.314398E+07   0.340500E+04
   165   0.487500E+04   0.968268E+00  -0.437499E+02   0.312675E+07   0.337577E+04
   166   0.490377E+04   0.957841E+00  -0.433701E+02   0.310967E+07   0.334688E+04
   167   0.493219E+04   0.947223E+00  -0.429625E+02   0.309272E+07   0.331830E+04
   168   0.496025E+04   0.936438E+00  -0.425272E+02   0.307591E+07   0.329004E+04
   169   0.498793E+04   0.925507E+00  -0.420641E+02   0.305924E+07   0.326211E+04
   170   0.501524E+04   0.914448E+00  -0.415730E+02   0.304271E+07   0.323448E+04
   171   0.504215E+04   0.903291E+00  -0.410540E+02   0.302631E+07   0.320717E+04
   172   0.506868E+04   0.892058E+00  -0.405069E+02   0.301004E+07   0.318017E+04
   173   0.509479E+04   0.880774E+00  -0.399318E+02   0.299391E+07   0.315347E+04
   174   0.512049E+04   0.869460E+00  -0.393287E+02   0.297790E+07   0.312708E+04
   175   0.514577E+04   0.858155E+00  -0.386976E+02   0.296203E+07   0.310099E+04
   176   0.517062E+04   0.846876E+00  -0.380386E+02   0.294629E+07   0.307520E+04
   177   0.519502E+04   0.835659E+00  -0.373517E+02   0.293068E+07   0.304970E+04
   178   0.521897E+04   0.824529E+00  -0.366369E+02   0.291520E+07   0.302449E+04
   179   0.524247E+04   0.813510E+00  -0.358944E+02   0.289985E+07   0.299956E+04
   180   0.526550E+04   0.802639E+00  -0.351241E+02   0.288462E+07   0.297491E+04
   181   0.528806E+04   0.791948E+00  -0.343264E+02   0.286951E+07   0.295052E+04
   182   0.531014E+04   0.781468E+00  -0.335013E+02   0.285453E+07   0.292640E+04
   183   0.533174E+04   0.771222E+00  -0.326490E+02   0.283967E+07   0.290254E+04
   184   0.535284E+04   0.761248E+00  -0.317698E+02   0.282493E+07   0.287892E+04
   185   0.537344E+04   0.751586E+00  -0.308635E+02   0.281031E+07   0.285556E+04
   186   0.539353E+04   0.742258E+00  -0.299307E+02   0.279580E+07   0.283243E+04
   187   0.541311E+04   0.733297E+00  -0.289713E+02   0.278142E+07   0.280953E+04
   188   0.543217E+04   0.724743E+00  -0.279857E+02   0.276715E+07   0.278686E+04
   189   0.545070E+04   0.716630E+00  -0.269741E+02   0.275300E+07   0.276442E+04
   190   0.546869E+04   0.708992E+00  -0.259368E+02   0.273896E+07   0.274218E+04
   191   0.548615E+04   0.701863E+00  -0.248741E+02   0.272503E+07   0.272016E+04
   192   0.550304E+04   0.695279E+00  -0.237861E+02   0.271121E+07   0.269834E+04
   193   0.551938E+04   0.689274E+00  -0.226731E+02   0.269750E+07   0.267672E+04
   194   0.553517E+04   0.683887E+00  -0.215357E+02   0.268391E+07   0.265529E+04
   195   0.555038E+04   0.679153E+00  -0.203740E+02   0.267042E+07   0.263404E+04
   196   0.556503E+04   0.675109E+00  -0.191885E+02   0.265703E+07   0.261297E+04
   197   0.557911E+04   0.671794E+00  -0.179795E+02   0.264375E+07   0.259208E+04
   198   0.559262E+04   0.669246E+00  -0.167475E+02   0.263058E+07   0.257135E+04
   199   0.560555E+04   0.667499E+00  -0.154927E+02   0.261750E+07   0.255079E+04
   200   0.561790E+04   0.666593E+00  -0.142158E+02   0.260453E+07   0.253038E+04
   201   0.562966E+04   0.666565E+00  -0.129169E+02   0.259166E+07   0.251012E+04
   202   0.564082E+04   0.667452E+00  -0.115966E+02   0.257889E+07   0.249001E+04
   203   0.565137E+04   0.669289E+00  -0.102552E+02   0.256622E+07   0.247004E+04
   204   0.566131E+04   0.672115E+00  -0.889328E+01   0.255365E+07   0.245022E+04
   205   0.567060E+04   0.675964E+00  -0.751125E+01   0.254117E+07   0.243055E+04
   206   0.567927E+04   0.680873E+00  -0.610951E+01   0.252879E+07   0.241102E+04
   207   0.568729E+04   0.686880E+00  -0.468848E+01   0.251650E+07   0.239164E+04
   208   0.569465E+04   0.694021E+00  -0.324875E+01   0.250431E+07   0.237240E+04
   209   0.570139E+04   0.702331E+00  -0.179090E+01   0.249221E+07   0.235330E+04
   210   0.570749E+04   0.711847E+00  -0.315504E+00   0.248021E+07   0.233434E+04
   211   0.571296E+04   0.722608E+00   0.117688E+01   0.246830E+07   0.231553E+04
   212   0.571782E+04   0.734647E+00   0.268567E+01   0.245648E+07   0.229685E+04
   213   0.572206E+04   0.748002E+00   0.421028E+01   0.244475E+07   0.227831E+04
   214   0.572569E+04   0.762710E+00   0.575015E+01   0.243311E+07   0.225991E+04
   215   0.572871E+04   0.778801E+00   0.730465E+01   0.242156E+07   0.224164E+04
   216   0.573112E+04   0.796319E+00   0.887319E+01   0.241010E+07   0.222352E+04
   217   0.573289E+04   0.815295E+00   0.104551E+02   0.239872E+07   0.220552E+04
   218   0.573405E+04   0.835758E+00   0.120499E+02   0.238743E+07   0.218766E+04
   219   0.573458E+04   0.857752E+00   0.136569E+02   0.237623E+07   0.216994E+04
   220   0.573447E+04   0.881306E+00   0.152755E+02   0.236511E+07   0.215234E+04
   221   0.573373E+04   0.906451E+00   0.169049E+02   0.235408E+07   0.213488E+04
   222   0.573235E+04   0.933230E+00   0.185448E+02   0.234313E+07   0.211755E+04
   223   0.573034E+04   0.961666E+00   0.201942E+02   0.233226E+07   0.210034E+04
   224   0.572769E+04   0.991796E+00   0.218526E+02   0.232148E+07   0.208327E+04
   225   0.572442E+04   0.102364E+01   0.235192E+02   0.231077E+07   0.206633E+04
   226   0.572051E+04   0.105725E+01   0.251934E+02   0.230015E+07   0.204951E+04
   227   0.571598E+04   0.109264E+01   0.268745E+02   0.228961E+07   0.203281E+04
   228   0.571081E+04   0.112985E+01   0.285618E+02   0.227914E+07   0.201625E+04
   229   0.570503E+04   0.116890E+01   0.302546E+02   0.226875E+07   0.199980E+04
   230   0.569862E+04   0.120984E+01   0.319523E+02   0.225844E+07   0.198348E+04
   231   0.569160E+04   0.125266E+01   0.336539E+02   0.224820E+07   0.196729E+04
   232   0.568396E+04   0.129742E+01   0.353590E+02   0.223804E+07   0.195121E+04
   233   0.567570E+04   0.134413E+01   0.370666E+02   0.222796E+07   0.193526E+04
   234   0.566682E+04   0.139283E+01   0.387761E+02   0.221795E+07   0.191942E+04
   235   0.565734E+04   0.144353E+01   0.404868E+02   0.220801E+07   0.190371E+04
   236   0.564725E+04   0.149628E+01   0.421978E+02   0.219814E+07   0.188811E+04
   237   0.563655E+04   0.155108E+01   0.439085E+02   0.218835E+07   0.187263E+04
   238   0.562526E+04   0.160795E+01   0.456182E+02   0.217862E+07   0.185727E+04
   239   0.561337E+04   0.166691E+01   0.473260E+02   0.216897E+07   0.184202E+04
   240   0.560088E+04   0.172800E+01   0.490310E+02   0.215938E+07   0.182688E+04
   241   0.558780E+04   0.179124E+01   0.507328E+02   0.214986E+07   0.181186E+04
   242   0.557414E+04   0.185663E+01   0.524304E+02   0.214041E+07   0.179696E+04
   243   0.555990E+04   0.192420E+01   0.541230E+02   0.213103E+07   0.178216E+04
   244   0.554508E+04   0.199397E+01   0.558100E+02   0.212171E+07   0.176748E+04
   245   0.552970E+04   0.206596E+01   0.574907E+02   0.211246E+07   0.175290E+04
   246   0.551376E+04   0.214016E+01   0.591642E+02   0.210327E+07   0.173844E+04
   247   0.549726E+04   0.221661E+01   0.608299E+02   0.209414E+07   0.172408E+04
   248   0.548021E+04   0.229531E+01   0.624869E+02   0.208508E+07   0.170983E+04
   249   0.546262E+04   0.237628E+01   0.641346E+02   0.207608E+07   0.169569E+04
   250   0.544450E+04   0.245954E+01   0.657721E+02   0.206714E+07   0.168165E+04
   251   0.542583E+04   0.254508E+01   0.673986E+02   0.205825E+07   0.166772E+04
   252   0.540663E+04   0.263290E+01   0.690134E+02   0.204943E+07   0.165389E+04
   253   0.538690E+04   0.272302E+01   0.706156E+02   0.204067E+07   0.164017E+04
   254   0.536665E+04   0.281545E+01   0.722045E+02   0.203197E+07   0.162654E+04
   255   0.534588E+04   0.291017E+01   0.737792E+02   0.202332E+07   0.161302E+04
   256   0.532458E+04   0.300719E+01   0.753391E+02   0.201473E+07   0.159960E+04
   257   0.530278E+04   0.310652E+01   0.768835E+02   0.200620E+07   0.158628E+04
   258   0.528048E+04   0.320815E+01   0.784114E+02   0.199773E+07   0.157306E+04
   259   0.525769E+04   0.331208E+01   0.799232E+02   0.198931E+07   0.155993E+04
   260   0.523445E+04   0.341830E+01   0.814168E+02   0.198095E+07   0.154690E+04
   261   0.521074E+04   0.352682E+01   0.828929E+02   0.197265E+07   0.153397E+04
   262   0.518659E+04   0.363764E+01   0.843500E+02   0.196440E+07   0.152113E+04
   263   0.516201E+04   0.375074E+01   0.857881E+02   0.195620E+07   0.150839E+04
   264   0.513700E+04   0.386611E+01   0.872057E+02   0.194806E+07   0.149574E+04
   265   0.511157E+04   0.398375E+01   0.886036E+02   0.193997E+07   0.148319E+04
   266   0.508572E+04   0.410365E+01   0.899796E+02   0.193193E+07   0.147072E+04
   267   0.505948E+04   0.422577E+01   0.913329E+02   0.192395E+07   0.145835E+04
   268   0.503283E+04   0.435012E+01   0.926643E+02   0.191602E+07   0.144607E+04
   269   0.500578E+04   0.447668E+01   0.939715E+02   0.190814E+07   0.143387E+04
   270   0.497834E+04   0.460543E+01   0.952554E+02   0.190031E+07   0.142176E+04
   271   0.495053E+04   0.473636E+01   0.965136E+02   0.189254E+07   0.140975E+04
   272   0.492234E+04   0.486945E+01   0.977470E+02   0.188481E+07   0.139781E+04
   273   0.489380E+04   0.500466E+01   0.989541E+02   0.187714E+07   0.138597E+04
   274   0.486491E+04   0.514200E+01   0.100136E+03   0.186951E+07   0.137421E+04
   275   0.483568E+04   0.528141E+01   0.101289E+03   0.186193E+07   0.136253E+04
   276   0.480613E+04   0.542290E+01   0.102416E+03   0.185440E+07   0.135093E+04
   277   0.477627E+04   0.556643E+01   0.103514E+03   0.184692E+07   0.133942E+04
   278   0.474610E+04   0.571199E+01   0.104583E+03   0.183949E+07   0.132799E+04
   279   0.471564E+04   0.585952E+01   0.105623E+03   0.183210E+07   0.131664E+04
   280   0.468490E+04   0.600900E+01   0.106633E+03   0.182476E+07   0.130537E+04
   281   0.465388E+04   0.616041E+01   0.107614E+03   0.181747E+07   0.129417E+04
   282   0.462260E+04   0.631370E+01   0.108563E+03   0.181022E+07   0.128306E+04
   283   0.459107E+04   0.646885E+01   0.109481E+03   0.180302E+07   0.127202E+04
   284   0.455930E+04   0.662582E+01   0.110367E+03   0.179586E+07   0.126106E+04
   285   0.452729E+04   0.678459E+01   0.111221E+03   0.178875E+07   0.125017E+04
   286   0.449506E+04   0.694510E+01   0.112043E+03   0.178168E+07   0.123936E+04
   287   0.446263E+04   0.710732E+01   0.112831E+03   0.177465E+07   0.122862E+04
   288   0.443000E+04   0.727121E+01   0.113586E+03   0.176767E+07   0.121796E+04
   289   0.439718E+04   0.743672E+01   0.114307E+03   0.176073E+07   0.120736E+04
   290   0.436418E+04   0.760383E+01   0.114993E+03   0.175383E+07   0.119684E+04
   291   0.433102E+04   0.777249E+01   0.115645E+03   0.174698E+07   0.118639E+04
   292   0.429770E+04   0.794259E+01   0.116262E+03   0.174016E+07   0.117600E+04
   293   0.426424E+04   0.811418E+01   0.116844E+03   0.173339E+07   0.116568E+04
   294   0.423064E+04   0.828719E+01   0.117389E+03   0.172666E+07   0.115544E+04
   295   0.419691E+04   0.846147E+01   0.117898E+03   0.171996E+07   0.114525E+04
   296   0.416306E+04   0.863709E+01   0.118371E+03   0.171331E+07   0.113514E+04
   297   0.412910E+04   0.881391E+01   0.118806E+03   0.170669E+07   0.112509E+04
   298   0.409504E+04   0.899191E+01   0.119203E+03   0.170011E+07   0.111510E+04
   299   0.406090E+04   0.917102E+01   0.119563E+03   0.169357E+07   0.110517E+04
   300   0.402668E+04   0.935117E+01   0.119886E+03   0.168707E+07   0.109531E+04
   301   0.399240E+04   0.953242E+01   0.120170E+03   0.168061E+07   0.108551E+04
   302   0.395807E+04   0.971456E+01   0.120416E+03   0.167418E+07   0.107577E+04
   303   0.392370E+04   0.989765E+01   0.120624E+03   0.166779E+07   0.106609E+04
   304   0.388930E+04   0.100816E+02   0.120795E+03   0.166143E+07   0.105648E+04
   305   0.385490E+04   0.102664E+02   0.120926E+03   0.165511E+07   0.104692E+04
   306   0.382048E+04   0.104519E+02   0.121020E+03   0.164883E+07   0.103743E+04
   307   0.378607E+04   0.106382E+02   0.121074E+03   0.164258E+07   0.102800E+04
   308   0.375168E+04   0.108250E+02   0.121090E+03   0.163637E+07   0.101863E+04
   309   0.371732E+04   0.110125E+02   0.121068E+03   0.163019E+07   0.100933E+04
   310   0.368299E+04   0.112003E+02   0.121007E+03   0.162405E+07   0.100009E+04
   311   0.364871E+04   0.113887E+02   0.120907E+03   0.161794E+07   0.990913E+03
   312   0.361447E+04   0.115774E+02   0.120768E+03   0.161187E+07   0.981799E+03
   313   0.358031E+04   0.117664E+02   0.120590E+03   0.160583E+07   0.972748E+03
   314   0.354623E+04   0.119556E+02   0.120373E+03   0.159982E+07   0.963762E+03
   315   0.351222E+04   0.121450E+02   0.120117E+03   0.159385E+07   0.954840E+03
   316   0.347831E+04   0.123345E+02   0.119821E+03   0.158791E+07   0.945982E+03
   317   0.344451E+04   0.125240E+02   0.119488E+03   0.158200E+07   0.937188E+03
   318   0.341084E+04   0.127134E+02   0.119116E+03   0.157613E+07   0.928459E+03
   319   0.337728E+04   0.129028E+02   0.118705E+03   0.157028E+07   0.919795E+03
   320   0.334385E+04   0.130920E+02   0.118256E+03   0.156447E+07   0.911196E+03
   321   0.331058E+04   0.132809E+02   0.117769E+03   0.155870E+07   0.902662E+03
   322   0.327746E+04   0.134695E+02   0.117243E+03   0.155295E+07   0.894193E+03
   323   0.324451E+04   0.136577E+02   0.116679E+03   0.154723E+07   0.885790E+03
   324   0.321172E+04   0.138454E+02   0.116077E+03   0.154155E+07   0.877453E+03
   325   0.317913E+04   0.140326E+02   0.115438E+03   0.153590E+07   0.869182E+03
   326   0.314672E+04   0.142192E+02   0.114762E+03   0.153027E+07   0.860977E+03
   327   0.311451E+04   0.144051E+02   0.114048E+03   0.152468E+07   0.852839E+03
   328   0.308252E+04   0.145902E+02   0.113297E+03   0.151912E+07   0.844767E+03
   329   0.305074E+04   0.147745E+02   0.112510E+03   0.151359E+07   0.836762E+03
   330   0.301919E+04   0.149578E+02   0.111686E+03   0.150809E+07   0.828824E+03
   331   0.298788E+04   0.151402E+02   0.110826E+03   0.150261E+07   0.820953E+03
   332   0.295682E+04   0.153216E+02   0.109930E+03   0.149717E+07   0.813150E+03
   333   0.292600E+04   0.155018E+02   0.108999E+03   0.149175E+07   0.805414E+03
   334   0.289544E+04   0.156808E+02   0.108033E+03   0.148637E+07   0.797746E+03
   335   0.286516E+04   0.158584E+02   0.107032E+03   0.148101E+07   0.790146E+03
   336   0.283516E+04   0.160347E+02   0.105996E+03   0.147568E+07   0.782614E+03
   337   0.280544E+04   0.162097E+02   0.104928E+03   0.147037E+07   0.775150E+03
   338   0.277601E+04   0.163831E+02   0.103826E+03   0.146510E+07   0.767755E+03
   339   0.274688E+04   0.165549E+02   0.102691E+03   0.145985E+07   0.760429E+03
   340   0.271808E+04   0.167252E+02   0.101524E+03   0.145463E+07   0.753172E+03
   341   0.268958E+04   0.168938E+02   0.100325E+03   0.144944E+07   0.745984E+03
   342   0.266140E+04   0.170605E+02   0.990942E+02   0.144427E+07   0.738865E+03
   343   0.263356E+04   0.172253E+02   0.978325E+02   0.143913E+07   0.731816E+03
   344   0.260604E+04   0.173882E+02   0.965395E+02   0.143401E+07   0.724836E+03
   345   0.257885E+04   0.175490E+02   0.952159E+02   0.142892E+07   0.717927E+03
   346   0.255201E+04   0.177076E+02   0.938618E+02   0.142385E+07   0.711087E+03
   347   0.252551E+04   0.178641E+02   0.924779E+02   0.141882E+07   0.704318E+03
   348   0.249937E+04   0.180182E+02   0.910644E+02   0.141380E+07   0.697620E+03
   349   0.247358E+04   0.181700E+02   0.896234E+02   0.140881E+07   0.690992E+03
   350   0.244816E+04   0.183194E+02   0.881542E+02   0.140385E+07   0.684435E+03
   351   0.242312E+04   0.184664E+02   0.866584E+02   0.139890E+07   0.677949E+03
   352   0.239847E+04   0.186110E+02   0.851367E+02   0.139399E+07   0.671532E+03
   353   0.237420E+04   0.187530E+02   0.835892E+02   0.138909E+07   0.665183E+03
   354   0.235033E+04   0.188924E+02   0.820181E+02   0.138422E+07   0.658900E+03
   355   0.232686E+04   0.190292E+02   0.804226E+02   0.137938E+07   0.652680E+03
   356   0.230379E+04   0.191633E+02   0.788037E+02   0.137455E+07   0.646523E+03
   357   0.228114E+04   0.192946E+02   0.771619E+02   0.136976E+07   0.640426E+03
   358   0.225889E+04   0.194231E+02   0.754982E+02   0.136498E+07   0.634388E+03
   359   0.223706E+04   0.195487E+02   0.738124E+02   0.136023E+07   0.628406E+03
   360   0.221564E+04   0.196712E+02   0.721062E+02   0.135550E+07   0.622480E+03
   361   0.219464E+04   0.197907E+02   0.703785E+02   0.135079E+07   0.616607E+03
   362   0.217406E+04   0.199071E+02   0.686312E+02   0.134610E+07   0.610785E+03
   363   0.215392E+04   0.200204E+02   0.668649E+02   0.134144E+07   0.605013E+03
   364   0.213419E+04   0.201304E+02   0.650803E+02   0.133680E+07   0.599289E+03
   365   0.211491E+04   0.202372E+02   0.632783E+02   0.133218E+07   0.593611E+03
   366   0.209606E+04   0.203406E+02   0.614596E+02   0.132759E+07   0.587977E+03
   367   0.207765E+04   0.204408E+02   0.596250E+02   0.132301E+07   0.582385E+03
   368   0.205968E+04   0.205374E+02   0.577755E+02   0.131846E+07   0.576835E+03
   369   0.204215E+04   0.206308E+02   0.559116E+02   0.131393E+07   0.571323E+03
   370   0.202507E+04   0.207205E+02   0.540343E+02   0.130942E+07   0.565848E+03
   371   0.200843E+04   0.208068E+02   0.521443E+02   0.130493E+07   0.560409E+03
   372   0.199225E+04   0.208895E+02   0.502424E+02   0.130047E+07   0.555004E+03
   373   0.197651E+04   0.209686E+02   0.483294E+02   0.129602E+07   0.549630E+03
   374   0.196122E+04   0.210442E+02   0.464061E+02   0.129160E+07   0.544286E+03
   375   0.194638E+04   0.211160E+02   0.444732E+02   0.128719E+07   0.538970E+03
   376   0.193199E+04   0.211841E+02   0.425316E+02   0.128281E+07   0.533681E+03
   377   0.191806E+04   0.212485E+02   0.405820E+02   0.127845E+07   0.528416E+03
   378   0.190457E+04   0.213091E+02   0.386251E+02   0.127411E+07   0.523174E+03
   379   0.189154E+04   0.213658E+02   0.366618E+02   0.126978E+07   0.517953E+03
   380   0.187897E+04   0.214186E+02   0.346929E+02   0.126548E+07   0.512752E+03
   381   0.186685E+04   0.214675E+02   0.327190E+02   0.126120E+07   0.507568E+03
   382   0.185518E+04   0.215123E+02   0.307410E+02   0.125694E+07   0.502399E+03
   383   0.184398E+04   0.215533E+02   0.287597E+02   0.125270E+07   0.497245E+03
   384   0.183322E+04   0.215902E+02   0.267761E+02   0.124847E+07   0.492102E+03
   385   0.182291E+04   0.216231E+02   0.247909E+02   0.124427E+07   0.486970E+03
   386   0.181305E+04   0.216521E+02   0.228051E+02   0.124009E+07   0.481846E+03
   387   0.180365E+04   0.216770E+02   0.208195E+02   0.123592E+07   0.476730E+03
   388   0.179469E+04   0.216981E+02   0.188349E+02   0.123178E+07   0.471618E+03
   389   0.178618E+04   0.217151E+02   0.168523E+02   0.122765E+07   0.466509E+03
   390   0.177811E+04   0.217281E+02   0.148725E+02   0.122354E+07   0.461401E+03
   391   0.177049E+04   0.217372E+02   0.128963E+02   0.121945E+07   0.456293E+03
   392   0.176330E+04   0.217421E+02   0.109245E+02   0.121538E+07   0.451183E+03
   393   0.175656E+04   0.217431E+02   0.895795E+01   0.121133E+07   0.446069E+03
   394   0.175025E+04   0.217400E+02   0.699740E+01   0.120729E+07   0.440949E+03
   395   0.174436E+04   0.217327E+02   0.504374E+01   0.120327E+07   0.435822E+03
   396   0.173891E+04   0.217215E+02   0.309776E+01   0.119928E+07   0.430685E+03
   397   0.173388E+04   0.217062E+02   0.116026E+01   0.119529E+07   0.425537E+03
   398   0.172927E+04   0.216868E+02  -0.767966E+00   0.119133E+07   0.420376E+03
   399   0.172509E+04   0.216632E+02  -0.268611E+01   0.118738E+07   0.415201E+03
   400   0.172133E+04   0.216357E+02  -0.459339E+01   0.118346E+07   0.410008E+03
   401   0.171799E+04   0.216041E+02  -0.648901E+01   0.117954E+07   0.404799E+03
   402   0.171506E+04   0.215684E+02  -0.837222E+01   0.117565E+07   0.399573E+03
   403   0.171254E+04   0.215288E+02  -0.102423E+02   0.117177E+07   0.394332E+03
   404   0.171044E+04   0.214851E+02  -0.120984E+02   0.116791E+07   0.389080E+03
   405   0.170873E+04   0.214374E+02  -0.139399E+02   0.116407E+07   0.383817E+03
   406   0.170742E+04   0.213859E+02  -0.157661E+02   0.116024E+07   0.378546E+03
   407   0.170650E+04   0.213304E+02  -0.175761E+02   0.115643E+07   0.373269E+03
   408   0.170597E+04   0.212709E+02  -0.193691E+02   0.115264E+07   0.367988E+03
   409   0.170582E+04   0.212076E+02  -0.211446E+02   0.114886E+07   0.362705E+03
   410   0.170605E+04   0.211405E+02  -0.229017E+02   0.114510E+07   0.357422E+03
   411   0.170664E+04   0.210695E+02  -0.246398E+02   0.114136E+07   0.352141E+03
   412   0.170761E+04   0.209948E+02  -0.263583E+02   0.113763E+07   0.346864E+03
   413   0.170893E+04   0.209163E+02  -0.280565E+02   0.113392E+07   0.341593E+03
   414   0.171062E+04   0.208342E+02  -0.297339E+02   0.113022E+07   0.336330E+03
   415   0.171265E+04   0.207484E+02  -0.313898E+02   0.112654E+07   0.331078E+03
   416   0.171503E+04   0.206590E+02  -0.330236E+02   0.112288E+07   0.325837E+03
   417   0.171775E+04   0.205660E+02  -0.346347E+02   0.111923E+07   0.320611E+03
   418   0.172080E+04   0.204696E+02  -0.362223E+02   0.111560E+07   0.315401E+03
   419   0.172419E+04   0.203696E+02  -0.377860E+02   0.111199E+07   0.310210E+03
   420   0.172790E+04   0.202662E+02  -0.393250E+02   0.110839E+07   0.305039E+03
   421   0.173193E+04   0.201594E+02  -0.408388E+02   0.110481E+07   0.299890E+03
   422   0.173628E+04   0.200492E+02  -0.423265E+02   0.110124E+07   0.294766E+03
   423   0.174094E+04   0.199356E+02  -0.437878E+02   0.109769E+07   0.289668E+03
   424   0.174590E+04   0.198188E+02  -0.452219E+02   0.109415E+07   0.284599E+03
   425   0.175115E+04   0.196987E+02  -0.466284E+02   0.109063E+07   0.279560E+03
   426   0.175670E+04   0.195754E+02  -0.480069E+02   0.108712E+07   0.274553E+03
   427   0.176252E+04   0.194491E+02  -0.493569E+02   0.108363E+07   0.269582E+03
   428   0.176863E+04   0.193199E+02  -0.506781E+02   0.108016E+07   0.264647E+03
   429   0.177499E+04   0.191878E+02  -0.519701E+02   0.107669E+07   0.259750E+03
   430   0.178161E+04   0.190528E+02  -0.532323E+02   0.107325E+07   0.254894E+03
   431   0.178848E+04   0.189152E+02  -0.544645E+02   0.106982E+07   0.250082E+03
   432   0.179559E+04   0.187749E+02  -0.556662E+02   0.106640E+07   0.245313E+03
   433   0.180295E+04   0.186320E+02  -0.568368E+02   0.106300E+07   0.240592E+03
   434   0.181053E+04   0.184867E+02  -0.579761E+02   0.105962E+07   0.235919E+03
   435   0.181835E+04   0.183388E+02  -0.590836E+02   0.105625E+07   0.231298E+03
   436   0.182639E+04   0.181885E+02  -0.601588E+02   0.105289E+07   0.226729E+03
   437   0.183464E+04   0.180359E+02  -0.612014E+02   0.104955E+07   0.222215E+03
   438   0.184311E+04   0.178811E+02  -0.622109E+02   0.104622E+07   0.217758E+03
   439   0.185178E+04   0.177241E+02  -0.631870E+02   0.104291E+07   0.213360E+03
   440   0.186064E+04   0.175650E+02  -0.641293E+02   0.103961E+07   0.209024E+03
   441   0.186969E+04   0.174038E+02  -0.650376E+02   0.103632E+07   0.204750E+03
   442   0.187891E+04   0.172408E+02  -0.659117E+02   0.103305E+07   0.200541E+03
   443   0.188830E+04   0.170759E+02  -0.667510E+02   0.102980E+07   0.196400E+03
   444   0.189784E+04   0.169093E+02  -0.675554E+02   0.102656E+07   0.192328E+03
   445   0.190754E+04   0.167409E+02  -0.683246E+02   0.102333E+07   0.188327E+03
   446   0.191736E+04   0.165711E+02  -0.690583E+02   0.102011E+07   0.184399E+03
   447   0.192733E+04   0.163998E+02  -0.697567E+02   0.101691E+07   0.180546E+03
   448   0.193742E+04   0.162271E+02  -0.704194E+02   0.101373E+07   0.176771E+03
   449   0.194765E+04   0.160532E+02  -0.710463E+02   0.101055E+07   0.173076E+03
   450   0.195799E+04   0.158780E+02  -0.716374E+02   0.100739E+07   0.169461E+03
   451   0.196844E+04   0.157018E+02  -0.721926E+02   0.100425E+07   0.165930E+03
   452   0.197901E+04   0.155246E+02  -0.727118E+02   0.100112E+07   0.162481E+03
   453   0.198967E+04   0.153465E+02  -0.731947E+02   0.997996E+06   0.159113E+03
   454   0.200042E+04   0.151676E+02  -0.736412E+02   0.994891E+06   0.155825E+03
   455   0.201126E+04   0.149880E+02  -0.740513E+02   0.991798E+06   0.152616E+03
   456   0.202216E+04   0.148077E+02  -0.744247E+02   0.988719E+06   0.149486E+03
   457   0.203313E+04   0.146269E+02  -0.747614E+02   0.985653E+06   0.146432E+03
   458   0.204415E+04   0.144456E+02  -0.750611E+02   0.982600E+06   0.143454E+03
   459   0.205520E+04   0.142640E+02  -0.753239E+02   0.979560E+06   0.140551E+03
   460   0.206630E+04   0.140821E+02  -0.755499E+02   0.976533E+06   0.137722E+03
   461   0.207742E+04   0.139001E+02  -0.757385E+02   0.973519E+06   0.134965E+03
   462   0.208859E+04   0.137180E+02  -0.758919E+02   0.970518E+06   0.132280E+03
   463   0.209976E+04   0.135361E+02  -0.760087E+02   0.967529E+06   0.129665E+03
   464   0.211097E+04   0.133543E+02  -0.760897E+02   0.964553E+06   0.127119E+03
   465   0.212219E+04   0.131729E+02  -0.761349E+02   0.961590E+06   0.124642E+03
   466   0.213342E+04   0.129919E+02  -0.761452E+02   0.958640E+06   0.122232E+03
   467   0.214466E+04   0.128114E+02  -0.761197E+02   0.955702E+06   0.119888E+03
   468   0.215589E+04   0.126316E+02  -0.760594E+02   0.952776E+06   0.117608E+03
   469   0.216711E+04   0.124525E+02  -0.759643E+02   0.949863E+06   0.115393E+03
   470   0.217831E+04   0.122741E+02  -0.758343E+02   0.946962E+06   0.113241E+03
   471   0.218947E+04   0.120967E+02  -0.756689E+02   0.944073E+06   0.111150E+03
   472   0.220059E+04   0.119204E+02  -0.754695E+02   0.941197E+06   0.109120E+03
   473   0.221166E+04   0.117451E+02  -0.752347E+02   0.938333E+06   0.107150E+03
   474   0.222267E+04   0.115710E+02  -0.749668E+02   0.935480E+06   0.105238E+03
   475   0.223362E+04   0.113983E+02  -0.746644E+02   0.932640E+06   0.103383E+03
   476   0.224451E+04   0.112270E+02  -0.743282E+02   0.929812E+06   0.101585E+03
   477   0.225533E+04   0.110572E+02  -0.739590E+02   0.926996E+06   0.998415E+02
   478   0.226608E+04   0.108891E+02  -0.735570E+02   0.924191E+06   0.981525E+02
   479   0.227676E+04   0.107227E+02  -0.731231E+02   0.921398E+06   0.965166E+02
   480   0.228735E+04   0.105583E+02  -0.726568E+02   0.918617E+06   0.949327E+02
   481   0.229786E+04   0.103957E+02  -0.721589E+02   0.915848E+06   0.933996E+02
   482   0.230828E+04   0.102352E+02  -0.716298E+02   0.913090E+06   0.919164E+02
   483   0.231859E+04   0.100768E+02  -0.710698E+02   0.910344E+06   0.904818E+02
   484   0.232879E+04   0.992072E+01  -0.704795E+02   0.907609E+06   0.890949E+02
   485   0.233887E+04   0.976701E+01  -0.698591E+02   0.904885E+06   0.877545E+02
   486   0.234882E+04   0.961572E+01  -0.692091E+02   0.902173E+06   0.864596E+02
   487   0.235864E+04   0.946695E+01  -0.685299E+02   0.899472E+06   0.852090E+02
   488   0.236832E+04   0.932090E+01  -0.678221E+02   0.896783E+06   0.840017E+02
   489   0.237787E+04   0.917752E+01  -0.670862E+02   0.894104E+06   0.828367E+02
   490   0.238727E+04   0.903702E+01  -0.663227E+02   0.891437E+06   0.817127E+02
   491   0.239652E+04   0.889948E+01  -0.655322E+02   0.888780E+06   0.806288E+02
   492   0.240562E+04   0.876490E+01  -0.647152E+02   0.886135E+06   0.795838E+02
   493   0.241458E+04   0.863344E+01  -0.638724E+02   0.883500E+06   0.785767E+02
   494   0.242337E+04   0.850523E+01  -0.630041E+02   0.880876E+06   0.776063E+02
   495   0.243201E+04   0.838035E+01  -0.621112E+02   0.878263E+06   0.766716E+02
   496   0.244048E+04   0.825882E+01  -0.611940E+02   0.875661E+06   0.757716E+02
   497   0.244878E+04   0.814077E+01  -0.602532E+02   0.873069E+06   0.749050E+02
   498   0.245690E+04   0.802628E+01  -0.592894E+02   0.870488E+06   0.740709E+02
   499   0.246483E+04   0.791543E+01  -0.583032E+02   0.867917E+06   0.732682E+02
   500   0.247257E+04   0.780837E+01  -0.572951E+02   0.865357E+06   0.724957E+02
   501   0.248011E+04   0.770509E+01  -0.562658E+02   0.862807E+06   0.717525E+02
   502   0.248745E+04   0.760574E+01  -0.552160E+02   0.860268E+06   0.710383E+02
   503   0.249459E+04   0.751032E+01  -0.541463E+02   0.857738E+06   0.703526E+02
   504   0.250152E+04   0.741904E+01  -0.530574E+02   0.855219E+06   0.696953E+02
   505   0.250825E+04   0.733181E+01  -0.519501E+02   0.852711E+06   0.690661E+02
   506   0.251477E+04   0.724879E+01  -0.508251E+02   0.850212E+06   0.684647E+02
   507   0.252109E+04   0.717005E+01  -0.496830E+02   0.847724E+06   0.678907E+02
   508   0.252719E+04   0.709566E+01  -0.485246E+02   0.845245E+06   0.673441E+02
   509   0.253308E+04   0.702568E+01  -0.473505E+02   0.842777E+06   0.668244E+02
   510   0.253876E+04   0.696017E+01  -0.461616E+02   0.840319E+06   0.663313E+02
   511   0.254422E+04   0.689917E+01  -0.449585E+02   0.837870E+06   0.658647E+02
   512   0.254947E+04   0.684274E+01  -0.437418E+02   0.835432E+06   0.654242E+02
   513   0.255449E+04   0.679095E+01  -0.425124E+02   0.833004E+06   0.650096E+02
   514   0.255929E+04   0.674386E+01  -0.412709E+02   0.830585E+06   0.646205E+02
   515   0.256386E+04   0.670150E+01  -0.400181E+02   0.828176E+06   0.642568E+02
   516   0.256821E+04   0.666394E+01  -0.387547E+02   0.825777E+06   0.639181E+02
   517   0.257233E+04   0.663121E+01  -0.374814E+02   0.823388E+06   0.636041E+02
   518   0.257622E+04   0.660338E+01  -0.361991E+02   0.821008E+06   0.633146E+02
   519   0.257987E+04   0.658049E+01  -0.349084E+02   0.818638E+06   0.630493E+02
   520   0.258328E+04   0.656258E+01  -0.336101E+02   0.816278E+06   0.628079E+02
   521   0.258646E+04   0.654970E+01  -0.323051E+02   0.813927E+06   0.625901E+02
   522   0.258939E+04   0.654189E+01  -0.309939E+02   0.811586E+06   0.623957E+02
   523   0.259207E+04   0.653918E+01  -0.296774E+02   0.809254E+06   0.622244E+02
   524   0.259451E+04   0.654162E+01  -0.283564E+02   0.806932E+06   0.620759E+02
   525   0.259671E+04   0.654921E+01  -0.270315E+02   0.804619E+06   0.619499E+02
   526   0.259867E+04   0.656199E+01  -0.257036E+02   0.802315E+06   0.618462E+02
   527   0.260039E+04   0.657999E+01  -0.243734E+02   0.800021E+06   0.617644E+02
   528   0.260187E+04   0.660323E+01  -0.230418E+02   0.797736E+06   0.617043E+02
   529   0.260311E+04   0.663174E+01  -0.217093E+02   0.795460E+06   0.616657E+02
   530   0.260411E+04   0.666553E+01  -0.203769E+02   0.793194E+06   0.616482E+02
   531   0.260487E+04   0.670463E+01  -0.190454E+02   0.790936E+06   0.616516E+02
   532   0.260540E+04   0.674904E+01  -0.177157E+02   0.788688E+06   0.616756E+02
   533   0.260569E+04   0.679877E+01  -0.163884E+02   0.786449E+06   0.617199E+02
   534   0.260573E+04   0.685385E+01  -0.150645E+02   0.784219E+06   0.617842E+02
   535   0.260554E+04   0.691429E+01  -0.137446E+02   0.781997E+06   0.618683E+02
   536   0.260511E+04   0.698010E+01  -0.124299E+02   0.779785E+06   0.619719E+02
   537   0.260444E+04   0.705128E+01  -0.111209E+02   0.777582E+06   0.620946E+02
   538   0.260354E+04   0.712784E+01  -0.981832E+01   0.775387E+06   0.622363E+02
   539   0.260241E+04   0.720975E+01  -0.852315E+01   0.773202E+06   0.623967E+02
   540   0.260104E+04   0.729703E+01  -0.723602E+01   0.771025E+06   0.625754E+02
   541   0.259944E+04   0.738968E+01  -0.595770E+01   0.768857E+06   0.627722E+02
   542   0.259762E+04   0.748769E+01  -0.468902E+01   0.766698E+06   0.629869E+02
   543   0.259556E+04   0.759105E+01  -0.343069E+01   0.764547E+06   0.632191E+02
   544   0.259328E+04   0.769976E+01  -0.218346E+01   0.762405E+06   0.634685E+02
   545   0.259079E+04   0.781377E+01  -0.948041E+00   0.760272E+06   0.637350E+02
   546   0.258806E+04   0.793309E+01   0.274865E+00   0.758147E+06   0.640182E+02
   547   0.258512E+04   0.805769E+01   0.148453E+01   0.756030E+06   0.643177E+02
   548   0.258196E+04   0.818747E+01   0.268026E+01   0.753922E+06   0.646335E+02
   549   0.257858E+04   0.832260E+01   0.386133E+01   0.751823E+06   0.649651E+02
   550   0.257498E+04   0.846282E+01   0.502703E+01   0.749732E+06   0.653124E+02
   551   0.257118E+04   0.860830E+01   0.617663E+01   0.747649E+06   0.656750E+02
   552   0.256717E+04   0.875886E+01   0.730944E+01   0.745574E+06   0.660527E+02
   553   0.256295E+04   0.891451E+01   0.842479E+01   0.743508E+06   0.664453E+02
   554   0.255854E+04   0.907524E+01   0.952201E+01   0.741450E+06   0.668527E+02
   555   0.255393E+04   0.924095E+01   0.106004E+02   0.739401E+06   0.672746E+02
   556   0.254911E+04   0.941165E+01   0.116593E+02   0.737359E+06   0.677109E+02
   557   0.254412E+04   0.958726E+01   0.126981E+02   0.735326E+06   0.681614E+02
   558   0.253893E+04   0.976775E+01   0.137161E+02   0.733300E+06   0.686258E+02
   559   0.253356E+04   0.995306E+01   0.147128E+02   0.731283E+06   0.691040E+02
   560   0.252801E+04   0.101432E+02   0.156876E+02   0.729274E+06   0.695958E+02
   561   0.252228E+04   0.103379E+02   0.166399E+02   0.727272E+06   0.701009E+02
   562   0.251637E+04   0.105374E+02   0.175691E+02   0.725279E+06   0.706193E+02
   563   0.251029E+04   0.107414E+02   0.184747E+02   0.723294E+06   0.711506E+02
   564   0.250405E+04   0.109500E+02   0.193561E+02   0.721316E+06   0.716947E+02
   565   0.249763E+04   0.111631E+02   0.202127E+02   0.719347E+06   0.722514E+02
   566   0.249105E+04   0.113806E+02   0.210442E+02   0.717385E+06   0.728205E+02
   567   0.248431E+04   0.116023E+02   0.218500E+02   0.715431E+06   0.734019E+02
   568   0.247742E+04   0.118284E+02   0.226295E+02   0.713484E+06   0.739952E+02
   569   0.247037E+04   0.120586E+02   0.233823E+02   0.711546E+06   0.746004E+02
   570   0.246317E+04   0.122929E+02   0.241080E+02   0.709615E+06   0.752172E+02
   571   0.245582E+04   0.125313E+02   0.248060E+02   0.707692E+06   0.758455E+02
   572   0.244834E+04   0.127735E+02   0.254760E+02   0.705776E+06   0.764850E+02
   573   0.244071E+04   0.130196E+02   0.261175E+02   0.703868E+06   0.771355E+02
   574   0.243296E+04   0.132695E+02   0.267302E+02   0.701968E+06   0.777969E+02
   575   0.242508E+04   0.135231E+02   0.273138E+02   0.700075E+06   0.784689E+02
   576   0.241708E+04   0.137803E+02   0.278680E+02   0.698189E+06   0.791514E+02
   577   0.240897E+04   0.140410E+02   0.283922E+02   0.696311E+06   0.798442E+02
   578   0.240075E+04   0.143051E+02   0.288860E+02   0.694440E+06   0.805470E+02
   579   0.239242E+04   0.145726E+02   0.293494E+02   0.692577E+06   0.812597E+02
   580   0.238399E+04   0.148432E+02   0.297819E+02   0.690721E+06   0.819821E+02
   581   0.237547E+04   0.151170E+02   0.301830E+02   0.688872E+06   0.827140E+02
   582   0.236686E+04   0.153938E+02   0.305525E+02   0.687031E+06   0.834552E+02
   583   0.235816E+04   0.156735E+02   0.308902E+02   0.685197E+06   0.842055E+02
   584   0.234938E+04   0.159560E+02   0.311955E+02   0.683370E+06   0.849646E+02
   585   0.234053E+04   0.162412E+02   0.314682E+02   0.681550E+06   0.857325E+02
   586   0.233160E+04   0.165291E+02   0.317081E+02   0.679737E+06   0.865089E+02
   587   0.232261E+04   0.168195E+02   0.319150E+02   0.677931E+06   0.872937E+02
   588   0.231357E+04   0.171122E+02   0.320886E+02   0.676133E+06   0.880865E+02
   589   0.230446E+04   0.174072E+02   0.322288E+02   0.674341E+06   0.888873E+02
   590   0.229530E+04   0.177044E+02   0.323353E+02   0.672556E+06   0.896958E+02
   591   0.228610E+04   0.180036E+02   0.324079E+02   0.670779E+06   0.905119E+02
   592   0.227686E+04   0.183047E+02   0.324465E+02   0.669008E+06   0.913353E+02
   593   0.226758E+04   0.186077E+02   0.324509E+02   0.667244E+06   0.921658E+02
   594   0.225826E+04   0.189124E+02   0.324210E+02   0.665487E+06   0.930033E+02
   595   0.224893E+04   0.192186E+02   0.323568E+02   0.663737E+06   0.938476E+02
   596   0.223957E+04   0.195263E+02   0.322580E+02   0.661993E+06   0.946984E+02
   597   0.223020E+04   0.198353E+02   0.321246E+02   0.660257E+06   0.955557E+02
   598   0.222081E+04   0.201454E+02   0.319566E+02   0.658527E+06   0.964191E+02
   599   0.221142E+04   0.204567E+02   0.317537E+02   0.656803E+06   0.972884E+02
   600   0.220202E+04   0.207690E+02   0.315161E+02   0.655086E+06   0.981636E+02
   601   0.219263E+04   0.210820E+02   0.312438E+02   0.653376E+06   0.990444E+02
   602   0.218324E+04   0.213958E+02   0.309368E+02   0.651673E+06   0.999305E+02
   603   0.217387E+04   0.217102E+02   0.305952E+02   0.649976E+06   0.100822E+03
   604   0.216452E+04   0.220250E+02   0.302190E+02   0.648285E+06   0.101718E+03
   605   0.215518E+04   0.223402E+02   0.298084E+02   0.646601E+06   0.102620E+03
   606   0.214587E+04   0.226556E+02   0.293633E+02   0.644924E+06   0.103525E+03
   607   0.213659E+04   0.229712E+02   0.288839E+02   0.643252E+06   0.104436E+03
   608   0.212735E+04   0.232867E+02   0.283704E+02   0.641588E+06   0.105350E+03
   609   0.211815E+04   0.236021E+02   0.278228E+02   0.639929E+06   0.106269E+03
   610   0.210899E+04   0.239172E+02   0.272414E+02   0.638277E+06   0.107191E+03
   611   0.209988E+04   0.242319E+02   0.266262E+02   0.636632E+06   0.108118E+03
   612   0.209082E+04   0.245460E+02   0.259773E+02   0.634992E+06   0.109047E+03
   613   0.208182E+04   0.248595E+02   0.252951E+02   0.633359E+06   0.109980E+03
   614   0.207289E+04   0.251722E+02   0.245796E+02   0.631732E+06   0.110916E+03
   615   0.206401E+04   0.254840E+02   0.238313E+02   0.630111E+06   0.111855E+03
   616   0.205522E+04   0.257947E+02   0.230506E+02   0.628497E+06   0.112797E+03
   617   0.204650E+04   0.261044E+02   0.222377E+02   0.626888E+06   0.113741E+03
   618   0.203786E+04   0.264129E+02   0.213929E+02   0.625286E+06   0.114688E+03
   619   0.202930E+04   0.267199E+02   0.205166E+02   0.623690E+06   0.115637E+03
   620   0.202084E+04   0.270256E+02   0.196092E+02   0.622099E+06   0.116588E+03
   621   0.201247E+04   0.273297E+02   0.186709E+02   0.620515E+06   0.117540E+03
   622   0.200421E+04   0.276320E+02   0.177021E+02   0.618937E+06   0.118494E+03
   623   0.199604E+04   0.279325E+02   0.167032E+02   0.617365E+06   0.119450E+03
   624   0.198798E+04   0.282311E+02   0.156745E+02   0.615799E+06   0.120406E+03
   625   0.198003E+04   0.285276E+02   0.146164E+02   0.614239E+06   0.121364E+03
   626   0.197220E+04   0.288219E+02   0.135292E+02   0.612684E+06   0.122322E+03
   627   0.196448E+04   0.291138E+02   0.124133E+02   0.611136E+06   0.123282E+03
   628   0.195689E+04   0.294032E+02   0.112691E+02   0.609593E+06   0.124241E+03
   629   0.194942E+04   0.296900E+02   0.100971E+02   0.608056E+06   0.125201E+03
   630   0.194208E+04   0.299742E+02   0.889784E+01   0.606525E+06   0.126161E+03
   631   0.193487E+04   0.302554E+02   0.767169E+01   0.605000E+06   0.127120E+03
   632   0.192780E+04   0.305338E+02   0.641923E+01   0.603480E+06   0.128080E+03
   633   0.192087E+04   0.308091E+02   0.514083E+01   0.601966E+06   0.129039E+03
   634   0.191408E+04   0.310812E+02   0.383707E+01   0.600458E+06   0.129997E+03
   635   0.190744E+04   0.313500E+02   0.250849E+01   0.598955E+06   0.130954E+03
   636   0.190095E+04   0.316154E+02   0.115563E+01   0.597458E+06   0.131910E+03
   637   0.189461E+04   0.318773E+02  -0.220958E+00   0.595967E+06   0.132865E+03
   638   0.188843E+04   0.321355E+02  -0.162069E+01   0.594481E+06   0.133818E+03
   639   0.188241E+04   0.323901E+02  -0.304302E+01   0.593001E+06   0.134770E+03
   640   0.187654E+04   0.326407E+02  -0.448738E+01   0.591526E+06   0.135720E+03
   641   0.187085E+04   0.328875E+02  -0.595319E+01   0.590056E+06   0.136667E+03
   642   0.186531E+04   0.331301E+02  -0.743982E+01   0.588593E+06   0.137613E+03
   643   0.185996E+04   0.333686E+02  -0.894660E+01   0.587134E+06   0.138556E+03
   644   0.185477E+04   0.336028E+02  -0.104729E+02   0.585681E+06   0.139496E+03
   645   0.184975E+04   0.338326E+02  -0.120180E+02   0.584233E+06   0.140434E+03
   646   0.184492E+04   0.340578E+02  -0.135814E+02   0.582791E+06   0.141369E+03
   647   0.184027E+04   0.342784E+02  -0.151623E+02   0.581353E+06   0.142300E+03
   648   0.183579E+04   0.344942E+02  -0.167601E+02   0.579922E+06   0.143228E+03
   649   0.183150E+04   0.347053E+02  -0.183740E+02   0.578495E+06   0.144153E+03
   650   0.182740E+04   0.349113E+02  -0.200034E+02   0.577074E+06   0.145073E+03
   651   0.182348E+04   0.351125E+02  -0.216476E+02   0.575657E+06   0.145990E+03
   652   0.181975E+04   0.353086E+02  -0.233057E+02   0.574246E+06   0.146903E+03
   653   0.181621E+04   0.354997E+02  -0.249773E+02   0.572840E+06   0.147811E+03
   654   0.181287E+04   0.356857E+02  -0.266617E+02   0.571440E+06   0.148715E+03
   655   0.180973E+04   0.358664E+02  -0.283581E+02   0.570044E+06   0.149615E+03
   656   0.180678E+04   0.360419E+02  -0.300657E+02   0.568653E+06   0.150511E+03
   657   0.180402E+04   0.362120E+02  -0.317841E+02   0.567268E+06   0.151402E+03
   658   0.180147E+04   0.363768E+02  -0.335122E+02   0.565887E+06   0.152288E+03
   659   0.179912E+04   0.365361E+02  -0.352495E+02   0.564512E+06   0.153170E+03
   660   0.179696E+04   0.366898E+02  -0.369953E+02   0.563141E+06   0.154047E+03
   661   0.179501E+04   0.368379E+02  -0.387488E+02   0.561775E+06   0.154919E+03
   662   0.179326E+04   0.369803E+02  -0.405092E+02   0.560415E+06   0.155786E+03
   663   0.179171E+04   0.371169E+02  -0.422758E+02   0.559059E+06   0.156648E+03
   664   0.179037E+04   0.372478E+02  -0.440479E+02   0.557708E+06   0.157505E+03
   665   0.178923E+04   0.373727E+02  -0.458247E+02   0.556362E+06   0.158356E+03
   666   0.178828E+04   0.374918E+02  -0.476055E+02   0.555021E+06   0.159203E+03
   667   0.178755E+04   0.376050E+02  -0.493894E+02   0.553685E+06   0.160044E+03
   668   0.178702E+04   0.377122E+02  -0.511757E+02   0.552353E+06   0.160879E+03
   669   0.178669E+04   0.378132E+02  -0.529638E+02   0.551026E+06   0.161709E+03
   670   0.178657E+04   0.379083E+02  -0.547527E+02   0.549704E+06   0.162533E+03
   671   0.178665E+04   0.379972E+02  -0.565418E+02   0.548387E+06   0.163351E+03
   672   0.178693E+04   0.380800E+02  -0.583303E+02   0.547075E+06   0.164164E+03
   673   0.178742E+04   0.381566E+02  -0.601174E+02   0.545767E+06   0.164970E+03
   674   0.178811E+04   0.382271E+02  -0.619024E+02   0.544464E+06   0.165770E+03
   675   0.178900E+04   0.382913E+02  -0.636845E+02   0.543165E+06   0.166565E+03
   676   0.179010E+04   0.383492E+02  -0.654628E+02   0.541871E+06   0.167353E+03
   677   0.179140E+04   0.384009E+02  -0.672368E+02   0.540582E+06   0.168134E+03
   678   0.179289E+04   0.384462E+02  -0.690054E+02   0.539297E+06   0.168910E+03
   679   0.179459E+04   0.384852E+02  -0.707678E+02   0.538017E+06   0.169678E+03
   680   0.179648E+04   0.385178E+02  -0.725234E+02   0.536741E+06   0.170441E+03
   681   0.179857E+04   0.385439E+02  -0.742711E+02   0.535470E+06   0.171196E+03
   682   0.180085E+04   0.385636E+02  -0.760103E+02   0.534203E+06   0.171945E+03
   683   0.180332E+04   0.385768E+02  -0.777401E+02   0.532941E+06   0.172686E+03
   684   0.180600E+04   0.385834E+02  -0.794598E+02   0.531683E+06   0.173421E+03
   685   0.180885E+04   0.385838E+02  -0.811686E+02   0.530429E+06   0.174149E+03
   686   0.181190E+04   0.385776E+02  -0.828656E+02   0.529180E+06   0.174870E+03
   687   0.181513E+04   0.385652E+02  -0.845508E+02   0.527936E+06   0.175583E+03
   688   0.181856E+04   0.385463E+02  -0.862234E+02   0.526695E+06   0.176289E+03
   689   0.182217E+04   0.385212E+02  -0.878820E+02   0.525459E+06   0.176988E+03
   690   0.182596E+04   0.384899E+02  -0.895258E+02   0.524228E+06   0.177679E+03
   691   0.182993E+04   0.384523E+02  -0.911547E+02   0.523000E+06   0.178362E+03
   692   0.183409E+04   0.384085E+02  -0.927681E+02   0.521777E+06   0.179038E+03
   693   0.183842E+04   0.383584E+02  -0.943652E+02   0.520558E+06   0.179706E+03
   694   0.184292E+04   0.383022E+02  -0.959445E+02   0.519343E+06   0.180367E+03
   695   0.184760E+04   0.382398E+02  -0.975059E+02   0.518133E+06   0.181019E+03
   696   0.185244E+04   0.381711E+02  -0.990480E+02   0.516926E+06   0.181663E+03
   697   0.185745E+04   0.380963E+02  -0.100571E+03   0.515724E+06   0.182299E+03
   698   0.186262E+04   0.380154E+02  -0.102073E+03   0.514526E+06   0.182927E+03
   699   0.186796E+04   0.379284E+02  -0.103554E+03   0.513331E+06   0.183546E+03
   700   0.187346E+04   0.378354E+02  -0.105013E+03   0.512141E+06   0.184157E+03
   701   0.187910E+04   0.377364E+02  -0.106450E+03   0.510955E+06   0.184760E+03
   702   0.188490E+04   0.376315E+02  -0.107864E+03   0.509773E+06   0.185354E+03
   703   0.189084E+04   0.375206E+02  -0.109255E+03   0.508595E+06   0.185939E+03
   704   0.189695E+04   0.374039E+02  -0.110621E+03   0.507421E+06   0.186515E+03
   705   0.190318E+04   0.372815E+02  -0.111963E+03   0.506251E+06   0.187082E+03
   706   0.190956E+04   0.371533E+02  -0.113279E+03   0.505085E+06   0.187641E+03
   707   0.191608E+04   0.370196E+02  -0.114569E+03   0.503923E+06   0.188190E+03
   708   0.192272E+04   0.368802E+02  -0.115833E+03   0.502765E+06   0.188730E+03
   709   0.192950E+04   0.367353E+02  -0.117069E+03   0.501611E+06   0.189260E+03
   710   0.193641E+04   0.365850E+02  -0.118279E+03   0.500460E+06   0.189782E+03
   711   0.194343E+04   0.364293E+02  -0.119460E+03   0.499314E+06   0.190293E+03
   712   0.195059E+04   0.362684E+02  -0.120612E+03   0.498171E+06   0.190795E+03
   713   0.195785E+04   0.361021E+02  -0.121736E+03   0.497032E+06   0.191287E+03
   714   0.196523E+04   0.359307E+02  -0.122829E+03   0.495897E+06   0.191769E+03
   715   0.197272E+04   0.357542E+02  -0.123892E+03   0.494766E+06   0.192241E+03
   716   0.198031E+04   0.355726E+02  -0.124926E+03   0.493639E+06   0.192703E+03
   717   0.198800E+04   0.353860E+02  -0.125927E+03   0.492515E+06   0.193155E+03
   718   0.199579E+04   0.351944E+02  -0.126896E+03   0.491395E+06   0.193596E+03
   719   0.200367E+04   0.349981E+02  -0.127833E+03   0.490279E+06   0.194027E+03
   720   0.201164E+04   0.347969E+02  -0.128738E+03   0.489166E+06   0.194448E+03
   721   0.201969E+04   0.345913E+02  -0.129610E+03   0.488057E+06   0.194858E+03
   722   0.202782E+04   0.343811E+02  -0.130448E+03   0.486952E+06   0.195257E+03
   723   0.203604E+04   0.341666E+02  -0.131254E+03   0.485851E+06   0.195645E+03
   724   0.204433E+04   0.339479E+02  -0.132026E+03   0.484753E+06   0.196022E+03
   725   0.205270E+04   0.337251E+02  -0.132764E+03   0.483658E+06   0.196388E+03
   726   0.206113E+04   0.334982E+02  -0.133467E+03   0.482568E+06   0.196743E+03
   727   0.206963E+04   0.332675E+02  -0.134136E+03   0.481481E+06   0.197087E+03
   728   0.207820E+04   0.330328E+02  -0.134770E+03   0.480397E+06   0.197419E+03
   729   0.208681E+04   0.327946E+02  -0.135368E+03   0.479317E+06   0.197740E+03
   730   0.209548E+04   0.325526E+02  -0.135931E+03   0.478241E+06   0.198049E+03
   731   0.210421E+04   0.323072E+02  -0.136459E+03   0.477168E+06   0.198346E+03
   732   0.211296E+04   0.320582E+02  -0.136949E+03   0.476098E+06   0.198632E+03
   733   0.212177E+04   0.318061E+02  -0.137403E+03   0.475032E+06   0.198905E+03
   734   0.213060E+04   0.315507E+02  -0.137820E+03   0.473970E+06   0.199167E+03
   735   0.213946E+04   0.312922E+02  -0.138200E+03   0.472911E+06   0.199416E+03
   736   0.214836E+04   0.310309E+02  -0.138543E+03   0.471855E+06   0.199653E+03
   737   0.215726E+04   0.307667E+02  -0.138848E+03   0.470803E+06   0.199878E+03
   738   0.216619E+04   0.304998E+02  -0.139115E+03   0.469754E+06   0.200090E+03
   739   0.217513E+04   0.302303E+02  -0.139345E+03   0.468709E+06   0.200290E+03
   740   0.218407E+04   0.299584E+02  -0.139536E+03   0.467667E+06   0.200477E+03
   741   0.219301E+04   0.296843E+02  -0.139689E+03   0.466628E+06   0.200651E+03
   742   0.220195E+04   0.294079E+02  -0.139804E+03   0.465592E+06   0.200813E+03
   743   0.221089E+04   0.291296E+02  -0.139881E+03   0.464560E+06   0.200961E+03
   744   0.221981E+04   0.288494E+02  -0.139919E+03   0.463531E+06   0.201096E+03
   745   0.222870E+04   0.285674E+02  -0.139918E+03   0.462506E+06   0.201218E+03
   746   0.223758E+04   0.282839E+02  -0.139880E+03   0.461484E+06   0.201327E+03
   747   0.224642E+04   0.279989E+02  -0.139802E+03   0.460464E+06   0.201422E+03
   748   0.225524E+04   0.277125E+02  -0.139686E+03   0.459449E+06   0.201504E+03
   749   0.226401E+04   0.274250E+02  -0.139532E+03   0.458436E+06   0.201572E+03
   750   0.227275E+04   0.271363E+02  -0.139339E+03   0.457426E+06   0.201626E+03
   751   0.228144E+04   0.268467E+02  -0.139108E+03   0.456420E+06   0.201666E+03
   752   0.229007E+04   0.265562E+02  -0.138837E+03   0.455417E+06   0.201693E+03
   753   0.229865E+04   0.262650E+02  -0.138529E+03   0.454417E+06   0.201706E+03
   754   0.230718E+04   0.259732E+02  -0.138182E+03   0.453420E+06   0.201706E+03
   755   0.231564E+04   0.256810E+02  -0.137797E+03   0.452426E+06   0.201692E+03
   756   0.232403E+04   0.253885E+02  -0.137375E+03   0.451435E+06   0.201665E+03
   757   0.233237E+04   0.250959E+02  -0.136914E+03   0.450447E+06   0.201625E+03
   758   0.234063E+04   0.248031E+02  -0.136417E+03   0.449463E+06   0.201573E+03
   759   0.234883E+04   0.245106E+02  -0.135882E+03   0.448481E+06   0.201507E+03
   760   0.235695E+04   0.242184E+02  -0.135311E+03   0.447503E+06   0.201429E+03
   761   0.236499E+04   0.239266E+02  -0.134702E+03   0.446527E+06   0.201338E+03
   762   0.237294E+04   0.236352E+02  -0.134057E+03   0.445555E+06   0.201235E+03
   763   0.238081E+04   0.233445E+02  -0.133375E+03   0.444585E+06   0.201120E+03
   764   0.238859E+04   0.230546E+02  -0.132657E+03   0.443619E+06   0.200992E+03
   765   0.239626E+04   0.227655E+02  -0.131902E+03   0.442655E+06   0.200853E+03
   766   0.240384E+04   0.224775E+02  -0.131111E+03   0.441695E+06   0.200702E+03
   767   0.241130E+04   0.221904E+02  -0.130284E+03   0.440737E+06   0.200539E+03
   768   0.241866E+04   0.219047E+02  -0.129420E+03   0.439782E+06   0.200365E+03
   769   0.242588E+04   0.216204E+02  -0.128521E+03   0.438831E+06   0.200179E+03
   770   0.243300E+04   0.213376E+02  -0.127587E+03   0.437882E+06   0.199982E+03
   771   0.243999E+04   0.210564E+02  -0.126619E+03   0.436936E+06   0.199774E+03
   772   0.244684E+04   0.207772E+02  -0.125616E+03   0.435993E+06   0.199555E+03
   773   0.245357E+04   0.204999E+02  -0.124580E+03   0.435053E+06   0.199325E+03
   774   0.246015E+04   0.202248E+02  -0.123511E+03   0.434115E+06   0.199085E+03
   775   0.246660E+04   0.199518E+02  -0.122409E+03   0.433181E+06   0.198834E+03
   776   0.247291E+04   0.196813E+02  -0.121276E+03   0.432249E+06   0.198572E+03
   777   0.247907E+04   0.194132E+02  -0.120110E+03   0.431320E+06   0.198300E+03
   778   0.248510E+04   0.191478E+02  -0.118914E+03   0.430394E+06   0.198018E+03
   779   0.249099E+04   0.188851E+02  -0.117687E+03   0.429471E+06   0.197726E+03
   780   0.249673E+04   0.186252E+02  -0.116431E+03   0.428551E+06   0.197424E+03
   781   0.250232E+04   0.183683E+02  -0.115145E+03   0.427633E+06   0.197113E+03
   782   0.250777E+04   0.181144E+02  -0.113830E+03   0.426718E+06   0.196791E+03
   783   0.251306E+04   0.178638E+02  -0.112486E+03   0.425806E+06   0.196461E+03
   784   0.251819E+04   0.176164E+02  -0.111114E+03   0.424896E+06   0.196120E+03
   785   0.252316E+04   0.173723E+02  -0.109714E+03   0.423989E+06   0.195771E+03
   786   0.252796E+04   0.171318E+02  -0.108285E+03   0.423085E+06   0.195413E+03
   787   0.253258E+04   0.168948E+02  -0.106829E+03   0.422184E+06   0.195046E+03
   788   0.253703E+04   0.166615E+02  -0.105344E+03   0.421285E+06   0.194670E+03
   789   0.254129E+04   0.164321E+02  -0.103834E+03   0.420389E+06   0.194285E+03
   790   0.254537E+04   0.162066E+02  -0.102297E+03   0.419496E+06   0.193892E+03
   791   0.254926E+04   0.159853E+02  -0.100736E+03   0.418605E+06   0.193490E+03
   792   0.255297E+04   0.157683E+02  -0.991503E+02   0.417717E+06   0.193080E+03
   793   0.255648E+04   0.155557E+02  -0.975420E+02   0.416831E+06   0.192662E+03
   794   0.255981E+04   0.153477E+02  -0.959117E+02   0.415948E+06   0.192237E+03
   795   0.256294E+04   0.151444E+02  -0.942609E+02   0.415068E+06   0.191803E+03
   796   0.256588E+04   0.149458E+02  -0.925889E+02   0.414190E+06   0.191362E+03
   797   0.256863E+04   0.147520E+02  -0.908973E+02   0.413314E+06   0.190913E+03
   798   0.257118E+04   0.145632E+02  -0.891861E+02   0.412442E+06   0.190456E+03
   799   0.257355E+04   0.143793E+02  -0.874562E+02   0.411572E+06   0.189993E+03
   800   0.257572E+04   0.142004E+02  -0.857068E+02   0.410704E+06   0.189522E+03
   801   0.257769E+04   0.140265E+02  -0.839404E+02   0.409839E+06   0.189044E+03
   802   0.257947E+04   0.138577E+02  -0.821560E+02   0.408976E+06   0.188560E+03
   803   0.258105E+04   0.136941E+02  -0.803546E+02   0.408116E+06   0.188068E+03
   804   0.258243E+04   0.135358E+02  -0.785375E+02   0.407258E+06   0.187570E+03
   805   0.258361E+04   0.133830E+02  -0.767041E+02   0.406403E+06   0.187065E+03
   806   0.258457E+04   0.132356E+02  -0.748566E+02   0.405550E+06   0.186553E+03
   807   0.258531E+04   0.130939E+02  -0.729935E+02   0.404699E+06   0.186034E+03
   808   0.258584E+04   0.129580E+02  -0.711179E+02   0.403851E+06   0.185509E+03
   809   0.258614E+04   0.128278E+02  -0.692289E+02   0.403006E+06   0.184977E+03
   810   0.258622E+04   0.127035E+02  -0.673273E+02   0.402163E+06   0.184439E+03
   811   0.258608E+04   0.125852E+02  -0.654148E+02   0.401322E+06   0.183894E+03
   812   0.258574E+04   0.124727E+02  -0.634921E+02   0.400483E+06   0.183343E+03
   813   0.258517E+04   0.123662E+02  -0.615601E+02   0.399647E+06   0.182785E+03
   814   0.258441E+04   0.122657E+02  -0.596198E+02   0.398814E+06   0.182221E+03
   815   0.258344E+04   0.121712E+02  -0.576719E+02   0.397983E+06   0.181651E+03
   816   0.258228E+04   0.120827E+02  -0.557176E+02   0.397154E+06   0.181074E+03
   817   0.258091E+04   0.120003E+02  -0.537571E+02   0.396327E+06   0.180492E+03
   818   0.257934E+04   0.119241E+02  -0.517909E+02   0.395503E+06   0.179903E+03
   819   0.257756E+04   0.118540E+02  -0.498194E+02   0.394681E+06   0.179308E+03
   820   0.257556E+04   0.117903E+02  -0.478430E+02   0.393862E+06   0.178707E+03
   821   0.257333E+04   0.117328E+02  -0.458621E+02   0.393044E+06   0.178100E+03
   822   0.257088E+04   0.116817E+02  -0.438770E+02   0.392229E+06   0.177487E+03
   823   0.256820E+04   0.116370E+02  -0.418882E+02   0.391417E+06   0.176869E+03
   824   0.256529E+04   0.115988E+02  -0.398968E+02   0.390606E+06   0.176244E+03
   825   0.256216E+04   0.115669E+02  -0.379041E+02   0.389798E+06   0.175614E+03
   826   0.255882E+04   0.115416E+02  -0.359111E+02   0.388992E+06   0.174978E+03
   827   0.255528E+04   0.115226E+02  -0.339191E+02   0.388189E+06   0.174337E+03
   828   0.255152E+04   0.115102E+02  -0.319292E+02   0.387387E+06   0.173689E+03
   829   0.254757E+04   0.115041E+02  -0.299426E+02   0.386588E+06   0.173037E+03
   830   0.254343E+04   0.115046E+02  -0.279603E+02   0.385791E+06   0.172378E+03
   831   0.253910E+04   0.115116E+02  -0.259828E+02   0.384997E+06   0.171714E+03
   832   0.253457E+04   0.115250E+02  -0.240106E+02   0.384204E+06   0.171045E+03
   833   0.252983E+04   0.115449E+02  -0.220440E+02   0.383414E+06   0.170371E+03
   834   0.252490E+04   0.115714E+02  -0.200832E+02   0.382626E+06   0.169691E+03
   835   0.251975E+04   0.116044E+02  -0.181288E+02   0.381840E+06   0.169006E+03
   836   0.251439E+04   0.116440E+02  -0.161809E+02   0.381056E+06   0.168316E+03
   837   0.250881E+04   0.116902E+02  -0.142403E+02   0.380274E+06   0.167620E+03
   838   0.250303E+04   0.117429E+02  -0.123076E+02   0.379495E+06   0.166920E+03
   839   0.249703E+04   0.118021E+02  -0.103840E+02   0.378718E+06   0.166214E+03
   840   0.249085E+04   0.118678E+02  -0.847042E+01   0.377942E+06   0.165503E+03
   841   0.248446E+04   0.119398E+02  -0.656791E+01   0.377169E+06   0.164788E+03
   842   0.247790E+04   0.120182E+02  -0.467742E+01   0.376398E+06   0.164067E+03
   843   0.247114E+04   0.121029E+02  -0.279999E+01   0.375629E+06   0.163342E+03
   844   0.246422E+04   0.121938E+02  -0.936592E+00   0.374862E+06   0.162612E+03
   845   0.245711E+04   0.122909E+02   0.912231E+00   0.374098E+06   0.161877E+03
   846   0.244984E+04   0.123942E+02   0.274575E+01   0.373335E+06   0.161138E+03
   847   0.244238E+04   0.125038E+02   0.456349E+01   0.372574E+06   0.160393E+03
   848   0.243474E+04   0.126197E+02   0.636483E+01   0.371816E+06   0.159645E+03
   849   0.242692E+04   0.127418E+02   0.814920E+01   0.371059E+06   0.158891E+03
   850   0.241890E+04   0.128702E+02   0.991600E+01   0.370305E+06   0.158134E+03
   851   0.241071E+04   0.130048E+02   0.116647E+02   0.369552E+06   0.157371E+03
   852   0.240234E+04   0.131456E+02   0.133948E+02   0.368802E+06   0.156605E+03
   853   0.239379E+04   0.132925E+02   0.151059E+02   0.368053E+06   0.155834E+03
   854   0.238506E+04   0.134452E+02   0.167974E+02   0.367307E+06   0.155059E+03
   855   0.237619E+04   0.136038E+02   0.184691E+02   0.366562E+06   0.154279E+03
   856   0.236714E+04   0.137681E+02   0.201203E+02   0.365820E+06   0.153496E+03
   857   0.235795E+04   0.139380E+02   0.217507E+02   0.365079E+06   0.152709E+03
   858   0.234861E+04   0.141134E+02   0.233597E+02   0.364341E+06   0.151918E+03
   859   0.233913E+04   0.142942E+02   0.249466E+02   0.363604E+06   0.151123E+03
   860   0.232951E+04   0.144805E+02   0.265107E+02   0.362869E+06   0.150324E+03
   861   0.231975E+04   0.146722E+02   0.280509E+02   0.362137E+06   0.149521E+03
   862   0.230984E+04   0.148692E+02   0.295666E+02   0.361406E+06   0.148715E+03
   863   0.229980E+04   0.150716E+02   0.310570E+02   0.360677E+06   0.147905E+03
   864   0.228963E+04   0.152794E+02   0.325212E+02   0.359950E+06   0.147092E+03
   865   0.227932E+04   0.154924E+02   0.339585E+02   0.359225E+06   0.146275E+03
   866   0.226890E+04   0.157105E+02   0.353687E+02   0.358502E+06   0.145455E+03
   867   0.225833E+04   0.159338E+02   0.367517E+02   0.357781E+06   0.144632E+03
   868   0.224764E+04   0.161620E+02   0.381073E+02   0.357062E+06   0.143806E+03
   869   0.223683E+04   0.163951E+02   0.394356E+02   0.356345E+06   0.142976E+03
   870   0.222588E+04   0.166330E+02   0.407363E+02   0.355629E+06   0.142144E+03
   871   0.221482E+04   0.168756E+02   0.420093E+02   0.354916E+06   0.141308E+03
   872   0.220365E+04   0.171226E+02   0.432546E+02   0.354204E+06   0.140470E+03
   873   0.219236E+04   0.173741E+02   0.444715E+02   0.353494E+06   0.139628E+03
   874   0.218096E+04   0.176298E+02   0.456597E+02   0.352786E+06   0.138784E+03
   875   0.216946E+04   0.178898E+02   0.468186E+02   0.352080E+06   0.137938E+03
   876   0.215786E+04   0.181538E+02   0.479478E+02   0.351376E+06   0.137088E+03
   877   0.214616E+04   0.184217E+02   0.490466E+02   0.350673E+06   0.136236E+03
   878   0.213439E+04   0.186934E+02   0.501147E+02   0.349973E+06   0.135382E+03
   879   0.212253E+04   0.189688E+02   0.511514E+02   0.349274E+06   0.134525E+03
   880   0.211060E+04   0.192477E+02   0.521565E+02   0.348577E+06   0.133666E+03
   881   0.209859E+04   0.195301E+02   0.531293E+02   0.347882E+06   0.132805E+03
   882   0.208651E+04   0.198159E+02   0.540696E+02   0.347188E+06   0.131942E+03
   883   0.207436E+04   0.201049E+02   0.549768E+02   0.346497E+06   0.131076E+03
   884   0.206213E+04   0.203973E+02   0.558505E+02   0.345807E+06   0.130209E+03
   885   0.204984E+04   0.206927E+02   0.566903E+02   0.345119E+06   0.129340E+03
   886   0.203748E+04   0.209911E+02   0.574959E+02   0.344433E+06   0.128468E+03
   887   0.202506E+04   0.212924E+02   0.582670E+02   0.343749E+06   0.127595E+03
   888   0.201259E+04   0.215966E+02   0.590038E+02   0.343066E+06   0.126720E+03
   889   0.200006E+04   0.219033E+02   0.597063E+02   0.342385E+06   0.125844E+03
   890   0.198748E+04   0.222125E+02   0.603744E+02   0.341706E+06   0.124966E+03
   891   0.197485E+04   0.225241E+02   0.610083E+02   0.341028E+06   0.124086E+03
   892   0.196219E+04   0.228379E+02   0.616077E+02   0.340353E+06   0.123206E+03
   893   0.194948E+04   0.231539E+02   0.621728E+02   0.339679E+06   0.122323E+03
   894   0.193674E+04   0.234717E+02   0.627035E+02   0.339007E+06   0.121440E+03
   895   0.192397E+04   0.237914E+02   0.631997E+02   0.338336E+06   0.120555E+03
   896   0.191117E+04   0.241127E+02   0.636613E+02   0.337667E+06   0.119669E+03
   897   0.189835E+04   0.244355E+02   0.640882E+02   0.337000E+06   0.118782E+03
   898   0.188551E+04   0.247596E+02   0.644803E+02   0.336335E+06   0.117894E+03
   899   0.187266E+04   0.250848E+02   0.648376E+02   0.335671E+06   0.117005E+03
   900   0.185980E+04   0.254111E+02   0.651600E+02   0.335009E+06   0.116115E+03
   901   0.184693E+04   0.257382E+02   0.654474E+02   0.334349E+06   0.115225E+03
   902   0.183407E+04   0.260661E+02   0.656998E+02   0.333690E+06   0.114334E+03
   903   0.182120E+04   0.263946E+02   0.659171E+02   0.333033E+06   0.113442E+03
   904   0.180835E+04   0.267237E+02   0.660992E+02   0.332378E+06   0.112550E+03
   905   0.179550E+04   0.270531E+02   0.662463E+02   0.331724E+06   0.111657E+03
   906   0.178267E+04   0.273828E+02   0.663581E+02   0.331072E+06   0.110764E+03
   907   0.176986E+04   0.277126E+02   0.664346E+02   0.330421E+06   0.109870E+03
   908   0.175707E+04   0.280424E+02   0.664761E+02   0.329772E+06   0.108977E+03
   909   0.174431E+04   0.283721E+02   0.664826E+02   0.329125E+06   0.108083E+03
   910   0.173157E+04   0.287016E+02   0.664542E+02   0.328480E+06   0.107189E+03
   911   0.171887E+04   0.290308E+02   0.663910E+02   0.327836E+06   0.106296E+03
   912   0.170620E+04   0.293595E+02   0.662932E+02   0.327194E+06   0.105402E+03
   913   0.169358E+04   0.296877E+02   0.661610E+02   0.326553E+06   0.104509E+03
   914   0.168099E+04   0.300151E+02   0.659945E+02   0.325914E+06   0.103615E+03
   915   0.166845E+04   0.303417E+02   0.657937E+02   0.325276E+06   0.102723E+03
   916   0.165596E+04   0.306675E+02   0.655590E+02   0.324640E+06   0.101830E+03
   917   0.164351E+04   0.309920E+02   0.652905E+02   0.324006E+06   0.100938E+03
   918   0.163112E+04   0.313154E+02   0.649884E+02   0.323374E+06   0.100047E+03
   919   0.161878E+04   0.316373E+02   0.646529E+02   0.322742E+06   0.991564E+02
   920   0.160651E+04   0.319578E+02   0.642842E+02   0.322113E+06   0.982666E+02
   921   0.159429E+04   0.322766E+02   0.638825E+02   0.321485E+06   0.973776E+02
   922   0.158213E+04   0.325937E+02   0.634482E+02   0.320858E+06   0.964895E+02
   923   0.157006E+04   0.329089E+02   0.629816E+02   0.320234E+06   0.956023E+02
   924   0.155804E+04   0.332221E+02   0.624832E+02   0.319610E+06   0.947163E+02
   925   0.154611E+04   0.335331E+02   0.619534E+02   0.318989E+06   0.938314E+02
   926   0.153425E+04   0.338420E+02   0.613926E+02   0.318368E+06   0.929478E+02
   927   0.152247E+04   0.341484E+02   0.608012E+02   0.317750E+06   0.920654E+02
   928   0.151079E+04   0.344523E+02   0.601795E+02   0.317133E+06   0.911845E+02
   929   0.149919E+04   0.347537E+02   0.595280E+02   0.316517E+06   0.903050E+02
   930   0.148768E+04   0.350522E+02   0.588469E+02   0.315903E+06   0.894270E+02
   931   0.147627E+04   0.353479E+02   0.581367E+02   0.315291E+06   0.885507E+02
   932   0.146495E+04   0.356406E+02   0.573975E+02   0.314680E+06   0.876762E+02
   933   0.145374E+04   0.359302E+02   0.566299E+02   0.314070E+06   0.868034E+02
   934   0.144262E+04   0.362165E+02   0.558341E+02   0.313462E+06   0.859324E+02
   935   0.143161E+04   0.364994E+02   0.550105E+02   0.312856E+06   0.850635E+02
   936   0.142070E+04   0.367787E+02   0.541594E+02   0.312251E+06   0.841965E+02
   937   0.140991E+04   0.370544E+02   0.532814E+02   0.311647E+06   0.833317E+02
   938   0.139922E+04   0.373264E+02   0.523769E+02   0.311045E+06   0.824690E+02
   939   0.138865E+04   0.375944E+02   0.514463E+02   0.310445E+06   0.816087E+02
   940   0.137820E+04   0.378584E+02   0.504902E+02   0.309846E+06   0.807506E+02
   941   0.136786E+04   0.381184E+02   0.495088E+02   0.309248E+06   0.798950E+02
   942   0.135765E+04   0.383742E+02   0.485027E+02   0.308652E+06   0.790420E+02
   943   0.134756E+04   0.386255E+02   0.474724E+02   0.308057E+06   0.781915E+02
   944   0.133759E+04   0.388725E+02   0.464185E+02   0.307464E+06   0.773437E+02
   945   0.132775E+04   0.391149E+02   0.453415E+02   0.306872E+06   0.764986E+02
   946   0.131804E+04   0.393527E+02   0.442418E+02   0.306282E+06   0.756563E+02
   947   0.130847E+04   0.395857E+02   0.431202E+02   0.305693E+06   0.748170E+02
   948   0.129903E+04   0.398140E+02   0.419771E+02   0.305106E+06   0.739807E+02
   949   0.128972E+04   0.400373E+02   0.408130E+02   0.304520E+06   0.731474E+02
   950   0.128055E+04   0.402556E+02   0.396286E+02   0.303935E+06   0.723173E+02
   951   0.127153E+04   0.404688E+02   0.384242E+02   0.303352E+06   0.714904E+02
   952   0.126264E+04   0.406767E+02   0.372005E+02   0.302770E+06   0.706668E+02
   953   0.125390E+04   0.408794E+02   0.359579E+02   0.302190E+06   0.698464E+02
   954   0.124529E+04   0.410767E+02   0.346970E+02   0.301611E+06   0.690294E+02
   955   0.123683E+04   0.412684E+02   0.334181E+02   0.301034E+06   0.682158E+02
   956   0.122852E+04   0.414547E+02   0.321220E+02   0.300458E+06   0.674056E+02
   957   0.122036E+04   0.416353E+02   0.308090E+02   0.299883E+06   0.665989E+02
   958   0.121235E+04   0.418103E+02   0.294800E+02   0.299310E+06   0.657956E+02
   959   0.120448E+04   0.419795E+02   0.281357E+02   0.298738E+06   0.649959E+02
   960   0.119677E+04   0.421431E+02   0.267765E+02   0.298167E+06   0.641997E+02
   961   0.118921E+04   0.423009E+02   0.254033E+02   0.297598E+06   0.634071E+02
   962   0.118181E+04   0.424529E+02   0.240166E+02   0.297030E+06   0.626181E+02
   963   0.117456E+04   0.425990E+02   0.226172E+02   0.296464E+06   0.618328E+02
   964   0.116747E+04   0.427392E+02   0.212055E+02   0.295899E+06   0.610512E+02
   965   0.116053E+04   0.428735E+02   0.197822E+02   0.295335E+06   0.602734E+02
   966   0.115375E+04   0.430017E+02   0.183479E+02   0.294773E+06   0.594993E+02
   967   0.114713E+04   0.431239E+02   0.169031E+02   0.294212E+06   0.587291E+02
   968   0.114066E+04   0.432399E+02   0.154485E+02   0.293652E+06   0.579627E+02
   969   0.113436E+04   0.433498E+02   0.139845E+02   0.293094E+06   0.572001E+02
   970   0.112822E+04   0.434533E+02   0.125118E+02   0.292537E+06   0.564415E+02
   971   0.112223E+04   0.435506E+02   0.110310E+02   0.291982E+06   0.556869E+02
   972   0.111640E+04   0.436416E+02   0.954276E+01   0.291427E+06   0.549363E+02
   973   0.111073E+04   0.437262E+02   0.804769E+01   0.290875E+06   0.541897E+02
   974   0.110523E+04   0.438046E+02   0.654644E+01   0.290323E+06   0.534471E+02
   975   0.109988E+04   0.438765E+02   0.503976E+01   0.289773E+06   0.527087E+02
   976   0.109469E+04   0.439421E+02   0.352811E+01   0.289224E+06   0.519744E+02
   977   0.108966E+04   0.440011E+02   0.201233E+01   0.288676E+06   0.512443E+02
   978   0.108480E+04   0.440538E+02   0.492860E+00   0.288130E+06   0.505184E+02
   979   0.108009E+04   0.441001E+02  -0.102958E+01   0.287585E+06   0.497968E+02
   980   0.107555E+04   0.441399E+02  -0.255440E+01   0.287042E+06   0.490794E+02
   981   0.107116E+04   0.441733E+02  -0.408102E+01   0.286499E+06   0.483664E+02
   982   0.106693E+04   0.442002E+02  -0.560880E+01   0.285958E+06   0.476577E+02
   983   0.106286E+04   0.442207E+02  -0.713713E+01   0.285418E+06   0.469534E+02
   984   0.105895E+04   0.442348E+02  -0.866543E+01   0.284880E+06   0.462536E+02
   985   0.105519E+04   0.442424E+02  -0.101931E+02   0.284343E+06   0.455582E+02
   986   0.105159E+04   0.442435E+02  -0.117197E+02   0.283807E+06   0.448674E+02
   987   0.104816E+04   0.442381E+02  -0.132445E+02   0.283272E+06   0.441810E+02
   988   0.104487E+04   0.442262E+02  -0.147671E+02   0.282739E+06   0.434993E+02
   989   0.104175E+04   0.442079E+02  -0.162869E+02   0.282207E+06   0.428222E+02
   990   0.103877E+04   0.441829E+02  -0.178033E+02   0.281676E+06   0.421497E+02
   991   0.103595E+04   0.441514E+02  -0.193159E+02   0.281147E+06   0.414819E+02
   992   0.103329E+04   0.441134E+02  -0.208239E+02   0.280619E+06   0.408189E+02
   993   0.103078E+04   0.440689E+02  -0.223266E+02   0.280092E+06   0.401606E+02
   994   0.102842E+04   0.440179E+02  -0.238234E+02   0.279566E+06   0.395071E+02
   995   0.102621E+04   0.439605E+02  -0.253138E+02   0.279041E+06   0.388585E+02
   996   0.102416E+04   0.438968E+02  -0.267968E+02   0.278518E+06   0.382147E+02
   997   0.102225E+04   0.438266E+02  -0.282720E+02   0.277996E+06   0.375758E+02
   998   0.102050E+04   0.437500E+02  -0.297387E+02   0.277475E+06   0.369419E+02
   999   0.101888E+04   0.436671E+02  -0.311960E+02   0.276956E+06   0.363130E+02
  1000   0.101742E+04   0.435779E+02  -0.326433E+02   0.276438E+06   0.356890E+02
  1001   0.101610E+04   0.434824E+02  -0.340799E+02   0.275921E+06   0.350702E+02
  1002   0.101492E+04   0.433806E+02  -0.355050E+02   0.275405E+06   0.344564E+02
  1003   0.101388E+04   0.432725E+02  -0.369181E+02   0.274890E+06   0.338477E+02
  1004   0.101298E+04   0.431580E+02  -0.383184E+02   0.274377E+06   0.332441E+02
  1005   0.101220E+04   0.430374E+02  -0.397054E+02   0.273865E+06   0.326456E+02
  1006   0.101157E+04   0.429106E+02  -0.410786E+02   0.273354E+06   0.320522E+02
  1007   0.101107E+04   0.427778E+02  -0.424379E+02   0.272844E+06   0.314640E+02
  1008   0.101070E+04   0.426393E+02  -0.437830E+02   0.272335E+06   0.308810E+02
  1009   0.101046E+04   0.424951E+02  -0.451135E+02   0.271828E+06   0.303032E+02
  1010   0.101034E+04   0.423455E+02  -0.464293E+02   0.271322E+06   0.297306E+02
  1011   0.101035E+04   0.421906E+02  -0.477299E+02   0.270817E+06   0.291632E+02
  1012   0.101048E+04   0.420305E+02  -0.490152E+02   0.270313E+06   0.286011E+02
  1013   0.101073E+04   0.418651E+02  -0.502849E+02   0.269810E+06   0.280442E+02
  1014   0.101112E+04   0.416946E+02  -0.515383E+02   0.269309E+06   0.274926E+02
  1015   0.101161E+04   0.415188E+02  -0.527752E+02   0.268809E+06   0.269463E+02
  1016   0.101223E+04   0.413376E+02  -0.539951E+02   0.268310E+06   0.264053E+02
  1017   0.101297E+04   0.411511E+02  -0.551978E+02   0.267812E+06   0.258696E+02
  1018   0.101382E+04   0.409590E+02  -0.563826E+02   0.267315E+06   0.253392E+02
  1019   0.101479E+04   0.407616E+02  -0.575492E+02   0.266820E+06   0.248143E+02
  1020   0.101587E+04   0.405588E+02  -0.586969E+02   0.266325E+06   0.242947E+02
  1021   0.101707E+04   0.403509E+02  -0.598252E+02   0.265832E+06   0.237805E+02
  1022   0.101837E+04   0.401380E+02  -0.609333E+02   0.265340E+06   0.232717E+02
  1023   0.101977E+04   0.399203E+02  -0.620205E+02   0.264849E+06   0.227683E+02
  1024   0.102127E+04   0.396980E+02  -0.630864E+02   0.264360E+06   0.222704E+02
  1025   0.102286E+04   0.394712E+02  -0.641300E+02   0.263871E+06   0.217780E+02
  1026   0.102455E+04   0.392401E+02  -0.651509E+02   0.263384E+06   0.212910E+02
  1027   0.102633E+04   0.390048E+02  -0.661492E+02   0.262897E+06   0.208095E+02
  1028   0.102819E+04   0.387654E+02  -0.671248E+02   0.262412E+06   0.203336E+02
  1029   0.103015E+04   0.385219E+02  -0.680780E+02   0.261928E+06   0.198631E+02
  1030   0.103219E+04   0.382743E+02  -0.690087E+02   0.261445E+06   0.193983E+02
  1031   0.103432E+04   0.380229E+02  -0.699173E+02   0.260964E+06   0.189389E+02
  1032   0.103653E+04   0.377676E+02  -0.708037E+02   0.260483E+06   0.184852E+02
  1033   0.103883E+04   0.375085E+02  -0.716680E+02   0.260004E+06   0.180371E+02
  1034   0.104120E+04   0.372456E+02  -0.725097E+02   0.259525E+06   0.175946E+02
  1035   0.104366E+04   0.369793E+02  -0.733282E+02   0.259048E+06   0.171577E+02
  1036   0.104619E+04   0.367097E+02  -0.741229E+02   0.258572E+06   0.167265E+02
  1037   0.104878E+04   0.364368E+02  -0.748932E+02   0.258097E+06   0.163009E+02
  1038   0.105145E+04   0.361608E+02  -0.756386E+02   0.257623E+06   0.158810E+02
  1039   0.105417E+04   0.358820E+02  -0.763585E+02   0.257150E+06   0.154669E+02
  1040   0.105695E+04   0.356002E+02  -0.770523E+02   0.256678E+06   0.150584E+02
  1041   0.105979E+04   0.353158E+02  -0.777200E+02   0.256208E+06   0.146557E+02
  1042   0.106269E+04   0.350286E+02  -0.783615E+02   0.255738E+06   0.142587E+02
  1043   0.106563E+04   0.347388E+02  -0.789767E+02   0.255270E+06   0.138675E+02
  1044   0.106862E+04   0.344463E+02  -0.795661E+02   0.254803E+06   0.134821E+02
  1045   0.107167E+04   0.341512E+02  -0.801291E+02   0.254337E+06   0.131025E+02
  1046   0.107475E+04   0.338536E+02  -0.806665E+02   0.253871E+06   0.127287E+02
  1047   0.107789E+04   0.335534E+02  -0.811775E+02   0.253407E+06   0.123607E+02
  1048   0.108106E+04   0.332509E+02  -0.816623E+02   0.252944E+06   0.119986E+02
  1049   0.108427E+04   0.329464E+02  -0.821201E+02   0.252483E+06   0.116424E+02
  1050   0.108752E+04   0.326399E+02  -0.825525E+02   0.252022E+06   0.112921E+02
  1051   0.109080E+04   0.323318E+02  -0.829587E+02   0.251562E+06   0.109476E+02
  1052   0.109411E+04   0.320221E+02  -0.833382E+02   0.251103E+06   0.106091E+02
  1053   0.109744E+04   0.317113E+02  -0.836909E+02   0.250646E+06   0.102764E+02
  1054   0.110081E+04   0.313993E+02  -0.840170E+02   0.250189E+06   0.994950E+01
  1055   0.110419E+04   0.310864E+02  -0.843172E+02   0.249734E+06   0.962843E+01
  1056   0.110759E+04   0.307726E+02  -0.845909E+02   0.249279E+06   0.931313E+01
  1057   0.111100E+04   0.304579E+02  -0.848373E+02   0.248826E+06   0.900358E+01
  1058   0.111443E+04   0.301426E+02  -0.850581E+02   0.248374E+06   0.869976E+01
  1059   0.111787E+04   0.298267E+02  -0.852518E+02   0.247922E+06   0.840163E+01
  1060   0.112132E+04   0.295103E+02  -0.854185E+02   0.247472E+06   0.810918E+01
  1061   0.112478E+04   0.291935E+02  -0.855598E+02   0.247023E+06   0.782237E+01
  1062   0.112825E+04   0.288764E+02  -0.856733E+02   0.246575E+06   0.754118E+01
  1063   0.113172E+04   0.285591E+02  -0.857616E+02   0.246128E+06   0.726558E+01
  1064   0.113519E+04   0.282417E+02  -0.858231E+02   0.245682E+06   0.699555E+01
  1065   0.113865E+04   0.279243E+02  -0.858579E+02   0.245237E+06   0.673107E+01
  1066   0.114211E+04   0.276071E+02  -0.858675E+02   0.244793E+06   0.647210E+01
  1067   0.114556E+04   0.272901E+02  -0.858506E+02   0.244350E+06   0.621862E+01
  1068   0.114901E+04   0.269735E+02  -0.858079E+02   0.243908E+06   0.597060E+01
  1069   0.115244E+04   0.266573E+02  -0.857395E+02   0.243467E+06   0.572802E+01
  1070   0.115586E+04   0.263418E+02  -0.856455E+02   0.243027E+06   0.549086E+01
  1071   0.115926E+04   0.260270E+02  -0.855259E+02   0.242588E+06   0.525908E+01
  1072   0.116265E+04   0.257130E+02  -0.853816E+02   0.242150E+06   0.503266E+01
  1073   0.116601E+04   0.254001E+02  -0.852118E+02   0.241713E+06   0.481157E+01
  1074   0.116934E+04   0.250883E+02  -0.850174E+02   0.241277E+06   0.459580E+01
  1075   0.117265E+04   0.247777E+02  -0.847985E+02   0.240842E+06   0.438530E+01
  1076   0.117594E+04   0.244685E+02  -0.845543E+02   0.240408E+06   0.418006E+01
  1077   0.117920E+04   0.241607E+02  -0.842864E+02   0.239976E+06   0.398005E+01
  1078   0.118243E+04   0.238545E+02  -0.839948E+02   0.239544E+06   0.378525E+01
  1079   0.118561E+04   0.235501E+02  -0.836790E+02   0.239113E+06   0.359562E+01
  1080   0.118877E+04   0.232474E+02  -0.833404E+02   0.238683E+06   0.341115E+01
  1081   0.119188E+04   0.229468E+02  -0.829777E+02   0.238254E+06   0.323180E+01
  1082   0.119496E+04   0.226481E+02  -0.825923E+02   0.237826E+06   0.305755E+01
  1083   0.119799E+04   0.223516E+02  -0.821844E+02   0.237399E+06   0.288837E+01
  1084   0.120098E+04   0.220573E+02  -0.817539E+02   0.236973E+06   0.272425E+01
  1085   0.120392E+04   0.217655E+02  -0.813018E+02   0.236548E+06   0.256515E+01
  1086   0.120681E+04   0.214760E+02  -0.808266E+02   0.236124E+06   0.241104E+01
  1087   0.120965E+04   0.211891E+02  -0.803305E+02   0.235701E+06   0.226190E+01
  1088   0.121244E+04   0.209049E+02  -0.798130E+02   0.235279E+06   0.211771E+01
  1089   0.121517E+04   0.206235E+02  -0.792740E+02   0.234858E+06   0.197843E+01
  1090   0.121784E+04   0.203449E+02  -0.787144E+02   0.234438E+06   0.184405E+01
  1091   0.122046E+04   0.200693E+02  -0.781350E+02   0.234019E+06   0.171454E+01
  1092   0.122301E+04   0.197968E+02  -0.775351E+02   0.233601E+06   0.158986E+01
  1093   0.122550E+04   0.195276E+02  -0.769163E+02   0.233184E+06   0.147000E+01
  1094   0.122793E+04   0.192616E+02  -0.762778E+02   0.232767E+06   0.135493E+01
  1095   0.123030E+04   0.189992E+02  -0.756213E+02   0.232352E+06   0.124462E+01
  1096   0.123259E+04   0.187402E+02  -0.749460E+02   0.231938E+06   0.113904E+01
  1097   0.123483E+04   0.184849E+02  -0.742528E+02   0.231524E+06   0.103818E+01
  1098   0.123699E+04   0.182333E+02  -0.735425E+02   0.231112E+06   0.942000E+00
  1099   0.123908E+04   0.179856E+02  -0.728151E+02   0.230700E+06   0.850479E+00
  1100   0.124110E+04   0.177418E+02  -0.720714E+02   0.230290E+06   0.763591E+00
  1101   0.124304E+04   0.175018E+02  -0.713108E+02   0.229880E+06   0.681311E+00
  1102   0.124491E+04   0.172660E+02  -0.705347E+02   0.229471E+06   0.603621E+00
  1103   0.124669E+04   0.170343E+02  -0.697425E+02   0.229063E+06   0.530504E+00
  1104   0.124841E+04   0.168068E+02  -0.689355E+02   0.228657E+06   0.461943E+00
  1105   0.125004E+04   0.165836E+02  -0.681138E+02   0.228251E+06   0.397923E+00
  1106   0.125159E+04   0.163647E+02  -0.672778E+02   0.227846E+06   0.338426E+00
  1107   0.125307E+04   0.161501E+02  -0.664279E+02   0.227442E+06   0.283435E+00
  1108   0.125445E+04   0.159401E+02  -0.655646E+02   0.227038E+06   0.232935E+00
  1109   0.125576E+04   0.157346E+02  -0.646882E+02   0.226636E+06   0.186908E+00
  1110   0.125698E+04   0.155337E+02  -0.637993E+02   0.226235E+06   0.145337E+00
  1111   0.125812E+04   0.153375E+02  -0.628983E+02   0.225834E+06   0.108207E+00
  1112   0.125917E+04   0.151460E+02  -0.619854E+02   0.225435E+06   0.755002E-01
  1113   0.126014E+04   0.149592E+02  -0.610615E+02   0.225036E+06   0.472002E-01
  1114   0.126102E+04   0.147774E+02  -0.601267E+02   0.224638E+06   0.232904E-01
  1115   0.126182E+04   0.146004E+02  -0.591815E+02   0.224242E+06   0.375409E-02
  1116   0.126252E+04   0.144284E+02  -0.582265E+02   0.223846E+06  -0.114253E-01
  1117   0.126314E+04   0.142613E+02  -0.572620E+02   0.223451E+06  -0.222644E-01
  1118   0.126367E+04   0.140993E+02  -0.562885E+02   0.223057E+06  -0.287798E-01
  1119   0.126411E+04   0.139424E+02  -0.553066E+02   0.222663E+06  -0.309883E-01
  1120   0.126445E+04   0.137905E+02  -0.543164E+02   0.222271E+06  -0.289064E-01
  1121   0.126471E+04   0.136439E+02  -0.533187E+02   0.221880E+06  -0.225508E-01
  1122   0.126487E+04   0.135024E+02  -0.523138E+02   0.221489E+06  -0.119382E-01
  1123   0.126494E+04   0.133662E+02  -0.513022E+02   0.221099E+06   0.291490E-02
  1124   0.126493E+04   0.132353E+02  -0.502843E+02   0.220711E+06   0.219918E-01
  1125   0.126482E+04   0.131096E+02  -0.492605E+02   0.220323E+06   0.452758E-01
  1126   0.126460E+04   0.129893E+02  -0.482316E+02   0.219936E+06   0.727504E-01
  1127   0.126430E+04   0.128743E+02  -0.471979E+02   0.219549E+06   0.104399E+00
  1128   0.126391E+04   0.127648E+02  -0.461601E+02   0.219164E+06   0.140205E+00
  1129   0.126342E+04   0.126607E+02  -0.451185E+02   0.218780E+06   0.180151E+00
  1130   0.126285E+04   0.125621E+02  -0.440738E+02   0.218396E+06   0.224221E+00
  1131   0.126218E+04   0.124689E+02  -0.430264E+02   0.218013E+06   0.272399E+00
  1132   0.126142E+04   0.123812E+02  -0.419769E+02   0.217631E+06   0.324667E+00
  1133   0.126056E+04   0.122990E+02  -0.409257E+02   0.217250E+06   0.381009E+00
  1134   0.125961E+04   0.122224E+02  -0.398732E+02   0.216870E+06   0.441409E+00
  1135   0.125858E+04   0.121512E+02  -0.388200E+02   0.216491E+06   0.505849E+00
  1136   0.125745E+04   0.120856E+02  -0.377664E+02   0.216113E+06   0.574314E+00
  1137   0.125622E+04   0.120256E+02  -0.367130E+02   0.215735E+06   0.646786E+00
  1138   0.125491E+04   0.119710E+02  -0.356603E+02   0.215358E+06   0.723249E+00
  1139   0.125351E+04   0.119220E+02  -0.346086E+02   0.214982E+06   0.803686E+00
  1140   0.125200E+04   0.118785E+02  -0.335585E+02   0.214607E+06   0.888081E+00
  1141   0.125042E+04   0.118405E+02  -0.325106E+02   0.214233E+06   0.976416E+00
  1142   0.124874E+04   0.118080E+02  -0.314653E+02   0.213860E+06   0.106868E+01
  1143   0.124697E+04   0.117811E+02  -0.304230E+02   0.213487E+06   0.116484E+01
  1144   0.124511E+04   0.117597E+02  -0.293844E+02   0.213116E+06   0.126490E+01
  1145   0.124316E+04   0.117438E+02  -0.283498E+02   0.212745E+06   0.136884E+01
  1146   0.124112E+04   0.117333E+02  -0.273198E+02   0.212375E+06   0.147663E+01
  1147   0.123900E+04   0.117284E+02  -0.262948E+02   0.212005E+06   0.158826E+01
  1148   0.123678E+04   0.117289E+02  -0.252752E+02   0.211637E+06   0.170371E+01
  1149   0.123448E+04   0.117347E+02  -0.242616E+02   0.211269E+06   0.182298E+01
  1150   0.123209E+04   0.117459E+02  -0.232544E+02   0.210903E+06   0.194603E+01
  1151   0.122962E+04   0.117626E+02  -0.222539E+02   0.210537E+06   0.207285E+01
  1152   0.122707E+04   0.117845E+02  -0.212608E+02   0.210172E+06   0.220334E+01
  1153   0.122443E+04   0.118118E+02  -0.202753E+02   0.209807E+06   0.233740E+01
  1154   0.122171E+04   0.118443E+02  -0.192978E+02   0.209444E+06   0.247494E+01
  1155   0.121890E+04   0.118820E+02  -0.183288E+02   0.209081E+06   0.261585E+01
  1156   0.121602E+04   0.119250E+02  -0.173686E+02   0.208719E+06   0.276004E+01
  1157   0.121305E+04   0.119731E+02  -0.164176E+02   0.208358E+06   0.290739E+01
  1158   0.121001E+04   0.120264E+02  -0.154763E+02   0.207998E+06   0.305782E+01
  1159   0.120690E+04   0.120847E+02  -0.145450E+02   0.207638E+06   0.321122E+01
  1160   0.120370E+04   0.121481E+02  -0.136241E+02   0.207280E+06   0.336749E+01
  1161   0.120044E+04   0.122165E+02  -0.127139E+02   0.206922E+06   0.352654E+01
  1162   0.119710E+04   0.122898E+02  -0.118148E+02   0.206564E+06   0.368825E+01
  1163   0.119369E+04   0.123680E+02  -0.109270E+02   0.206208E+06   0.385254E+01
  1164   0.119021E+04   0.124511E+02  -0.100510E+02   0.205853E+06   0.401929E+01
  1165   0.118666E+04   0.125389E+02  -0.918712E+01   0.205498E+06   0.418842E+01
  1166   0.118303E+04   0.126314E+02  -0.833566E+01   0.205144E+06   0.435981E+01
  1167   0.117934E+04   0.127287E+02  -0.749691E+01   0.204791E+06   0.453338E+01
  1168   0.117558E+04   0.128305E+02  -0.667127E+01   0.204438E+06   0.470901E+01
  1169   0.117176E+04   0.129369E+02  -0.585899E+01   0.204087E+06   0.488661E+01
  1170   0.116788E+04   0.130477E+02  -0.506039E+01   0.203736E+06   0.506608E+01
  1171   0.116393E+04   0.131630E+02  -0.427587E+01   0.203386E+06   0.524732E+01
  1172   0.115993E+04   0.132827E+02  -0.350562E+01   0.203036E+06   0.543023E+01
  1173   0.115587E+04   0.134065E+02  -0.275003E+01   0.202688E+06   0.561470E+01
  1174   0.115174E+04   0.135347E+02  -0.200939E+01   0.202340E+06   0.580064E+01
  1175   0.114756E+04   0.136670E+02  -0.128392E+01   0.201993E+06   0.598795E+01
  1176   0.114333E+04   0.138033E+02  -0.573904E+00   0.201647E+06   0.617652E+01
  1177   0.113905E+04   0.139436E+02   0.120414E+00   0.201301E+06   0.636626E+01
  1178   0.113471E+04   0.140878E+02   0.798751E+00   0.200956E+06   0.655707E+01
  1179   0.113032E+04   0.142359E+02   0.146086E+01   0.200612E+06   0.674884E+01
  1180   0.112589E+04   0.143877E+02   0.210646E+01   0.200269E+06   0.694147E+01
  1181   0.112140E+04   0.145431E+02   0.273534E+01   0.199927E+06   0.713487E+01
  1182   0.111687E+04   0.147022E+02   0.334726E+01   0.199585E+06   0.732894E+01
  1183   0.111230E+04   0.148647E+02   0.394198E+01   0.199244E+06   0.752357E+01
  1184   0.110769E+04   0.150307E+02   0.451930E+01   0.198903E+06   0.771866E+01
  1185   0.110303E+04   0.151999E+02   0.507896E+01   0.198564E+06   0.791412E+01
  1186   0.109833E+04   0.153724E+02   0.562075E+01   0.198225E+06   0.810984E+01
  1187   0.109360E+04   0.155480E+02   0.614445E+01   0.197887E+06   0.830572E+01
  1188   0.108883E+04   0.157267E+02   0.664990E+01   0.197550E+06   0.850167E+01
  1189   0.108403E+04   0.159083E+02   0.713693E+01   0.197213E+06   0.869757E+01
  1190   0.107919E+04   0.160928E+02   0.760538E+01   0.196877E+06   0.889334E+01
  1191   0.107433E+04   0.162799E+02   0.805512E+01   0.196542E+06   0.908887E+01
  1192   0.106943E+04   0.164698E+02   0.848596E+01   0.196208E+06   0.928406E+01
  1193   0.106451E+04   0.166622E+02   0.889778E+01   0.195874E+06   0.947882E+01
  1194   0.105957E+04   0.168571E+02   0.929041E+01   0.195541E+06   0.967303E+01
  1195   0.105461E+04   0.170543E+02   0.966373E+01   0.195209E+06   0.986660E+01
  1196   0.104962E+04   0.172537E+02   0.100177E+02   0.194877E+06   0.100594E+02
  1197   0.104461E+04   0.174554E+02   0.103521E+02   0.194547E+06   0.102514E+02
  1198   0.103959E+04   0.176589E+02   0.106669E+02   0.194217E+06   0.104425E+02
  1199   0.103455E+04   0.178646E+02   0.109619E+02   0.193887E+06   0.106325E+02
  1200   0.102950E+04   0.180719E+02   0.112371E+02   0.193559E+06   0.108214E+02
  1201   0.102444E+04   0.182811E+02   0.114924E+02   0.193231E+06   0.110090E+02
  1202   0.101936E+04   0.184918E+02   0.117278E+02   0.192903E+06   0.111952E+02
  1203   0.101428E+04   0.187041E+02   0.119432E+02   0.192577E+06   0.113800E+02
  1204   0.100919E+04   0.189179E+02   0.121385E+02   0.192251E+06   0.115631E+02
  1205   0.100409E+04   0.191329E+02   0.123139E+02   0.191926E+06   0.117444E+02
  1206   0.998993E+03   0.193493E+02   0.124692E+02   0.191601E+06   0.119239E+02
  1207   0.993890E+03   0.195667E+02   0.126044E+02   0.191277E+06   0.121013E+02
  1208   0.988791E+03   0.197852E+02   0.127196E+02   0.190954E+06   0.122766E+02
  1209   0.983697E+03   0.200047E+02   0.128148E+02   0.190632E+06   0.124495E+02
  1210   0.978599E+03   0.202250E+02   0.128899E+02   0.190310E+06   0.126201E+02
  1211   0.973506E+03   0.204461E+02   0.129451E+02   0.189989E+06   0.127881E+02
  1212   0.968424E+03   0.206679E+02   0.129804E+02   0.189669E+06   0.129534E+02
  1213   0.963345E+03   0.208902E+02   0.129959E+02   0.189349E+06   0.131159E+02
  1214   0.958279E+03   0.211131E+02   0.129915E+02   0.189030E+06   0.132754E+02
  1215   0.953231E+03   0.213363E+02   0.129673E+02   0.188712E+06   0.134319E+02
  1216   0.948186E+03   0.215597E+02   0.129235E+02   0.188395E+06   0.135851E+02
  1217   0.943160E+03   0.217834E+02   0.128600E+02   0.188078E+06   0.137350E+02
  1218   0.938152E+03   0.220071E+02   0.127770E+02   0.187761E+06   0.138815E+02
  1219   0.933163E+03   0.222307E+02   0.126745E+02   0.187446E+06   0.140243E+02
  1220   0.928185E+03   0.224542E+02   0.125526E+02   0.187131E+06   0.141634E+02
  1221   0.923239E+03   0.226775E+02   0.124114E+02   0.186817E+06   0.142987E+02
  1222   0.918304E+03   0.229004E+02   0.122509E+02   0.186503E+06   0.144299E+02
  1223   0.913402E+03   0.231228E+02   0.120714E+02   0.186190E+06   0.145570E+02
  1224   0.908517E+03   0.233448E+02   0.118730E+02   0.185878E+06   0.146799E+02
  1225   0.903666E+03   0.235661E+02   0.116559E+02   0.185567E+06   0.147984E+02
  1226   0.898839E+03   0.237866E+02   0.114203E+02   0.185256E+06   0.149123E+02
  1227   0.894045E+03   0.240063E+02   0.111662E+02   0.184945E+06   0.150216E+02
  1228   0.889283E+03   0.242251E+02   0.108941E+02   0.184636E+06   0.151261E+02
  1229   0.884561E+03   0.244429E+02   0.106040E+02   0.184327E+06   0.152257E+02
  1230   0.879871E+03   0.246597E+02   0.102960E+02   0.184019E+06   0.153203E+02
  1231   0.875213E+03   0.248751E+02   0.997037E+01   0.183711E+06   0.154097E+02
  1232   0.870595E+03   0.250894E+02   0.962741E+01   0.183404E+06   0.154937E+02
  1233   0.866023E+03   0.253021E+02   0.926711E+01   0.183098E+06   0.155724E+02
  1234   0.861483E+03   0.255134E+02   0.888982E+01   0.182792E+06   0.156454E+02
  1235   0.856990E+03   0.257230E+02   0.849560E+01   0.182487E+06   0.157128E+02
  1236   0.852536E+03   0.259310E+02   0.808474E+01   0.182182E+06   0.157743E+02
  1237   0.848129E+03   0.261371E+02   0.765743E+01   0.181879E+06   0.158299E+02
  1238   0.843767E+03   0.263414E+02   0.721396E+01   0.181576E+06   0.158793E+02
  1239   0.839452E+03   0.265437E+02   0.675454E+01   0.181273E+06   0.159226E+02
  1240   0.835184E+03   0.267438E+02   0.627944E+01   0.180971E+06   0.159594E+02
  1241   0.830968E+03   0.269418E+02   0.578894E+01   0.180670E+06   0.159898E+02
  1242   0.826807E+03   0.271376E+02   0.528333E+01   0.180369E+06   0.160136E+02
  1243   0.822691E+03   0.273309E+02   0.476282E+01   0.180069E+06   0.160306E+02
  1244   0.818628E+03   0.275219E+02   0.422760E+01   0.179770E+06   0.160408E+02
  1245   0.814619E+03   0.277102E+02   0.367809E+01   0.179471E+06   0.160439E+02
  1246   0.810670E+03   0.278960E+02   0.311453E+01   0.179173E+06   0.160399E+02
  1247   0.806774E+03   0.280790E+02   0.253719E+01   0.178876E+06   0.160286E+02
  1248   0.802939E+03   0.282592E+02   0.194636E+01   0.178579E+06   0.160099E+02
  1249   0.799156E+03   0.284364E+02   0.134233E+01   0.178283E+06   0.159837E+02
  1250   0.795441E+03   0.286107E+02   0.725387E+00   0.177987E+06   0.159498E+02
  1251   0.791778E+03   0.287820E+02   0.958809E-01   0.177692E+06   0.159081E+02
  1252   0.788176E+03   0.289500E+02  -0.545859E+00   0.177398E+06   0.158591E+02
  1253   0.784640E+03   0.291149E+02  -0.119951E+01   0.177104E+06   0.158029E+02
  1254   0.781164E+03   0.292766E+02  -0.186475E+01   0.176811E+06   0.157401E+02
  1255   0.777755E+03   0.294350E+02  -0.254124E+01   0.176518E+06   0.156709E+02
  1256   0.774411E+03   0.295901E+02  -0.322868E+01   0.176226E+06   0.155957E+02
  1257   0.771134E+03   0.297417E+02  -0.392674E+01   0.175935E+06   0.155149E+02
  1258   0.767923E+03   0.298899E+02  -0.463509E+01   0.175644E+06   0.154288E+02
  1259   0.764770E+03   0.300346E+02  -0.535341E+01   0.175354E+06   0.153377E+02
  1260   0.761698E+03   0.301758E+02  -0.608138E+01   0.175064E+06   0.152422E+02
  1261   0.758683E+03   0.303132E+02  -0.681867E+01   0.174775E+06   0.151425E+02
  1262   0.755741E+03   0.304470E+02  -0.756497E+01   0.174487E+06   0.150389E+02
  1263   0.752871E+03   0.305770E+02  -0.831996E+01   0.174199E+06   0.149319E+02
  1264   0.750065E+03   0.307034E+02  -0.908329E+01   0.173912E+06   0.148218E+02
  1265   0.747331E+03   0.308257E+02  -0.985461E+01   0.173626E+06   0.147089E+02
  1266   0.744661E+03   0.309442E+02  -0.106336E+02   0.173340E+06   0.145937E+02
  1267   0.742070E+03   0.310588E+02  -0.114198E+02   0.173054E+06   0.144764E+02
  1268   0.739550E+03   0.311695E+02  -0.122129E+02   0.172769E+06   0.143575E+02
  1269   0.737100E+03   0.312761E+02  -0.130126E+02   0.172485E+06   0.142373E+02
  1270   0.734722E+03   0.313787E+02  -0.138184E+02   0.172201E+06   0.141162E+02
  1271   0.732413E+03   0.314771E+02  -0.146301E+02   0.171918E+06   0.139945E+02
  1272   0.730182E+03   0.315715E+02  -0.154472E+02   0.171636E+06   0.138726E+02
  1273   0.728021E+03   0.316616E+02  -0.162693E+02   0.171354E+06   0.137509E+02
  1274   0.725929E+03   0.317476E+02  -0.170962E+02   0.171073E+06   0.136297E+02
  1275   0.723913E+03   0.318294E+02  -0.179274E+02   0.170792E+06   0.135093E+02
  1276   0.721971E+03   0.319069E+02  -0.187625E+02   0.170512E+06   0.133902E+02
  1277   0.720101E+03   0.319802E+02  -0.196012E+02   0.170232E+06   0.132727E+02
  1278   0.718306E+03   0.320491E+02  -0.204431E+02   0.169953E+06   0.131572E+02
  1279   0.716583E+03   0.321137E+02  -0.212879E+02   0.169674E+06   0.130440E+02
  1280   0.714933E+03   0.321739E+02  -0.221350E+02   0.169397E+06   0.129334E+02
  1281   0.713357E+03   0.322297E+02  -0.229843E+02   0.169119E+06   0.128259E+02
  1282   0.711854E+03   0.322810E+02  -0.238353E+02   0.168842E+06   0.127219E+02
  1283   0.710423E+03   0.323280E+02  -0.246876E+02   0.168566E+06   0.126216E+02
  1284   0.709065E+03   0.323704E+02  -0.255408E+02   0.168290E+06   0.125254E+02
  1285   0.707780E+03   0.324082E+02  -0.263946E+02   0.168015E+06   0.124337E+02
  1286   0.706568E+03   0.324416E+02  -0.272486E+02   0.167741E+06   0.123469E+02
  1287   0.705427E+03   0.324705E+02  -0.281023E+02   0.167467E+06   0.122653E+02
  1288   0.704359E+03   0.324948E+02  -0.289554E+02   0.167193E+06   0.121893E+02
  1289   0.703361E+03   0.325146E+02  -0.298075E+02   0.166920E+06   0.121192E+02
  1290   0.702437E+03   0.325299E+02  -0.306582E+02   0.166648E+06   0.120554E+02
  1291   0.701583E+03   0.325406E+02  -0.315071E+02   0.166376E+06   0.119983E+02
  1292   0.700800E+03   0.325469E+02  -0.323539E+02   0.166105E+06   0.119482E+02
  1293   0.700087E+03   0.325487E+02  -0.331980E+02   0.165834E+06   0.119055E+02
  1294   0.699446E+03   0.325459E+02  -0.340393E+02   0.165564E+06   0.118706E+02
  1295   0.698873E+03   0.325387E+02  -0.348772E+02   0.165294E+06   0.118437E+02
  1296   0.698369E+03   0.325269E+02  -0.357114E+02   0.165025E+06   0.118254E+02
  1297   0.697934E+03   0.325106E+02  -0.365416E+02   0.164757E+06   0.118158E+02
  1298   0.697567E+03   0.324898E+02  -0.373673E+02   0.164489E+06   0.118155E+02
  1299   0.697267E+03   0.324644E+02  -0.381883E+02   0.164221E+06   0.118247E+02
  1300   0.697034E+03   0.324346E+02  -0.390041E+02   0.163954E+06   0.118438E+02
  1301   0.696867E+03   0.324002E+02  -0.398144E+02   0.163688E+06   0.118731E+02
  1302   0.696766E+03   0.323615E+02  -0.406188E+02   0.163422E+06   0.119122E+02
  1303   0.696729E+03   0.323183E+02  -0.414172E+02   0.163156E+06   0.119606E+02
  1304   0.696756E+03   0.322706E+02  -0.422090E+02   0.162891E+06   0.120178E+02
  1305   0.696848E+03   0.322187E+02  -0.429941E+02   0.162627E+06   0.120834E+02
  1306   0.697002E+03   0.321623E+02  -0.437720E+02   0.162363E+06   0.121569E+02
  1307   0.697218E+03   0.321016E+02  -0.445426E+02   0.162100E+06   0.122378E+02
  1308   0.697496E+03   0.320367E+02  -0.453056E+02   0.161837E+06   0.123256E+02
  1309   0.697835E+03   0.319674E+02  -0.460606E+02   0.161575E+06   0.124198E+02
  1310   0.698234E+03   0.318938E+02  -0.468072E+02   0.161313E+06   0.125200E+02
  1311   0.698691E+03   0.318160E+02  -0.475453E+02   0.161052E+06   0.126257E+02
  1312   0.699207E+03   0.317340E+02  -0.482745E+02   0.160791E+06   0.127364E+02
  1313   0.699781E+03   0.316478E+02  -0.489945E+02   0.160531E+06   0.128516E+02
  1314   0.700410E+03   0.315575E+02  -0.497052E+02   0.160271E+06   0.129709E+02
  1315   0.701095E+03   0.314631E+02  -0.504060E+02   0.160012E+06   0.130937E+02
  1316   0.701835E+03   0.313646E+02  -0.510969E+02   0.159753E+06   0.132196E+02
  1317   0.702629E+03   0.312622E+02  -0.517776E+02   0.159495E+06   0.133481E+02
  1318   0.703475E+03   0.311558E+02  -0.524477E+02   0.159238E+06   0.134788E+02
  1319   0.704373E+03   0.310457E+02  -0.531071E+02   0.158980E+06   0.136110E+02
  1320   0.705321E+03   0.309317E+02  -0.537555E+02   0.158724E+06   0.137445E+02
  1321   0.706320E+03   0.308140E+02  -0.543926E+02   0.158468E+06   0.138786E+02
  1322   0.707368E+03   0.306926E+02  -0.550183E+02   0.158212E+06   0.140129E+02
  1323   0.708463E+03   0.305676E+02  -0.556321E+02   0.157957E+06   0.141470E+02
  1324   0.709605E+03   0.304390E+02  -0.562340E+02   0.157702E+06   0.142803E+02
  1325   0.710791E+03   0.303067E+02  -0.568236E+02   0.157448E+06   0.144124E+02
  1326   0.712022E+03   0.301710E+02  -0.574008E+02   0.157194E+06   0.145427E+02
  1327   0.713297E+03   0.300319E+02  -0.579653E+02   0.156941E+06   0.146709E+02
  1328   0.714613E+03   0.298893E+02  -0.585168E+02   0.156689E+06   0.147964E+02
  1329   0.715969E+03   0.297434E+02  -0.590552E+02   0.156436E+06   0.149187E+02
  1330   0.717366E+03   0.295942E+02  -0.595804E+02   0.156185E+06   0.150374E+02
  1331   0.718800E+03   0.294419E+02  -0.600920E+02   0.155933E+06   0.151520E+02
  1332   0.720271E+03   0.292863E+02  -0.605899E+02   0.155683E+06   0.152620E+02
  1333   0.721778E+03   0.291277E+02  -0.610739E+02   0.155432E+06   0.153669E+02
  1334   0.723320E+03   0.289662E+02  -0.615438E+02   0.155183E+06   0.154663E+02
  1335   0.724894E+03   0.288016E+02  -0.619993E+02   0.154933E+06   0.155597E+02
  1336   0.726500E+03   0.286342E+02  -0.624404E+02   0.154685E+06   0.156465E+02
  1337   0.728137E+03   0.284640E+02  -0.628670E+02   0.154436E+06   0.157263E+02
  1338   0.729803E+03   0.282912E+02  -0.632787E+02   0.154188E+06   0.157987E+02
  1339   0.731497E+03   0.281156E+02  -0.636755E+02   0.153941E+06   0.158631E+02
  1340   0.733217E+03   0.279375E+02  -0.640573E+02   0.153694E+06   0.159191E+02
  1341   0.734963E+03   0.277568E+02  -0.644238E+02   0.153448E+06   0.159662E+02
  1342   0.736732E+03   0.275738E+02  -0.647749E+02   0.153202E+06   0.160039E+02
  1343   0.738524E+03   0.273883E+02  -0.651105E+02   0.152956E+06   0.160317E+02
  1344   0.740336E+03   0.272006E+02  -0.654304E+02   0.152711E+06   0.160492E+02
  1345   0.742167E+03   0.270106E+02  -0.657345E+02   0.152467E+06   0.160558E+02
  1346   0.744017E+03   0.268185E+02  -0.660226E+02   0.152223E+06   0.160511E+02
  1347   0.745883E+03   0.266243E+02  -0.662948E+02   0.151979E+06   0.160347E+02
  1348   0.747764E+03   0.264281E+02  -0.665507E+02   0.151736E+06   0.160060E+02
  1349   0.749659E+03   0.262300E+02  -0.667903E+02   0.151493E+06   0.159645E+02
  1350   0.751566E+03   0.260301E+02  -0.670137E+02   0.151251E+06   0.159098E+02
  1351   0.753484E+03   0.258284E+02  -0.672207E+02   0.151009E+06   0.158416E+02
  1352   0.755412E+03   0.256251E+02  -0.674113E+02   0.150768E+06   0.157607E+02
  1353   0.757350E+03   0.254202E+02  -0.675856E+02   0.150527E+06   0.156679E+02
  1354   0.759289E+03   0.252140E+02  -0.677435E+02   0.150287E+06   0.155641E+02
  1355   0.761240E+03   0.250063E+02  -0.678848E+02   0.150047E+06   0.154504E+02
  1356   0.763197E+03   0.247973E+02  -0.680098E+02   0.149807E+06   0.153276E+02
  1357   0.765157E+03   0.245872E+02  -0.681182E+02   0.149568E+06   0.151967E+02
  1358   0.767123E+03   0.243758E+02  -0.682101E+02   0.149330E+06   0.150586E+02
  1359   0.769086E+03   0.241634E+02  -0.682856E+02   0.149092E+06   0.149142E+02
  1360   0.771046E+03   0.239500E+02  -0.683444E+02   0.148854E+06   0.147644E+02
  1361   0.773004E+03   0.237357E+02  -0.683867E+02   0.148617E+06   0.146102E+02
  1362   0.774968E+03   0.235205E+02  -0.684125E+02   0.148380E+06   0.144525E+02
  1363   0.776921E+03   0.233045E+02  -0.684217E+02   0.148143E+06   0.142922E+02
  1364   0.778872E+03   0.230878E+02  -0.684144E+02   0.147908E+06   0.141303E+02
  1365   0.780821E+03   0.228706E+02  -0.683906E+02   0.147672E+06   0.139677E+02
  1366   0.782752E+03   0.226528E+02  -0.683504E+02   0.147437E+06   0.138053E+02
  1367   0.784682E+03   0.224345E+02  -0.682938E+02   0.147203E+06   0.136441E+02
  1368   0.786603E+03   0.222158E+02  -0.682209E+02   0.146968E+06   0.134849E+02
  1369   0.788506E+03   0.219970E+02  -0.681316E+02   0.146735E+06   0.133287E+02
  1370   0.790408E+03   0.217779E+02  -0.680262E+02   0.146501E+06   0.131764E+02
  1371   0.792285E+03   0.215586E+02  -0.679046E+02   0.146269E+06   0.130290E+02
  1372   0.794154E+03   0.213395E+02  -0.677670E+02   0.146036E+06   0.128874E+02
  1373   0.796005E+03   0.211203E+02  -0.676134E+02   0.145804E+06   0.127525E+02
  1374   0.797841E+03   0.209012E+02  -0.674440E+02   0.145573E+06   0.126253E+02
  1375   0.799652E+03   0.206824E+02  -0.672588E+02   0.145342E+06   0.125066E+02
  1376   0.801447E+03   0.204640E+02  -0.670579E+02   0.145111E+06   0.123974E+02
  1377   0.803226E+03   0.202458E+02  -0.668415E+02   0.144881E+06   0.122986E+02
  1378   0.804981E+03   0.200282E+02  -0.666096E+02   0.144651E+06   0.122112E+02
  1379   0.806713E+03   0.198111E+02  -0.663623E+02   0.144422E+06   0.121361E+02
  1380   0.808414E+03   0.195946E+02  -0.660997E+02   0.144193E+06   0.120742E+02
  1381   0.810098E+03   0.193787E+02  -0.658220E+02   0.143964E+06   0.120264E+02
  1382   0.811752E+03   0.191637E+02  -0.655292E+02   0.143736E+06   0.119937E+02
  1383   0.813375E+03   0.189494E+02  -0.652213E+02   0.143508E+06   0.119770E+02
  1384   0.814968E+03   0.187361E+02  -0.648987E+02   0.143281E+06   0.119772E+02
  1385   0.816537E+03   0.185238E+02  -0.645614E+02   0.143054E+06   0.119953E+02
  1386   0.818076E+03   0.183125E+02  -0.642099E+02   0.142828E+06   0.120321E+02
  1387   0.819576E+03   0.181025E+02  -0.638441E+02   0.142602E+06   0.120887E+02
  1388   0.821047E+03   0.178937E+02  -0.634643E+02   0.142376E+06   0.121659E+02
  1389   0.822479E+03   0.176863E+02  -0.630708E+02   0.142151E+06   0.122646E+02
  1390   0.823881E+03   0.174803E+02  -0.626636E+02   0.141926E+06   0.123859E+02
  1391   0.825246E+03   0.172758E+02  -0.622431E+02   0.141702E+06   0.125306E+02
  1392   0.826573E+03   0.170729E+02  -0.618094E+02   0.141478E+06   0.126996E+02
  1393   0.827870E+03   0.168717E+02  -0.613626E+02   0.141255E+06   0.128939E+02
  1394   0.829122E+03   0.166721E+02  -0.609030E+02   0.141031E+06   0.131144E+02
  1395   0.830329E+03   0.164744E+02  -0.604307E+02   0.140809E+06   0.133620E+02
  1396   0.831498E+03   0.162784E+02  -0.599459E+02   0.140586E+06   0.136378E+02
  1397   0.832631E+03   0.160845E+02  -0.594489E+02   0.140365E+06   0.139424E+02
  1398   0.833711E+03   0.158925E+02  -0.589398E+02   0.140143E+06   0.142771E+02
  1399   0.834755E+03   0.157026E+02  -0.584189E+02   0.139922E+06   0.146425E+02
  1400   0.835746E+03   0.155149E+02  -0.578865E+02   0.139701E+06   0.150398E+02
  1401   0.836700E+03   0.153293E+02  -0.573428E+02   0.139481E+06   0.154694E+02
  1402   0.837603E+03   0.151460E+02  -0.567880E+02   0.139261E+06   0.159308E+02
  1403   0.838462E+03   0.149650E+02  -0.562223E+02   0.139042E+06   0.164231E+02
  1404   0.839276E+03   0.147864E+02  -0.556461E+02   0.138823E+06   0.169453E+02
  1405   0.840040E+03   0.146103E+02  -0.550594E+02   0.138604E+06   0.174966E+02
  1406   0.840753E+03   0.144366E+02  -0.544625E+02   0.138386E+06   0.180760E+02
  1407   0.841414E+03   0.142655E+02  -0.538557E+02   0.138168E+06   0.186825E+02
  1408   0.842033E+03   0.140969E+02  -0.532390E+02   0.137951E+06   0.193154E+02
  1409   0.842594E+03   0.139310E+02  -0.526129E+02   0.137733E+06   0.199735E+02
  1410   0.843112E+03   0.137677E+02  -0.519776E+02   0.137517E+06   0.206561E+02
  1411   0.843573E+03   0.136072E+02  -0.513331E+02   0.137301E+06   0.213623E+02
  1412   0.843984E+03   0.134495E+02  -0.506799E+02   0.137085E+06   0.220910E+02
  1413   0.844338E+03   0.132946E+02  -0.500181E+02   0.136869E+06   0.228414E+02
  1414   0.844643E+03   0.131426E+02  -0.493483E+02   0.136654E+06   0.236125E+02
  1415   0.844891E+03   0.129934E+02  -0.486704E+02   0.136439E+06   0.244035E+02
  1416   0.845089E+03   0.128473E+02  -0.479850E+02   0.136225E+06   0.252134E+02
  1417   0.845232E+03   0.127041E+02  -0.472921E+02   0.136011E+06   0.260413E+02
  1418   0.845326E+03   0.125641E+02  -0.465923E+02   0.135798E+06   0.268863E+02
  1419   0.845364E+03   0.124271E+02  -0.458857E+02   0.135584E+06   0.277474E+02
  1420   0.845346E+03   0.122933E+02  -0.451726E+02   0.135372E+06   0.286238E+02
  1421   0.845272E+03   0.121627E+02  -0.444533E+02   0.135159E+06   0.295145E+02
  1422   0.845144E+03   0.120353E+02  -0.437280E+02   0.134947E+06   0.304186E+02
  1423   0.844967E+03   0.119110E+02  -0.429970E+02   0.134736E+06   0.313352E+02
  1424   0.844728E+03   0.117901E+02  -0.422606E+02   0.134524E+06   0.322634E+02
  1425   0.844435E+03   0.116725E+02  -0.415192E+02   0.134313E+06   0.332022E+02
  1426   0.844086E+03   0.115583E+02  -0.407729E+02   0.134103E+06   0.341507E+02
  1427   0.843676E+03   0.114473E+02  -0.400221E+02   0.133893E+06   0.351080E+02
  1428   0.843212E+03   0.113398E+02  -0.392669E+02   0.133683E+06   0.360733E+02
  1429   0.842694E+03   0.112357E+02  -0.385079E+02   0.133474E+06   0.370455E+02
  1430   0.842121E+03   0.111350E+02  -0.377452E+02   0.133265E+06   0.380237E+02
  1431   0.841488E+03   0.110378E+02  -0.369792E+02   0.133056E+06   0.390071E+02
  1432   0.840801E+03   0.109441E+02  -0.362102E+02   0.132848E+06   0.399947E+02
  1433   0.840054E+03   0.108539E+02  -0.354383E+02   0.132640E+06   0.409855E+02
  1434   0.839253E+03   0.107672E+02  -0.346640E+02   0.132432E+06   0.419788E+02
  1435   0.838392E+03   0.106841E+02  -0.338876E+02   0.132225E+06   0.429735E+02
  1436   0.837479E+03   0.106046E+02  -0.331094E+02   0.132019E+06   0.439687E+02
  1437   0.836505E+03   0.105285E+02  -0.323296E+02   0.131812E+06   0.449636E+02
  1438   0.835472E+03   0.104562E+02  -0.315486E+02   0.131606E+06   0.459572E+02
  1439   0.834386E+03   0.103874E+02  -0.307667E+02   0.131401E+06   0.469485E+02
  1440   0.833249E+03   0.103222E+02  -0.299842E+02   0.131195E+06   0.479367E+02
  1441   0.832052E+03   0.102607E+02  -0.292013E+02   0.130990E+06   0.489208E+02
  1442   0.830796E+03   0.102028E+02  -0.284184E+02   0.130786E+06   0.499000E+02
  1443   0.829481E+03   0.101484E+02  -0.276358E+02   0.130582E+06   0.508732E+02
  1444   0.828116E+03   0.100978E+02  -0.268538E+02   0.130378E+06   0.518397E+02
  1445   0.826691E+03   0.100507E+02  -0.260726E+02   0.130174E+06   0.527984E+02
  1446   0.825209E+03   0.100074E+02  -0.252925E+02   0.129971E+06   0.537484E+02
  1447   0.823676E+03   0.996762E+01  -0.245140E+02   0.129769E+06   0.546889E+02
  1448   0.822084E+03   0.993150E+01  -0.237372E+02   0.129566E+06   0.556189E+02
  1449   0.820436E+03   0.989907E+01  -0.229627E+02   0.129364E+06   0.565374E+02
  1450   0.818737E+03   0.987023E+01  -0.221904E+02   0.129162E+06   0.574437E+02
  1451   0.816988E+03   0.984505E+01  -0.214210E+02   0.128961E+06   0.583366E+02
  1452   0.815182E+03   0.982345E+01  -0.206546E+02   0.128760E+06   0.592152E+02
  1453   0.813319E+03   0.980549E+01  -0.198915E+02   0.128560E+06   0.600783E+02
  1454   0.811406E+03   0.979116E+01  -0.191319E+02   0.128359E+06   0.609248E+02
  1455   0.809444E+03   0.978038E+01  -0.183761E+02   0.128159E+06   0.617536E+02
  1456   0.807433E+03   0.977320E+01  -0.176243E+02   0.127960E+06   0.625636E+02
  1457   0.805372E+03   0.976962E+01  -0.168767E+02   0.127761E+06   0.633537E+02
  1458   0.803256E+03   0.976948E+01  -0.161337E+02   0.127562E+06   0.641227E+02
  1459   0.801090E+03   0.977292E+01  -0.153953E+02   0.127363E+06   0.648695E+02
  1460   0.798875E+03   0.977992E+01  -0.146620E+02   0.127165E+06   0.655931E+02
  1461   0.796612E+03   0.979033E+01  -0.139338E+02   0.126967E+06   0.662922E+02
  1462   0.794301E+03   0.980421E+01  -0.132111E+02   0.126770E+06   0.669659E+02
  1463   0.791941E+03   0.982156E+01  -0.124941E+02   0.126573E+06   0.676129E+02
  1464   0.789532E+03   0.984227E+01  -0.117829E+02   0.126376E+06   0.682322E+02
  1465   0.787076E+03   0.986643E+01  -0.110779E+02   0.126180E+06   0.688227E+02
  1466   0.784579E+03   0.989394E+01  -0.103793E+02   0.125984E+06   0.693832E+02
  1467   0.782034E+03   0.992472E+01  -0.968722E+01   0.125788E+06   0.699126E+02
  1468   0.779449E+03   0.995891E+01  -0.900203E+01   0.125593E+06   0.704099E+02
  1469   0.776817E+03   0.999627E+01  -0.832391E+01   0.125397E+06   0.708738E+02
  1470   0.774137E+03   0.100369E+02  -0.765298E+01   0.125203E+06   0.713033E+02
  1471   0.771424E+03   0.100808E+02  -0.698957E+01   0.125008E+06   0.716973E+02
  1472   0.768664E+03   0.101278E+02  -0.633381E+01   0.124814E+06   0.720547E+02
  1473   0.765857E+03   0.101779E+02  -0.568596E+01   0.124621E+06   0.723742E+02
  1474   0.763018E+03   0.102312E+02  -0.504622E+01   0.124427E+06   0.726550E+02
  1475   0.760132E+03   0.102875E+02  -0.441486E+01   0.124234E+06   0.728957E+02
  1476   0.757214E+03   0.103468E+02  -0.379192E+01   0.124042E+06   0.730953E+02
  1477   0.754257E+03   0.104091E+02  -0.317774E+01   0.123849E+06   0.732527E+02
  1478   0.751262E+03   0.104743E+02  -0.257244E+01   0.123657E+06   0.733668E+02
  1479   0.748234E+03   0.105424E+02  -0.197621E+01   0.123466E+06   0.734364E+02
  1480   0.745168E+03   0.106133E+02  -0.138926E+01   0.123274E+06   0.734605E+02
  1481   0.742071E+03   0.106871E+02  -0.811780E+00   0.123083E+06   0.734379E+02
  1482   0.738935E+03   0.107636E+02  -0.243942E+00   0.122893E+06   0.733675E+02
  1483   0.735768E+03   0.108428E+02   0.314107E+00   0.122703E+06   0.732482E+02
  1484   0.732578E+03   0.109247E+02   0.862185E+00   0.122513E+06   0.730790E+02
  1485   0.729349E+03   0.110091E+02   0.140013E+01   0.122323E+06   0.728585E+02
  1486   0.726098E+03   0.110961E+02   0.192779E+01   0.122134E+06   0.725859E+02
  1487   0.722808E+03   0.111856E+02   0.244499E+01   0.121945E+06   0.722599E+02
  1488   0.719496E+03   0.112775E+02   0.295157E+01   0.121756E+06   0.718794E+02
  1489   0.716161E+03   0.113718E+02   0.344739E+01   0.121567E+06   0.714433E+02
  1490   0.712792E+03   0.114685E+02   0.393231E+01   0.121379E+06   0.709505E+02
  1491   0.709401E+03   0.115674E+02   0.440618E+01   0.121192E+06   0.704000E+02
  1492   0.705985E+03   0.116685E+02   0.486888E+01   0.121004E+06   0.697905E+02
  1493   0.702547E+03   0.117718E+02   0.532024E+01   0.120817E+06   0.691209E+02
  1494   0.699086E+03   0.118771E+02   0.576015E+01   0.120631E+06   0.683902E+02
  1495   0.695604E+03   0.119845E+02   0.618846E+01   0.120444E+06   0.675973E+02
  1496   0.692101E+03   0.120939E+02   0.660506E+01   0.120258E+06   0.667409E+02
  1497   0.688580E+03   0.122052E+02   0.700987E+01   0.120072E+06   0.658201E+02
  1498   0.685039E+03   0.123183E+02   0.740277E+01   0.119887E+06   0.648336E+02
  1499   0.681482E+03   0.124332E+02   0.778366E+01   0.119702E+06   0.637804E+02
  1500   0.677909E+03   0.125498E+02   0.815245E+01   0.119517E+06   0.626594E+02
  1501   0.674320E+03   0.126681E+02   0.850902E+01   0.119332E+06   0.614703E+02
  1502   0.670719E+03   0.127879E+02   0.885332E+01   0.119148E+06   0.602159E+02
  1503   0.667103E+03   0.129093E+02   0.918525E+01   0.118964E+06   0.588999E+02
  1504   0.663475E+03   0.130321E+02   0.950478E+01   0.118781E+06   0.575262E+02
  1505   0.659836E+03   0.131565E+02   0.981183E+01   0.118598E+06   0.560983E+02
  1506   0.656186E+03   0.132821E+02   0.101064E+02   0.118415E+06   0.546199E+02
  1507   0.652526E+03   0.134090E+02   0.103883E+02   0.118232E+06   0.530949E+02
  1508   0.648856E+03   0.135372E+02   0.106576E+02   0.118050E+06   0.515268E+02
  1509   0.645179E+03   0.136666E+02   0.109142E+02   0.117868E+06   0.499195E+02
  1510   0.641494E+03   0.137970E+02   0.111581E+02   0.117686E+06   0.482765E+02
  1511   0.637803E+03   0.139285E+02   0.113892E+02   0.117505E+06   0.466016E+02
  1512   0.634108E+03   0.140611E+02   0.116077E+02   0.117324E+06   0.448986E+02
  1513   0.630408E+03   0.141946E+02   0.118135E+02   0.117143E+06   0.431711E+02
  1514   0.626706E+03   0.143288E+02   0.120065E+02   0.116963E+06   0.414228E+02
  1515   0.623002E+03   0.144640E+02   0.121869E+02   0.116783E+06   0.396574E+02
  1516   0.619298E+03   0.146000E+02   0.123545E+02   0.116603E+06   0.378787E+02
  1517   0.615595E+03   0.147366E+02   0.125094E+02   0.116423E+06   0.360903E+02
  1518   0.611893E+03   0.148738E+02   0.126516E+02   0.116244E+06   0.342959E+02
  1519   0.608193E+03   0.150115E+02   0.127812E+02   0.116065E+06   0.324993E+02
  1520   0.604497E+03   0.151498E+02   0.128980E+02   0.115887E+06   0.307042E+02
  1521   0.600804E+03   0.152885E+02   0.130023E+02   0.115709E+06   0.289142E+02
  1522   0.597116E+03   0.154276E+02   0.130939E+02   0.115531E+06   0.271331E+02
  1523   0.593434E+03   0.155670E+02   0.131729E+02   0.115353E+06   0.253645E+02
  1524   0.589759E+03   0.157066E+02   0.132393E+02   0.115176E+06   0.236123E+02
  1525   0.586091E+03   0.158463E+02   0.132932E+02   0.114999E+06   0.218800E+02
  1526   0.582433E+03   0.159862E+02   0.133346E+02   0.114822E+06   0.201714E+02
  1527   0.578783E+03   0.161262E+02   0.133636E+02   0.114645E+06   0.184902E+02
  1528   0.575144E+03   0.162661E+02   0.133803E+02   0.114469E+06   0.168402E+02
  1529   0.571517E+03   0.164059E+02   0.133848E+02   0.114293E+06   0.152249E+02
  1530   0.567902E+03   0.165456E+02   0.133769E+02   0.114118E+06   0.136482E+02
  1531   0.564300E+03   0.166850E+02   0.133569E+02   0.113943E+06   0.121136E+02
  1532   0.560711E+03   0.168242E+02   0.133248E+02   0.113768E+06   0.106250E+02
  1533   0.557138E+03   0.169630E+02   0.132807E+02   0.113593E+06   0.918605E+01
  1534   0.553581E+03   0.171014E+02   0.132247E+02   0.113419E+06   0.780042E+01
  1535   0.550039E+03   0.172393E+02   0.131568E+02   0.113245E+06   0.647183E+01
  1536   0.546515E+03   0.173767E+02   0.130770E+02   0.113071E+06   0.520399E+01
  1537   0.543008E+03   0.175134E+02   0.129856E+02   0.112898E+06   0.400061E+01
  1538   0.539521E+03   0.176494E+02   0.128826E+02   0.112724E+06   0.286539E+01
  1539   0.536054E+03   0.177847E+02   0.127681E+02   0.112552E+06   0.180203E+01
  1540   0.532607E+03   0.179192E+02   0.126424E+02   0.112379E+06   0.814248E+00
  1541   0.529181E+03   0.180528E+02   0.125053E+02   0.112207E+06  -0.942568E-01
  1542   0.525779E+03   0.181855E+02   0.123572E+02   0.112035E+06  -0.919778E+00
  1543   0.522399E+03   0.183172E+02   0.121981E+02   0.111863E+06  -0.165861E+01
  1544   0.519044E+03   0.184479E+02   0.120282E+02   0.111692E+06  -0.230704E+01
  1545   0.515713E+03   0.185773E+02   0.118476E+02   0.111521E+06  -0.286138E+01
  1546   0.512408E+03   0.187056E+02   0.116564E+02   0.111350E+06  -0.331791E+01
  1547   0.509130E+03   0.188327E+02   0.114548E+02   0.111179E+06  -0.367292E+01
  1548   0.505878E+03   0.189586E+02   0.112429E+02   0.111009E+06  -0.392272E+01
  1549   0.502655E+03   0.190830E+02   0.110208E+02   0.110839E+06  -0.406359E+01
  1550   0.499459E+03   0.192059E+02   0.107888E+02   0.110670E+06  -0.409183E+01
  1551   0.496293E+03   0.193274E+02   0.105469E+02   0.110500E+06  -0.400522E+01
  1552   0.493156E+03   0.194473E+02   0.102952E+02   0.110331E+06  -0.380743E+01
  1553   0.490050E+03   0.195657E+02   0.100340E+02   0.110163E+06  -0.350365E+01
  1554   0.486975E+03   0.196825E+02   0.976339E+01   0.109994E+06  -0.309904E+01
  1555   0.483930E+03   0.197974E+02   0.948350E+01   0.109826E+06  -0.259876E+01
  1556   0.480918E+03   0.199108E+02   0.919444E+01   0.109658E+06  -0.200799E+01
  1557   0.477938E+03   0.200223E+02   0.889647E+01   0.109490E+06  -0.133189E+01
  1558   0.474991E+03   0.201320E+02   0.858967E+01   0.109323E+06  -0.575627E+00
  1559   0.472078E+03   0.202399E+02   0.827429E+01   0.109156E+06   0.255625E+00
  1560   0.469199E+03   0.203459E+02   0.795034E+01   0.108989E+06   0.115670E+01
  1561   0.466354E+03   0.204499E+02   0.761821E+01   0.108823E+06   0.212243E+01
  1562   0.463544E+03   0.205520E+02   0.727792E+01   0.108657E+06   0.314765E+01
  1563   0.460770E+03   0.206521E+02   0.692970E+01   0.108491E+06   0.422719E+01
  1564   0.458032E+03   0.207501E+02   0.657373E+01   0.108325E+06   0.535588E+01
  1565   0.455330E+03   0.208460E+02   0.621024E+01   0.108160E+06   0.652855E+01
  1566   0.452665E+03   0.209397E+02   0.583932E+01   0.107995E+06   0.774004E+01
  1567   0.450036E+03   0.210314E+02   0.546122E+01   0.107830E+06   0.898517E+01
  1568   0.447446E+03   0.211208E+02   0.507603E+01   0.107665E+06   0.102588E+02
  1569   0.444893E+03   0.212079E+02   0.468405E+01   0.107501E+06   0.115557E+02
  1570   0.442378E+03   0.212927E+02   0.428546E+01   0.107337E+06   0.128708E+02
  1571   0.439903E+03   0.213752E+02   0.388038E+01   0.107173E+06   0.141988E+02
  1572   0.437465E+03   0.214554E+02   0.346902E+01   0.107010E+06   0.155347E+02
  1573   0.435067E+03   0.215331E+02   0.305160E+01   0.106847E+06   0.168732E+02
  1574   0.432708E+03   0.216084E+02   0.262836E+01   0.106684E+06   0.182091E+02
  1575   0.430389E+03   0.216813E+02   0.219950E+01   0.106521E+06   0.195374E+02
  1576   0.428110E+03   0.217518E+02   0.176527E+01   0.106359E+06   0.208528E+02
  1577   0.425871E+03   0.218197E+02   0.132587E+01   0.106197E+06   0.221502E+02
  1578   0.423673E+03   0.218852E+02   0.881536E+00   0.106035E+06   0.234243E+02
  1579   0.421517E+03   0.219481E+02   0.432483E+00   0.105874E+06   0.246701E+02
  1580   0.419401E+03   0.220084E+02  -0.210732E-01   0.105713E+06   0.258824E+02
  1581   0.417327E+03   0.220661E+02  -0.478924E+00   0.105552E+06   0.270559E+02
  1582   0.415294E+03   0.221213E+02  -0.940859E+00   0.105391E+06   0.281856E+02
  1583   0.413303E+03   0.221739E+02  -0.140667E+01   0.105231E+06   0.292663E+02
  1584   0.411353E+03   0.222238E+02  -0.187615E+01   0.105071E+06   0.302927E+02
  1585   0.409445E+03   0.222709E+02  -0.234909E+01   0.104911E+06   0.312598E+02
  1586   0.407579E+03   0.223154E+02  -0.282528E+01   0.104751E+06   0.321623E+02
  1587   0.405755E+03   0.223572E+02  -0.330449E+01   0.104592E+06   0.329951E+02
  1588   0.403972E+03   0.223961E+02  -0.378649E+01   0.104433E+06   0.337530E+02
  1589   0.402231E+03   0.224324E+02  -0.427107E+01   0.104274E+06   0.344309E+02
  1590   0.400533E+03   0.224659E+02  -0.475800E+01   0.104116E+06   0.350235E+02
  1591   0.398876E+03   0.224966E+02  -0.524706E+01   0.103957E+06   0.355258E+02
  1592   0.397262E+03   0.225245E+02  -0.573801E+01   0.103799E+06   0.359325E+02
  1593   0.395689E+03   0.225495E+02  -0.623065E+01   0.103642E+06   0.362385E+02
  1594   0.394159E+03   0.225717E+02  -0.672472E+01   0.103484E+06   0.364386E+02
  1595   0.392670E+03   0.225911E+02  -0.722001E+01   0.103327E+06   0.365276E+02
  1596   0.391223E+03   0.226076E+02  -0.771629E+01   0.103170E+06   0.365004E+02
  1597   0.389818E+03   0.226213E+02  -0.821333E+01   0.103014E+06   0.363519E+02
  1598   0.388455E+03   0.226322E+02  -0.871089E+01   0.102857E+06   0.360767E+02
  1599   0.387133E+03   0.226401E+02  -0.920875E+01   0.102701E+06   0.356699E+02
  1600   0.385853E+03   0.226452E+02  -0.970667E+01   0.102545E+06   0.351261E+02
  1601   0.384614E+03   0.226475E+02  -0.102045E+02   0.102390E+06   0.344421E+02
  1602   0.383415E+03   0.226468E+02  -0.107019E+02   0.102234E+06   0.336219E+02
  1603   0.382258E+03   0.226432E+02  -0.111988E+02   0.102079E+06   0.326715E+02
  1604   0.381142E+03   0.226369E+02  -0.116951E+02   0.101924E+06   0.315966E+02
  1605   0.380066E+03   0.226275E+02  -0.121905E+02   0.101770E+06   0.304031E+02
  1606   0.379030E+03   0.226153E+02  -0.126848E+02   0.101615E+06   0.290970E+02
  1607   0.378035E+03   0.226002E+02  -0.131778E+02   0.101461E+06   0.276841E+02
  1608   0.377080E+03   0.225822E+02  -0.136695E+02   0.101308E+06   0.261702E+02
  1609   0.376163E+03   0.225613E+02  -0.141595E+02   0.101154E+06   0.245614E+02
  1610   0.375287E+03   0.225376E+02  -0.146477E+02   0.101001E+06   0.228634E+02
  1611   0.374450E+03   0.225111E+02  -0.151338E+02   0.100848E+06   0.210821E+02
  1612   0.373651E+03   0.224818E+02  -0.156177E+02   0.100695E+06   0.192235E+02
  1613   0.372892E+03   0.224497E+02  -0.160992E+02   0.100543E+06   0.172933E+02
  1614   0.372170E+03   0.224148E+02  -0.165781E+02   0.100390E+06   0.152975E+02
  1615   0.371487E+03   0.223773E+02  -0.170542E+02   0.100238E+06   0.132419E+02
  1616   0.370842E+03   0.223370E+02  -0.175274E+02   0.100087E+06   0.111325E+02
  1617   0.370234E+03   0.222940E+02  -0.179974E+02   0.999351E+05   0.897507E+01
  1618   0.369662E+03   0.222483E+02  -0.184641E+02   0.997839E+05   0.677553E+01
  1619   0.369128E+03   0.221999E+02  -0.189274E+02   0.996329E+05   0.453976E+01
  1620   0.368629E+03   0.221489E+02  -0.193870E+02   0.994821E+05   0.227363E+01
  1621   0.368166E+03   0.220951E+02  -0.198429E+02   0.993317E+05  -0.169806E-01
  1622   0.367738E+03   0.220387E+02  -0.202947E+02   0.991814E+05  -0.232618E+01
  1623   0.367346E+03   0.219797E+02  -0.207425E+02   0.990315E+05  -0.464811E+01
  1624   0.366987E+03   0.219182E+02  -0.211858E+02   0.988817E+05  -0.697686E+01
  1625   0.366663E+03   0.218541E+02  -0.216248E+02   0.987323E+05  -0.930658E+01
  1626   0.366373E+03   0.217875E+02  -0.220591E+02   0.985830E+05  -0.116314E+02
  1627   0.366115E+03   0.217184E+02  -0.224886E+02   0.984341E+05  -0.139454E+02
  1628   0.365889E+03   0.216468E+02  -0.229131E+02   0.982853E+05  -0.162427E+02
  1629   0.365697E+03   0.215728E+02  -0.233325E+02   0.981368E+05  -0.185174E+02
  1630   0.365535E+03   0.214964E+02  -0.237466E+02   0.979886E+05  -0.207638E+02
  1631   0.365404E+03   0.214176E+02  -0.241554E+02   0.978406E+05  -0.229758E+02
  1632   0.365304E+03   0.213365E+02  -0.245585E+02   0.976929E+05  -0.251476E+02
  1633   0.365233E+03   0.212530E+02  -0.249559E+02   0.975454E+05  -0.272733E+02
  1634   0.365193E+03   0.211672E+02  -0.253475E+02   0.973981E+05  -0.293470E+02
  1635   0.365181E+03   0.210791E+02  -0.257331E+02   0.972511E+05  -0.313630E+02
  1636   0.365196E+03   0.209888E+02  -0.261126E+02   0.971043E+05  -0.333152E+02
  1637   0.365240E+03   0.208964E+02  -0.264858E+02   0.969578E+05  -0.351978E+02
  1638   0.365310E+03   0.208017E+02  -0.268526E+02   0.968115E+05  -0.370049E+02
  1639   0.365407E+03   0.207049E+02  -0.272129E+02   0.966655E+05  -0.387307E+02
  1640   0.365530E+03   0.206061E+02  -0.275665E+02   0.965197E+05  -0.403693E+02
  1641   0.365678E+03   0.205053E+02  -0.279134E+02   0.963742E+05  -0.419147E+02
  1642   0.365850E+03   0.204025E+02  -0.282533E+02   0.962288E+05  -0.433612E+02
  1643   0.366046E+03   0.202977E+02  -0.285863E+02   0.960838E+05  -0.447028E+02
  1644   0.366266E+03   0.201912E+02  -0.289121E+02   0.959389E+05  -0.459336E+02
  1645   0.366509E+03   0.200828E+02  -0.292306E+02   0.957944E+05  -0.470478E+02
  1646   0.366773E+03   0.199724E+02  -0.295419E+02   0.956500E+05  -0.480395E+02
  1647   0.367058E+03   0.198605E+02  -0.298457E+02   0.955059E+05  -0.489028E+02
  1648   0.367364E+03   0.197467E+02  -0.301419E+02   0.953620E+05  -0.496318E+02
  1649   0.367690E+03   0.196312E+02  -0.304304E+02   0.952184E+05  -0.502207E+02
  1650   0.368035E+03   0.195141E+02  -0.307111E+02   0.950750E+05  -0.506635E+02
  1651   0.368399E+03   0.193953E+02  -0.309840E+02   0.949318E+05  -0.509562E+02
  1652   0.368780E+03   0.192751E+02  -0.312491E+02   0.947889E+05  -0.511015E+02
  1653   0.369179E+03   0.191533E+02  -0.315061E+02   0.946462E+05  -0.511039E+02
  1654   0.369595E+03   0.190300E+02  -0.317551E+02   0.945037E+05  -0.509679E+02
  1655   0.370027E+03   0.189053E+02  -0.319959E+02   0.943615E+05  -0.506981E+02
  1656   0.370473E+03   0.187792E+02  -0.322287E+02   0.942195E+05  -0.502990E+02
  1657   0.370936E+03   0.186518E+02  -0.324532E+02   0.940778E+05  -0.497750E+02
  1658   0.371412E+03   0.185230E+02  -0.326694E+02   0.939363E+05  -0.491308E+02
  1659   0.371903E+03   0.183930E+02  -0.328773E+02   0.937950E+05  -0.483708E+02
  1660   0.372407E+03   0.182618E+02  -0.330768E+02   0.936539E+05  -0.474995E+02
  1661   0.372923E+03   0.181294E+02  -0.332680E+02   0.935131E+05  -0.465215E+02
  1662   0.373451E+03   0.179959E+02  -0.334506E+02   0.933725E+05  -0.454412E+02
  1663   0.373990E+03   0.178614E+02  -0.336249E+02   0.932322E+05  -0.442633E+02
  1664   0.374540E+03   0.177258E+02  -0.337907E+02   0.930921E+05  -0.429921E+02
  1665   0.375100E+03   0.175893E+02  -0.339479E+02   0.929522E+05  -0.416322E+02
  1666   0.375670E+03   0.174517E+02  -0.340965E+02   0.928125E+05  -0.401882E+02
  1667   0.376248E+03   0.173134E+02  -0.342366E+02   0.926731E+05  -0.386645E+02
  1668   0.376835E+03   0.171742E+02  -0.343681E+02   0.925339E+05  -0.370657E+02
  1669   0.377428E+03   0.170341E+02  -0.344909E+02   0.923949E+05  -0.353963E+02
  1670   0.378029E+03   0.168933E+02  -0.346050E+02   0.922562E+05  -0.336608E+02
  1671   0.378636E+03   0.167518E+02  -0.347105E+02   0.921177E+05  -0.318636E+02
  1672   0.379248E+03   0.166096E+02  -0.348074E+02   0.919794E+05  -0.300094E+02
  1673   0.379865E+03   0.164668E+02  -0.348957E+02   0.918413E+05  -0.281027E+02
  1674   0.380487E+03   0.163235E+02  -0.349753E+02   0.917035E+05  -0.261479E+02
  1675   0.381112E+03   0.161797E+02  -0.350463E+02   0.915659E+05  -0.241496E+02
  1676   0.381741E+03   0.160355E+02  -0.351088E+02   0.914285E+05  -0.221123E+02
  1677   0.382372E+03   0.158911E+02  -0.351627E+02   0.912914E+05  -0.200404E+02
  1678   0.383005E+03   0.157462E+02  -0.352081E+02   0.911544E+05  -0.179387E+02
  1679   0.383640E+03   0.156011E+02  -0.352449E+02   0.910178E+05  -0.158114E+02
  1680   0.384274E+03   0.154558E+02  -0.352732E+02   0.908813E+05  -0.136632E+02
  1681   0.384910E+03   0.153103E+02  -0.352931E+02   0.907450E+05  -0.114986E+02
  1682   0.385544E+03   0.151647E+02  -0.353046E+02   0.906090E+05  -0.932206E+01
  1683   0.386177E+03   0.150191E+02  -0.353076E+02   0.904732E+05  -0.713814E+01
  1684   0.386808E+03   0.148733E+02  -0.353022E+02   0.903376E+05  -0.495133E+01
  1685   0.387436E+03   0.147277E+02  -0.352885E+02   0.902023E+05  -0.276616E+01
  1686   0.388062E+03   0.145821E+02  -0.352664E+02   0.900672E+05  -0.587137E+00
  1687   0.388683E+03   0.144365E+02  -0.352361E+02   0.899323E+05   0.158121E+01
  1688   0.389301E+03   0.142912E+02  -0.351977E+02   0.897976E+05   0.373438E+01
  1689   0.389914E+03   0.141461E+02  -0.351511E+02   0.896631E+05   0.586785E+01
  1690   0.390521E+03   0.140013E+02  -0.350964E+02   0.895289E+05   0.797710E+01
  1691   0.391121E+03   0.138569E+02  -0.350338E+02   0.893949E+05   0.100576E+02
  1692   0.391716E+03   0.137128E+02  -0.349631E+02   0.892611E+05   0.121049E+02
  1693   0.392302E+03   0.135690E+02  -0.348846E+02   0.891275E+05   0.141144E+02
  1694   0.392882E+03   0.134259E+02  -0.347983E+02   0.889941E+05   0.160816E+02
  1695   0.393451E+03   0.132832E+02  -0.347042E+02   0.888610E+05   0.180020E+02
  1696   0.394013E+03   0.131410E+02  -0.346024E+02   0.887281E+05   0.198712E+02
  1697   0.394565E+03   0.129995E+02  -0.344930E+02   0.885954E+05   0.216845E+02
  1698   0.395105E+03   0.128586E+02  -0.343759E+02   0.884629E+05   0.234374E+02
  1699   0.395635E+03   0.127184E+02  -0.342515E+02   0.883306E+05   0.251255E+02
  1700   0.396154E+03   0.125790E+02  -0.341197E+02   0.881986E+05   0.267442E+02
  1701   0.396661E+03   0.124403E+02  -0.339807E+02   0.880667E+05   0.282900E+02
  1702   0.397156E+03   0.123025E+02  -0.338344E+02   0.879351E+05   0.297634E+02
  1703   0.397638E+03   0.121657E+02  -0.336812E+02   0.878037E+05   0.311659E+02
  1704   0.398107E+03   0.120297E+02  -0.335210E+02   0.876725E+05   0.324990E+02
  1705   0.398563E+03   0.118949E+02  -0.333540E+02   0.875416E+05   0.337642E+02
  1706   0.399004E+03   0.117609E+02  -0.331802E+02   0.874108E+05   0.349630E+02
  1707   0.399432E+03   0.116280E+02  -0.329997E+02   0.872803E+05   0.360968E+02
  1708   0.399844E+03   0.114962E+02  -0.328127E+02   0.871499E+05   0.371672E+02
  1709   0.400242E+03   0.113656E+02  -0.326191E+02   0.870198E+05   0.381756E+02
  1710   0.400624E+03   0.112361E+02  -0.324192E+02   0.868899E+05   0.391236E+02
  1711   0.400991E+03   0.111078E+02  -0.322130E+02   0.867602E+05   0.400126E+02
  1712   0.401341E+03   0.109807E+02  -0.320006E+02   0.866308E+05   0.408441E+02
  1713   0.401674E+03   0.108549E+02  -0.317822E+02   0.865015E+05   0.416197E+02
  1714   0.401991E+03   0.107303E+02  -0.315577E+02   0.863725E+05   0.423408E+02
  1715   0.402290E+03   0.106071E+02  -0.313275E+02   0.862436E+05   0.430088E+02
  1716   0.402573E+03   0.104853E+02  -0.310915E+02   0.861150E+05   0.436254E+02
  1717   0.402836E+03   0.103649E+02  -0.308499E+02   0.859866E+05   0.441920E+02
  1718   0.403082E+03   0.102458E+02  -0.306030E+02   0.858584E+05   0.447101E+02
  1719   0.403310E+03   0.101283E+02  -0.303505E+02   0.857304E+05   0.451812E+02
  1720   0.403518E+03   0.100121E+02  -0.300930E+02   0.856026E+05   0.456067E+02
  1721   0.403708E+03   0.989760E+01  -0.298303E+02   0.854750E+05   0.459882E+02
  1722   0.403879E+03   0.978458E+01  -0.295626E+02   0.853476E+05   0.463272E+02
  1723   0.404029E+03   0.967322E+01  -0.292903E+02   0.852205E+05   0.466251E+02
  1724   0.404161E+03   0.956342E+01  -0.290131E+02   0.850935E+05   0.468835E+02
  1725   0.404272E+03   0.945527E+01  -0.287315E+02   0.849667E+05   0.471038E+02
  1726   0.404363E+03   0.934875E+01  -0.284455E+02   0.848402E+05   0.472876E+02
  1727   0.404433E+03   0.924401E+01  -0.281551E+02   0.847139E+05   0.474362E+02
  1728   0.404483E+03   0.914088E+01  -0.278607E+02   0.845877E+05   0.475513E+02
  1729   0.404512E+03   0.903959E+01  -0.275623E+02   0.844618E+05   0.476343E+02
  1730   0.404520E+03   0.894005E+01  -0.272600E+02   0.843361E+05   0.476868E+02
  1731   0.404506E+03   0.884226E+01  -0.269539E+02   0.842106E+05   0.477101E+02
  1732   0.404470E+03   0.874629E+01  -0.266443E+02   0.840852E+05   0.477058E+02
  1733   0.404413E+03   0.865220E+01  -0.263312E+02   0.839601E+05   0.476754E+02
  1734   0.404333E+03   0.855991E+01  -0.260147E+02   0.838352E+05   0.476203E+02
  1735   0.404231E+03   0.846948E+01  -0.256952E+02   0.837105E+05   0.475422E+02
  1736   0.404108E+03   0.838100E+01  -0.253727E+02   0.835860E+05   0.474424E+02
  1737   0.403962E+03   0.829444E+01  -0.250473E+02   0.834617E+05   0.473224E+02
  1738   0.403794E+03   0.820981E+01  -0.247194E+02   0.833376E+05   0.471838E+02
  1739   0.403603E+03   0.812716E+01  -0.243890E+02   0.832137E+05   0.470281E+02
  1740   0.403390E+03   0.804650E+01  -0.240563E+02   0.830900E+05   0.468567E+02
  1741   0.403156E+03   0.796782E+01  -0.237214E+02   0.829665E+05   0.466711E+02
  1742   0.402898E+03   0.789118E+01  -0.233846E+02   0.828432E+05   0.464728E+02
  1743   0.402618E+03   0.781650E+01  -0.230458E+02   0.827201E+05   0.462634E+02
  1744   0.402315E+03   0.774393E+01  -0.227054E+02   0.825972E+05   0.460443E+02
  1745   0.401989E+03   0.767338E+01  -0.223634E+02   0.824745E+05   0.458169E+02
  1746   0.401640E+03   0.760492E+01  -0.220200E+02   0.823520E+05   0.455829E+02
  1747   0.401268E+03   0.753847E+01  -0.216753E+02   0.822297E+05   0.453436E+02
  1748   0.400874E+03   0.747417E+01  -0.213296E+02   0.821076E+05   0.451007E+02
  1749   0.400456E+03   0.741195E+01  -0.209829E+02   0.819856E+05   0.448555E+02
  1750   0.400016E+03   0.735178E+01  -0.206355E+02   0.818639E+05   0.446095E+02
  1751   0.399552E+03   0.729375E+01  -0.202874E+02   0.817424E+05   0.443641E+02
  1752   0.399066E+03   0.723784E+01  -0.199389E+02   0.816211E+05   0.441192E+02
  1753   0.398557E+03   0.718405E+01  -0.195901E+02   0.814999E+05   0.438747E+02
  1754   0.398025E+03   0.713236E+01  -0.192410E+02   0.813790E+05   0.436303E+02
  1755   0.397471E+03   0.708285E+01  -0.188920E+02   0.812583E+05   0.433858E+02
  1756   0.396894E+03   0.703543E+01  -0.185429E+02   0.811377E+05   0.431411E+02
  1757   0.396294E+03   0.699016E+01  -0.181941E+02   0.810174E+05   0.428959E+02
  1758   0.395672E+03   0.694697E+01  -0.178456E+02   0.808972E+05   0.426501E+02
  1759   0.395026E+03   0.690597E+01  -0.174975E+02   0.807772E+05   0.424034E+02
  1760   0.394360E+03   0.686708E+01  -0.171500E+02   0.806575E+05   0.421556E+02
  1761   0.393670E+03   0.683031E+01  -0.168032E+02   0.805379E+05   0.419066E+02
  1762   0.392958E+03   0.679566E+01  -0.164572E+02   0.804185E+05   0.416561E+02
  1763   0.392225E+03   0.676313E+01  -0.161123E+02   0.802993E+05   0.414039E+02
  1764   0.391470E+03   0.673270E+01  -0.157684E+02   0.801803E+05   0.411498E+02
  1765   0.390693E+03   0.670440E+01  -0.154258E+02   0.800614E+05   0.408936E+02
  1766   0.389896E+03   0.667820E+01  -0.150846E+02   0.799428E+05   0.406351E+02
  1767   0.389077E+03   0.665409E+01  -0.147449E+02   0.798244E+05   0.403742E+02
  1768   0.388238E+03   0.663209E+01  -0.144068E+02   0.797061E+05   0.401105E+02
  1769   0.387379E+03   0.661217E+01  -0.140705E+02   0.795881E+05   0.398439E+02
  1770   0.386499E+03   0.659432E+01  -0.137362E+02   0.794702E+05   0.395743E+02
  1771   0.385599E+03   0.657854E+01  -0.134039E+02   0.793525E+05   0.393013E+02
  1772   0.384680E+03   0.656481E+01  -0.130737E+02   0.792350E+05   0.390248E+02
  1773   0.383741E+03   0.655311E+01  -0.127458E+02   0.791177E+05   0.387446E+02
  1774   0.382782E+03   0.654345E+01  -0.124203E+02   0.790006E+05   0.384604E+02
  1775   0.381805E+03   0.653579E+01  -0.120973E+02   0.788837E+05   0.381722E+02
  1776   0.380808E+03   0.653015E+01  -0.117770E+02   0.787669E+05   0.378796E+02
  1777   0.379793E+03   0.652648E+01  -0.114593E+02   0.786504E+05   0.375825E+02
  1778   0.378760E+03   0.652479E+01  -0.111445E+02   0.785340E+05   0.372807E+02
  1779   0.377709E+03   0.652504E+01  -0.108327E+02   0.784178E+05   0.369739E+02
  1780   0.376640E+03   0.652724E+01  -0.105240E+02   0.783018E+05   0.366620E+02
  1781   0.375553E+03   0.653134E+01  -0.102185E+02   0.781860E+05   0.363447E+02
  1782   0.374450E+03   0.653736E+01  -0.991640E+01   0.780704E+05   0.360219E+02
  1783   0.373330E+03   0.654525E+01  -0.961763E+01   0.779549E+05   0.356933E+02
  1784   0.372193E+03   0.655500E+01  -0.932242E+01   0.778397E+05   0.353588E+02
  1785   0.371040E+03   0.656660E+01  -0.903089E+01   0.777246E+05   0.350181E+02
  1786   0.369872E+03   0.658000E+01  -0.874303E+01   0.776097E+05   0.346711E+02
  1787   0.368689E+03   0.659520E+01  -0.845912E+01   0.774950E+05   0.343175E+02
  1788   0.367490E+03   0.661218E+01  -0.817909E+01   0.773805E+05   0.339571E+02
  1789   0.366278E+03   0.663090E+01  -0.790320E+01   0.772661E+05   0.335898E+02
  1790   0.365051E+03   0.665135E+01  -0.763138E+01   0.771520E+05   0.332153E+02
  1791   0.363809E+03   0.667350E+01  -0.736383E+01   0.770380E+05   0.328334E+02
  1792   0.362554E+03   0.669732E+01  -0.710062E+01   0.769242E+05   0.324439E+02
  1793   0.361287E+03   0.672278E+01  -0.684188E+01   0.768106E+05   0.320467E+02
  1794   0.360005E+03   0.674986E+01  -0.658768E+01   0.766971E+05   0.316414E+02
  1795   0.358712E+03   0.677853E+01  -0.633806E+01   0.765839E+05   0.312280E+02
  1796   0.357406E+03   0.680876E+01  -0.609310E+01   0.764708E+05   0.308061E+02
  1797   0.356088E+03   0.684053E+01  -0.585300E+01   0.763579E+05   0.303757E+02
  1798   0.354759E+03   0.687379E+01  -0.561783E+01   0.762452E+05   0.299365E+02
  1799   0.353420E+03   0.690853E+01  -0.538750E+01   0.761326E+05   0.294882E+02
  1800   0.352069E+03   0.694471E+01  -0.516229E+01   0.760203E+05   0.290308E+02
  1801   0.350709E+03   0.698230E+01  -0.494218E+01   0.759081E+05   0.285642E+02
  1802   0.349340E+03   0.702128E+01  -0.472725E+01   0.757961E+05   0.280893E+02
  1803   0.347962E+03   0.706161E+01  -0.451757E+01   0.756842E+05   0.276074E+02
  1804   0.346575E+03   0.710328E+01  -0.431320E+01   0.755726E+05   0.271197E+02
  1805   0.345180E+03   0.714625E+01  -0.411418E+01   0.754611E+05   0.266273E+02
  1806   0.343777E+03   0.719049E+01  -0.392056E+01   0.753498E+05   0.261315E+02
  1807   0.342366E+03   0.723598E+01  -0.373238E+01   0.752387E+05   0.256334E+02
  1808   0.340948E+03   0.728268E+01  -0.354968E+01   0.751277E+05   0.251342E+02
  1809   0.339523E+03   0.733057E+01  -0.337254E+01   0.750170E+05   0.246352E+02
  1810   0.338092E+03   0.737961E+01  -0.320098E+01   0.749064E+05   0.241374E+02
  1811   0.336654E+03   0.742978E+01  -0.303503E+01   0.747960E+05   0.236422E+02
  1812   0.335211E+03   0.748103E+01  -0.287474E+01   0.746857E+05   0.231506E+02
  1813   0.333762E+03   0.753335E+01  -0.272012E+01   0.745756E+05   0.226639E+02
  1814   0.332308E+03   0.758670E+01  -0.257123E+01   0.744657E+05   0.221833E+02
  1815   0.330850E+03   0.764105E+01  -0.242808E+01   0.743560E+05   0.217100E+02
  1816   0.329388E+03   0.769636E+01  -0.229070E+01   0.742465E+05   0.212451E+02
  1817   0.327922E+03   0.775260E+01  -0.215912E+01   0.741371E+05   0.207898E+02
  1818   0.326453E+03   0.780975E+01  -0.203337E+01   0.740279E+05   0.203454E+02
  1819   0.324981E+03   0.786776E+01  -0.191346E+01   0.739189E+05   0.199130E+02
  1820   0.323507E+03   0.792660E+01  -0.179941E+01   0.738100E+05   0.194939E+02
  1821   0.322030E+03   0.798620E+01  -0.169123E+01   0.737013E+05   0.190891E+02
  1822   0.320553E+03   0.804662E+01  -0.158894E+01   0.735928E+05   0.186999E+02
  1823   0.319073E+03   0.810776E+01  -0.149256E+01   0.734844E+05   0.183276E+02
  1824   0.317592E+03   0.816954E+01  -0.140211E+01   0.733763E+05   0.179732E+02
  1825   0.316112E+03   0.823197E+01  -0.131756E+01   0.732683E+05   0.176380E+02
  1826   0.314631E+03   0.829510E+01  -0.123894E+01   0.731604E+05   0.173231E+02
  1827   0.313150E+03   0.835873E+01  -0.116623E+01   0.730528E+05   0.170298E+02
  1828   0.311671E+03   0.842292E+01  -0.109941E+01   0.729453E+05   0.167592E+02
  1829   0.310193E+03   0.848767E+01  -0.103850E+01   0.728380E+05   0.165126E+02
  1830   0.308716E+03   0.855290E+01  -0.983482E+00   0.727308E+05   0.162911E+02
  1831   0.307242E+03   0.861853E+01  -0.934348E+00   0.726238E+05   0.160960E+02
  1832   0.305771E+03   0.868458E+01  -0.891083E+00   0.725170E+05   0.159283E+02
  1833   0.304303E+03   0.875094E+01  -0.853676E+00   0.724104E+05   0.157893E+02
  1834   0.302838E+03   0.881771E+01  -0.822100E+00   0.723039E+05   0.156803E+02
  1835   0.301378E+03   0.888473E+01  -0.796343E+00   0.721976E+05   0.156023E+02
  1836   0.299922E+03   0.895199E+01  -0.776380E+00   0.720914E+05   0.155566E+02
  1837   0.298470E+03   0.901950E+01  -0.762200E+00   0.719855E+05   0.155443E+02
  1838   0.297023E+03   0.908718E+01  -0.753775E+00   0.718797E+05   0.155668E+02
  1839   0.295582E+03   0.915503E+01  -0.751080E+00   0.717740E+05   0.156250E+02
  1840   0.294146E+03   0.922296E+01  -0.754073E+00   0.716685E+05   0.157203E+02
  1841   0.292717E+03   0.929098E+01  -0.762721E+00   0.715632E+05   0.158538E+02
  1842   0.291293E+03   0.935894E+01  -0.776982E+00   0.714581E+05   0.160268E+02
  1843   0.289878E+03   0.942699E+01  -0.796823E+00   0.713531E+05   0.162403E+02
  1844   0.288469E+03   0.949497E+01  -0.822211E+00   0.712483E+05   0.164957E+02
  1845   0.287068E+03   0.956280E+01  -0.853096E+00   0.711437E+05   0.167941E+02
  1846   0.285676E+03   0.963056E+01  -0.889444E+00   0.710392E+05   0.171366E+02
  1847   0.284293E+03   0.969818E+01  -0.931208E+00   0.709349E+05   0.175245E+02
  1848   0.282917E+03   0.976557E+01  -0.978332E+00   0.708307E+05   0.179590E+02
  1849   0.281551E+03   0.983274E+01  -0.103077E+01   0.707267E+05   0.184412E+02
  1850   0.280195E+03   0.989960E+01  -0.108848E+01   0.706229E+05   0.189724E+02
  1851   0.278848E+03   0.996616E+01  -0.115141E+01   0.705192E+05   0.195532E+02
  1852   0.277512E+03   0.100324E+02  -0.121952E+01   0.704157E+05   0.201823E+02
  1853   0.276186E+03   0.100982E+02  -0.129276E+01   0.703124E+05   0.208576E+02
  1854   0.274871E+03   0.101636E+02  -0.137106E+01   0.702092E+05   0.215773E+02
  1855   0.273566E+03   0.102286E+02  -0.145435E+01   0.701062E+05   0.223394E+02
  1856   0.272274E+03   0.102932E+02  -0.154259E+01   0.700033E+05   0.231421E+02
  1857   0.270993E+03   0.103573E+02  -0.163572E+01   0.699007E+05   0.239834E+02
  1858   0.269724E+03   0.104208E+02  -0.173365E+01   0.697981E+05   0.248613E+02
  1859   0.268466E+03   0.104837E+02  -0.183634E+01   0.696958E+05   0.257740E+02
  1860   0.267223E+03   0.105461E+02  -0.194372E+01   0.695936E+05   0.267195E+02
  1861   0.265990E+03   0.106080E+02  -0.205572E+01   0.694915E+05   0.276960E+02
  1862   0.264772E+03   0.106691E+02  -0.217226E+01   0.693896E+05   0.287014E+02
  1863   0.263566E+03   0.107297E+02  -0.229327E+01   0.692879E+05   0.297339E+02
  1864   0.262374E+03   0.107896E+02  -0.241870E+01   0.691863E+05   0.307915E+02
  1865   0.261196E+03   0.108487E+02  -0.254846E+01   0.690849E+05   0.318724E+02
  1866   0.260030E+03   0.109071E+02  -0.268248E+01   0.689837E+05   0.329745E+02
  1867   0.258880E+03   0.109647E+02  -0.282068E+01   0.688826E+05   0.340960E+02
  1868   0.257744E+03   0.110215E+02  -0.296298E+01   0.687816E+05   0.352349E+02
  1869   0.256621E+03   0.110776E+02  -0.310929E+01   0.686809E+05   0.363894E+02
  1870   0.255514E+03   0.111328E+02  -0.325952E+01   0.685802E+05   0.375575E+02
  1871   0.254422E+03   0.111871E+02  -0.341360E+01   0.684798E+05   0.387372E+02
  1872   0.253345E+03   0.112406E+02  -0.357143E+01   0.683795E+05   0.399267E+02
  1873   0.252283E+03   0.112932E+02  -0.373293E+01   0.682793E+05   0.411241E+02
  1874   0.251236E+03   0.113448E+02  -0.389801E+01   0.681794E+05   0.423273E+02
  1875   0.250205E+03   0.113954E+02  -0.406656E+01   0.680795E+05   0.435346E+02
  1876   0.249190E+03   0.114450E+02  -0.423850E+01   0.679798E+05   0.447438E+02
  1877   0.248191E+03   0.114938E+02  -0.441372E+01   0.678803E+05   0.459533E+02
  1878   0.247208E+03   0.115414E+02  -0.459214E+01   0.677810E+05   0.471609E+02
  1879   0.246241E+03   0.115880E+02  -0.477366E+01   0.676817E+05   0.483648E+02
  1880   0.245290E+03   0.116336E+02  -0.495818E+01   0.675827E+05   0.495631E+02
  1881   0.244356E+03   0.116780E+02  -0.514561E+01   0.674838E+05   0.507539E+02
  1882   0.243439E+03   0.117214E+02  -0.533583E+01   0.673850E+05   0.519352E+02
  1883   0.242538E+03   0.117636E+02  -0.552876E+01   0.672865E+05   0.531050E+02
  1884   0.241654E+03   0.118047E+02  -0.572429E+01   0.671880E+05   0.542616E+02
  1885   0.240786E+03   0.118446E+02  -0.592233E+01   0.670897E+05   0.554029E+02
  1886   0.239937E+03   0.118832E+02  -0.612277E+01   0.669916E+05   0.565270E+02
  1887   0.239104E+03   0.119208E+02  -0.632552E+01   0.668936E+05   0.576320E+02
  1888   0.238288E+03   0.119570E+02  -0.653046E+01   0.667958E+05   0.587161E+02
  1889   0.237489E+03   0.119920E+02  -0.673747E+01   0.666981E+05   0.597771E+02
  1890   0.236707E+03   0.120258E+02  -0.694644E+01   0.666006E+05   0.608133E+02
  1891   0.235943E+03   0.120583E+02  -0.715727E+01   0.665032E+05   0.618228E+02
  1892   0.235197E+03   0.120895E+02  -0.736983E+01   0.664060E+05   0.628035E+02
  1893   0.234468E+03   0.121194E+02  -0.758400E+01   0.663090E+05   0.637536E+02
  1894   0.233756E+03   0.121480E+02  -0.779969E+01   0.662120E+05   0.646711E+02
  1895   0.233062E+03   0.121753E+02  -0.801677E+01   0.661153E+05   0.655542E+02
  1896   0.232386E+03   0.122013E+02  -0.823513E+01   0.660187E+05   0.664008E+02
  1897   0.231727E+03   0.122259E+02  -0.845467E+01   0.659222E+05   0.672091E+02
  1898   0.231086E+03   0.122491E+02  -0.867527E+01   0.658259E+05   0.679772E+02
  1899   0.230463E+03   0.122709E+02  -0.889683E+01   0.657297E+05   0.687031E+02
  1900   0.229858E+03   0.122914E+02  -0.911923E+01   0.656337E+05   0.693849E+02
  1901   0.229269E+03   0.123104E+02  -0.934237E+01   0.655379E+05   0.700210E+02
  1902   0.228698E+03   0.123280E+02  -0.956615E+01   0.654421E+05   0.706109E+02
  1903   0.228145E+03   0.123442E+02  -0.979044E+01   0.653466E+05   0.711544E+02
  1904   0.227609E+03   0.123590E+02  -0.100153E+02   0.652512E+05   0.716514E+02
  1905   0.227091E+03   0.123723E+02  -0.102404E+02   0.651559E+05   0.721017E+02
  1906   0.226590E+03   0.123842E+02  -0.104658E+02   0.650608E+05   0.725050E+02
  1907   0.226107E+03   0.123946E+02  -0.106914E+02   0.649658E+05   0.728613E+02
  1908   0.225640E+03   0.124036E+02  -0.109170E+02   0.648709E+05   0.731703E+02
  1909   0.225192E+03   0.124112E+02  -0.111426E+02   0.647763E+05   0.734318E+02
  1910   0.224760E+03   0.124173E+02  -0.113682E+02   0.646817E+05   0.736458E+02
  1911   0.224346E+03   0.124219E+02  -0.115935E+02   0.645873E+05   0.738120E+02
  1912   0.223948E+03   0.124251E+02  -0.118184E+02   0.644931E+05   0.739302E+02
  1913   0.223567E+03   0.124268E+02  -0.120431E+02   0.643990E+05   0.740003E+02
  1914   0.223203E+03   0.124271E+02  -0.122672E+02   0.643050E+05   0.740220E+02
  1915   0.222856E+03   0.124258E+02  -0.124907E+02   0.642112E+05   0.739953E+02
  1916   0.222525E+03   0.124231E+02  -0.127136E+02   0.641175E+05   0.739199E+02
  1917   0.222211E+03   0.124190E+02  -0.129357E+02   0.640240E+05   0.737957E+02
  1918   0.221913E+03   0.124133E+02  -0.131570E+02   0.639306E+05   0.736224E+02
  1919   0.221632E+03   0.124063E+02  -0.133772E+02   0.638374E+05   0.733999E+02
  1920   0.221366E+03   0.123978E+02  -0.135965E+02   0.637443E+05   0.731280E+02
  1921   0.221116E+03   0.123878E+02  -0.138146E+02   0.636513E+05   0.728066E+02
  1922   0.220883E+03   0.123764E+02  -0.140315E+02   0.635585E+05   0.724355E+02
  1923   0.220664E+03   0.123636E+02  -0.142470E+02   0.634658E+05   0.720144E+02
  1924   0.220463E+03   0.123495E+02  -0.144611E+02   0.633733E+05   0.715433E+02
  1925   0.220275E+03   0.123338E+02  -0.146737E+02   0.632809E+05   0.710219E+02
  1926   0.220103E+03   0.123168E+02  -0.148847E+02   0.631886E+05   0.704501E+02
  1927   0.219946E+03   0.122983E+02  -0.150940E+02   0.630965E+05   0.698276E+02
  1928   0.219804E+03   0.122785E+02  -0.153016E+02   0.630045E+05   0.691544E+02
  1929   0.219676E+03   0.122573E+02  -0.155073E+02   0.629126E+05   0.684301E+02
  1930   0.219563E+03   0.122346E+02  -0.157110E+02   0.628209E+05   0.676548E+02
  1931   0.219464E+03   0.122107E+02  -0.159127E+02   0.627294E+05   0.668281E+02
  1932   0.219378E+03   0.121854E+02  -0.161123E+02   0.626379E+05   0.659499E+02
  1933   0.219307E+03   0.121587E+02  -0.163097E+02   0.625467E+05   0.650200E+02
  1934   0.219248E+03   0.121307E+02  -0.165048E+02   0.624555E+05   0.640383E+02
  1935   0.219204E+03   0.121013E+02  -0.166975E+02   0.623645E+05   0.630045E+02
  1936   0.219172E+03   0.120706E+02  -0.168878E+02   0.622736E+05   0.619186E+02
  1937   0.219153E+03   0.120387E+02  -0.170755E+02   0.621828E+05   0.607802E+02
  1938   0.219147E+03   0.120054E+02  -0.172606E+02   0.620922E+05   0.595893E+02
  1939   0.219153E+03   0.119709E+02  -0.174431E+02   0.620018E+05   0.583457E+02
  1940   0.219170E+03   0.119351E+02  -0.176228E+02   0.619114E+05   0.570491E+02
  1941   0.219200E+03   0.118981E+02  -0.177997E+02   0.618212E+05   0.556994E+02
  1942   0.219241E+03   0.118599E+02  -0.179736E+02   0.617311E+05   0.542965E+02
  1943   0.219294E+03   0.118204E+02  -0.181446E+02   0.616412E+05   0.528401E+02
  1944   0.219357E+03   0.117798E+02  -0.183124E+02   0.615514E+05   0.513302E+02
  1945   0.219431E+03   0.117380E+02  -0.184772E+02   0.614617E+05   0.497664E+02
  1946   0.219516E+03   0.116949E+02  -0.186387E+02   0.613722E+05   0.481486E+02
  1947   0.219610E+03   0.116508E+02  -0.187970E+02   0.612827E+05   0.464767E+02
  1948   0.219715E+03   0.116055E+02  -0.189519E+02   0.611935E+05   0.447504E+02
  1949   0.219828E+03   0.115591E+02  -0.191034E+02   0.611043E+05   0.429696E+02
  1950   0.219951E+03   0.115115E+02  -0.192514E+02   0.610153E+05   0.411342E+02
  1951   0.220083E+03   0.114628E+02  -0.193958E+02   0.609264E+05   0.392445E+02
  1952   0.220224E+03   0.114131E+02  -0.195366E+02   0.608376E+05   0.373032E+02
  1953   0.220373E+03   0.113623E+02  -0.196738E+02   0.607490E+05   0.353137E+02
  1954   0.220529E+03   0.113106E+02  -0.198073E+02   0.606605E+05   0.332793E+02
  1955   0.220694E+03   0.112578E+02  -0.199370E+02   0.605721E+05   0.312033E+02
  1956   0.220867E+03   0.112039E+02  -0.200630E+02   0.604839E+05   0.290890E+02
  1957   0.221047E+03   0.111492E+02  -0.201853E+02   0.603958E+05   0.269398E+02
  1958   0.221234E+03   0.110935E+02  -0.203036E+02   0.603078E+05   0.247589E+02
  1959   0.221428E+03   0.110370E+02  -0.204181E+02   0.602200E+05   0.225497E+02
  1960   0.221629E+03   0.109794E+02  -0.205286E+02   0.601322E+05   0.203155E+02
  1961   0.221837E+03   0.109210E+02  -0.206352E+02   0.600446E+05   0.180597E+02
  1962   0.222049E+03   0.108618E+02  -0.207378E+02   0.599572E+05   0.157854E+02
  1963   0.222268E+03   0.108016E+02  -0.208364E+02   0.598698E+05   0.134962E+02
  1964   0.222493E+03   0.107407E+02  -0.209309E+02   0.597826E+05   0.111951E+02
  1965   0.222722E+03   0.106789E+02  -0.210213E+02   0.596955E+05   0.888571E+01
  1966   0.222956E+03   0.106163E+02  -0.211076E+02   0.596086E+05   0.657118E+01
  1967   0.223196E+03   0.105529E+02  -0.211898E+02   0.595218E+05   0.425488E+01
  1968   0.223438E+03   0.104889E+02  -0.212678E+02   0.594351E+05   0.194011E+01
  1969   0.223686E+03   0.104240E+02  -0.213416E+02   0.593485E+05  -0.369793E+00
  1970   0.223937E+03   0.103586E+02  -0.214113E+02   0.592620E+05  -0.267153E+01
  1971   0.224192E+03   0.102924E+02  -0.214766E+02   0.591757E+05  -0.496177E+01
  1972   0.224450E+03   0.102256E+02  -0.215379E+02   0.590895E+05  -0.723719E+01
  1973   0.224710E+03   0.101582E+02  -0.215948E+02   0.590035E+05  -0.949450E+01
  1974   0.224974E+03   0.100902E+02  -0.216474E+02   0.589175E+05  -0.117304E+02
  1975   0.225240E+03   0.100215E+02  -0.216957E+02   0.588317E+05  -0.139414E+02
  1976   0.225507E+03   0.995243E+01  -0.217398E+02   0.587461E+05  -0.161245E+02
  1977   0.225776E+03   0.988273E+01  -0.217795E+02   0.586605E+05  -0.182761E+02
  1978   0.226046E+03   0.981246E+01  -0.218149E+02   0.585751E+05  -0.203930E+02
  1979   0.226317E+03   0.974184E+01  -0.218459E+02   0.584898E+05  -0.224718E+02
  1980   0.226590E+03   0.967065E+01  -0.218726E+02   0.584046E+05  -0.245093E+02
  1981   0.226862E+03   0.959912E+01  -0.218950E+02   0.583195E+05  -0.265022E+02
  1982   0.227135E+03   0.952716E+01  -0.219131E+02   0.582346E+05  -0.284470E+02
  1983   0.227407E+03   0.945480E+01  -0.219269E+02   0.581498E+05  -0.303406E+02
  1984   0.227679E+03   0.938217E+01  -0.219364E+02   0.580651E+05  -0.321795E+02
  1985   0.227951E+03   0.930920E+01  -0.219415E+02   0.579806E+05  -0.339605E+02
  1986   0.228221E+03   0.923590E+01  -0.219424E+02   0.578962E+05  -0.356802E+02
  1987   0.228490E+03   0.916242E+01  -0.219390E+02   0.578119E+05  -0.373354E+02
  1988   0.228757E+03   0.908868E+01  -0.219313E+02   0.577277E+05  -0.389226E+02
  1989   0.229023E+03   0.901477E+01  -0.219193E+02   0.576436E+05  -0.404387E+02
  1990   0.229286E+03   0.894061E+01  -0.219031E+02   0.575597E+05  -0.418802E+02
  1991   0.229547E+03   0.886634E+01  -0.218827E+02   0.574759E+05  -0.432439E+02
  1992   0.229805E+03   0.879191E+01  -0.218580E+02   0.573922E+05  -0.445264E+02
  1993   0.230059E+03   0.871739E+01  -0.218291E+02   0.573087E+05  -0.457244E+02
  1994   0.230311E+03   0.864284E+01  -0.217959E+02   0.572252E+05  -0.468346E+02
  1995   0.230558E+03   0.856821E+01  -0.217587E+02   0.571419E+05  -0.478537E+02
  1996   0.230802E+03   0.849349E+01  -0.217172E+02   0.570588E+05  -0.487784E+02
  1997   0.231041E+03   0.841883E+01  -0.216716E+02   0.569757E+05  -0.496053E+02
  1998   0.231275E+03   0.834424E+01  -0.216220E+02   0.568928E+05  -0.503312E+02
  1999   0.231505E+03   0.826964E+01  -0.215682E+02   0.568099E+05  -0.509526E+02
  2000   0.231728E+03   0.819512E+01  -0.215105E+02   0.567273E+05  -0.514664E+02
  2001   0.231947E+03   0.812074E+01  -0.214486E+02   0.566447E+05  -0.518703E+02
  2002   0.232160E+03   0.804651E+01  -0.213829E+02   0.565622E+05  -0.521668E+02
  2003   0.232367E+03   0.797241E+01  -0.213132E+02   0.564799E+05  -0.523595E+02
  2004   0.232568E+03   0.789846E+01  -0.212395E+02   0.563977E+05  -0.524522E+02
  2005   0.232763E+03   0.782479E+01  -0.211619E+02   0.563156E+05  -0.524483E+02
  2006   0.232952E+03   0.775125E+01  -0.210805E+02   0.562337E+05  -0.523516E+02
  2007   0.233133E+03   0.767798E+01  -0.209953E+02   0.561518E+05  -0.521658E+02
  2008   0.233307E+03   0.760500E+01  -0.209063E+02   0.560701E+05  -0.518943E+02
  2009   0.233474E+03   0.753228E+01  -0.208135E+02   0.559885E+05  -0.515410E+02
  2010   0.233634E+03   0.745990E+01  -0.207170E+02   0.559071E+05  -0.511093E+02
  2011   0.233787E+03   0.738779E+01  -0.206168E+02   0.558257E+05  -0.506030E+02
  2012   0.233931E+03   0.731601E+01  -0.205130E+02   0.557445E+05  -0.500257E+02
  2013   0.234067E+03   0.724457E+01  -0.204055E+02   0.556634E+05  -0.493810E+02
  2014   0.234195E+03   0.717353E+01  -0.202945E+02   0.555824E+05  -0.486725E+02
  2015   0.234315E+03   0.710289E+01  -0.201799E+02   0.555015E+05  -0.479040E+02
  2016   0.234426E+03   0.703273E+01  -0.200619E+02   0.554207E+05  -0.470790E+02
  2017   0.234529E+03   0.696296E+01  -0.199406E+02   0.553401E+05  -0.462011E+02
  2018   0.234623E+03   0.689365E+01  -0.198159E+02   0.552596E+05  -0.452741E+02
  2019   0.234708E+03   0.682488E+01  -0.196880E+02   0.551792E+05  -0.443015E+02
  2020   0.234783E+03   0.675657E+01  -0.195569E+02   0.550989E+05  -0.432870E+02
  2021   0.234850E+03   0.668886E+01  -0.194226E+02   0.550187E+05  -0.422342E+02
  2022   0.234908E+03   0.662164E+01  -0.192853E+02   0.549387E+05  -0.411468E+02
  2023   0.234956E+03   0.655502E+01  -0.191449E+02   0.548588E+05  -0.400283E+02
  2024   0.234995E+03   0.648899E+01  -0.190015E+02   0.547790E+05  -0.388825E+02
  2025   0.235024E+03   0.642356E+01  -0.188552E+02   0.546993E+05  -0.377129E+02
  2026   0.235042E+03   0.635875E+01  -0.187061E+02   0.546197E+05  -0.365233E+02
  2027   0.235051E+03   0.629458E+01  -0.185541E+02   0.545402E+05  -0.353172E+02
  2028   0.235049E+03   0.623107E+01  -0.183993E+02   0.544609E+05  -0.340983E+02
  2029   0.235037E+03   0.616823E+01  -0.182419E+02   0.543817E+05  -0.328702E+02
  2030   0.235014E+03   0.610608E+01  -0.180818E+02   0.543026E+05  -0.316365E+02
  2031   0.234982E+03   0.604465E+01  -0.179192E+02   0.542236E+05  -0.304009E+02
  2032   0.234938E+03   0.598394E+01  -0.177542E+02   0.541447E+05  -0.291671E+02
  2033   0.234883E+03   0.592398E+01  -0.175868E+02   0.540659E+05  -0.279386E+02
  2034   0.234818E+03   0.586478E+01  -0.174170E+02   0.539873E+05  -0.267191E+02
  2035   0.234741E+03   0.580636E+01  -0.172450E+02   0.539088E+05  -0.255123E+02
  2036   0.234654E+03   0.574874E+01  -0.170708E+02   0.538304E+05  -0.243217E+02
  2037   0.234555E+03   0.569191E+01  -0.168943E+02   0.537521E+05  -0.231510E+02
  2038   0.234445E+03   0.563591E+01  -0.167160E+02   0.536739E+05  -0.220039E+02
  2039   0.234323E+03   0.558074E+01  -0.165355E+02   0.535958E+05  -0.208840E+02
  2040   0.234190E+03   0.552642E+01  -0.163532E+02   0.535178E+05  -0.197949E+02
  2041   0.234045E+03   0.547295E+01  -0.161691E+02   0.534400E+05  -0.187402E+02
  2042   0.233888E+03   0.542036E+01  -0.159832E+02   0.533623E+05  -0.177237E+02
  2043   0.233720E+03   0.536866E+01  -0.157955E+02   0.532846E+05  -0.167489E+02
  2044   0.233540E+03   0.531786E+01  -0.156063E+02   0.532071E+05  -0.158194E+02
  2045   0.233349E+03   0.526797E+01  -0.154156E+02   0.531297E+05  -0.149390E+02
  2046   0.233145E+03   0.521902E+01  -0.152234E+02   0.530525E+05  -0.141112E+02
  2047   0.232929E+03   0.517100E+01  -0.150299E+02   0.529753E+05  -0.133397E+02
  2048   0.232702E+03   0.512395E+01  -0.148351E+02   0.528982E+05  -0.126281E+02
  2049   0.232463E+03   0.507786E+01  -0.146392E+02   0.528213E+05  -0.119801E+02
  2050   0.232212E+03   0.503275E+01  -0.144421E+02   0.527445E+05  -0.113992E+02
  2051   0.231949E+03   0.498862E+01  -0.142441E+02   0.526677E+05  -0.108882E+02
  2052   0.231674E+03   0.494548E+01  -0.140450E+02   0.525911E+05  -0.104456E+02
  2053   0.231387E+03   0.490334E+01  -0.138450E+02   0.525146E+05  -0.100691E+02
  2054   0.231088E+03   0.486221E+01  -0.136442E+02   0.524382E+05  -0.975613E+01
  2055   0.230776E+03   0.482208E+01  -0.134426E+02   0.523620E+05  -0.950439E+01
  2056   0.230453E+03   0.478298E+01  -0.132404E+02   0.522858E+05  -0.931145E+01
  2057   0.230117E+03   0.474490E+01  -0.130374E+02   0.522097E+05  -0.917492E+01
  2058   0.229770E+03   0.470785E+01  -0.128339E+02   0.521338E+05  -0.909238E+01
  2059   0.229410E+03   0.467182E+01  -0.126300E+02   0.520580E+05  -0.906143E+01
  2060   0.229038E+03   0.463685E+01  -0.124255E+02   0.519822E+05  -0.907967E+01
  2061   0.228654E+03   0.460292E+01  -0.122208E+02   0.519066E+05  -0.914469E+01
  2062   0.228259E+03   0.457004E+01  -0.120157E+02   0.518311E+05  -0.925408E+01
  2063   0.227851E+03   0.453820E+01  -0.118104E+02   0.517557E+05  -0.940545E+01
  2064   0.227432E+03   0.450743E+01  -0.116050E+02   0.516804E+05  -0.959638E+01
  2065   0.227001E+03   0.447772E+01  -0.113995E+02   0.516052E+05  -0.982447E+01
  2066   0.226559E+03   0.444907E+01  -0.111941E+02   0.515301E+05  -0.100873E+02
  2067   0.226104E+03   0.442148E+01  -0.109886E+02   0.514552E+05  -0.103825E+02
  2068   0.225639E+03   0.439496E+01  -0.107834E+02   0.513803E+05  -0.107077E+02
  2069   0.225161E+03   0.436949E+01  -0.105783E+02   0.513055E+05  -0.110603E+02
  2070   0.224673E+03   0.434511E+01  -0.103735E+02   0.512309E+05  -0.114382E+02
  2071   0.224173E+03   0.432178E+01  -0.101691E+02   0.511563E+05  -0.118387E+02
  2072   0.223661E+03   0.429952E+01  -0.996505E+01   0.510819E+05  -0.122596E+02
  2073   0.223139E+03   0.427832E+01  -0.976154E+01   0.510076E+05  -0.126984E+02
  2074   0.222605E+03   0.425818E+01  -0.955852E+01   0.509334E+05  -0.131527E+02
  2075   0.222061E+03   0.423912E+01  -0.935615E+01   0.508592E+05  -0.136201E+02
  2076   0.221505E+03   0.422110E+01  -0.915441E+01   0.507852E+05  -0.140982E+02
  2077   0.220938E+03   0.420415E+01  -0.895347E+01   0.507113E+05  -0.145846E+02
  2078   0.220361E+03   0.418824E+01  -0.875338E+01   0.506375E+05  -0.150770E+02
  2079   0.219773E+03   0.417340E+01  -0.855414E+01   0.505638E+05  -0.155728E+02
  2080   0.219175E+03   0.415960E+01  -0.835590E+01   0.504902E+05  -0.160697E+02
  2081   0.218567E+03   0.414685E+01  -0.815866E+01   0.504167E+05  -0.165653E+02
  2082   0.217949E+03   0.413515E+01  -0.796256E+01   0.503433E+05  -0.170571E+02
  2083   0.217321E+03   0.412448E+01  -0.776767E+01   0.502700E+05  -0.175428E+02
  2084   0.216682E+03   0.411486E+01  -0.757400E+01   0.501969E+05  -0.180200E+02
  2085   0.216036E+03   0.410625E+01  -0.738168E+01   0.501238E+05  -0.184863E+02
  2086   0.215378E+03   0.409867E+01  -0.719071E+01   0.500508E+05  -0.189392E+02
  2087   0.214712E+03   0.409211E+01  -0.700116E+01   0.499779E+05  -0.193763E+02
  2088   0.214037E+03   0.408655E+01  -0.681311E+01   0.499051E+05  -0.197953E+02
  2089   0.213352E+03   0.408200E+01  -0.662663E+01   0.498325E+05  -0.201938E+02
  2090   0.212659E+03   0.407843E+01  -0.644178E+01   0.497599E+05  -0.205692E+02
  2091   0.211956E+03   0.407586E+01  -0.625857E+01   0.496874E+05  -0.209193E+02
  2092   0.211245E+03   0.407427E+01  -0.607714E+01   0.496151E+05  -0.212417E+02
  2093   0.210525E+03   0.407364E+01  -0.589755E+01   0.495428E+05  -0.215338E+02
  2094   0.209798E+03   0.407396E+01  -0.571975E+01   0.494707E+05  -0.217934E+02
  2095   0.209062E+03   0.407525E+01  -0.554393E+01   0.493986E+05  -0.220179E+02
  2096   0.208319E+03   0.407747E+01  -0.537011E+01   0.493266E+05  -0.222051E+02
  2097   0.207568E+03   0.408062E+01  -0.519831E+01   0.492548E+05  -0.223525E+02
  2098   0.206809E+03   0.408469E+01  -0.502862E+01   0.491830E+05  -0.224577E+02
  2099   0.206043E+03   0.408967E+01  -0.486109E+01   0.491113E+05  -0.225182E+02
  2100   0.205269E+03   0.409554E+01  -0.469577E+01   0.490398E+05  -0.225318E+02
  2101   0.204489E+03   0.410231E+01  -0.453272E+01   0.489683E+05  -0.224967E+02
  2102   0.203701E+03   0.410994E+01  -0.437197E+01   0.488969E+05  -0.224141E+02
  2103   0.202907E+03   0.411844E+01  -0.421355E+01   0.488257E+05  -0.222860E+02
  2104   0.202106E+03   0.412779E+01  -0.405753E+01   0.487545E+05  -0.221144E+02
  2105   0.201299E+03   0.413798E+01  -0.390392E+01   0.486835E+05  -0.219012E+02
  2106   0.200485E+03   0.414900E+01  -0.375275E+01   0.486125E+05  -0.216485E+02
  2107   0.199665E+03   0.416084E+01  -0.360406E+01   0.485416E+05  -0.213581E+02
  2108   0.198839E+03   0.417348E+01  -0.345789E+01   0.484709E+05  -0.210321E+02
  2109   0.198008E+03   0.418691E+01  -0.331427E+01   0.484002E+05  -0.206723E+02
  2110   0.197171E+03   0.420112E+01  -0.317322E+01   0.483297E+05  -0.202809E+02
  2111   0.196330E+03   0.421610E+01  -0.303479E+01   0.482592E+05  -0.198597E+02
  2112   0.195483E+03   0.423182E+01  -0.289900E+01   0.481889E+05  -0.194107E+02
  2113   0.194632E+03   0.424829E+01  -0.276586E+01   0.481186E+05  -0.189359E+02
  2114   0.193776E+03   0.426547E+01  -0.263542E+01   0.480485E+05  -0.184372E+02
  2115   0.192916E+03   0.428336E+01  -0.250768E+01   0.479784E+05  -0.179167E+02
  2116   0.192051E+03   0.430194E+01  -0.238267E+01   0.479085E+05  -0.173762E+02
  2117   0.191183E+03   0.432121E+01  -0.226042E+01   0.478387E+05  -0.168177E+02
  2118   0.190310E+03   0.434112E+01  -0.214095E+01   0.477690E+05  -0.162433E+02
  2119   0.189434E+03   0.436169E+01  -0.202427E+01   0.476994E+05  -0.156548E+02
  2120   0.188554E+03   0.438288E+01  -0.191041E+01   0.476299E+05  -0.150543E+02
  2121   0.187672E+03   0.440469E+01  -0.179938E+01   0.475605E+05  -0.144436E+02
  2122   0.186786E+03   0.442709E+01  -0.169119E+01   0.474912E+05  -0.138249E+02
  2123   0.185898E+03   0.445007E+01  -0.158587E+01   0.474220E+05  -0.132000E+02
  2124   0.185007E+03   0.447362E+01  -0.148343E+01   0.473529E+05  -0.125709E+02
  2125   0.184114E+03   0.449770E+01  -0.138388E+01   0.472840E+05  -0.119395E+02
  2126   0.183219E+03   0.452232E+01  -0.128723E+01   0.472151E+05  -0.113079E+02
  2127   0.182322E+03   0.454745E+01  -0.119350E+01   0.471464E+05  -0.106780E+02
  2128   0.181423E+03   0.457307E+01  -0.110270E+01   0.470778E+05  -0.100518E+02
  2129   0.180523E+03   0.459915E+01  -0.101483E+01   0.470092E+05  -0.943116E+01
  2130   0.179622E+03   0.462570E+01  -0.929916E+00   0.469408E+05  -0.881816E+01
  2131   0.178719E+03   0.465268E+01  -0.847957E+00   0.468725E+05  -0.821472E+01
  2132   0.177816E+03   0.468008E+01  -0.768967E+00   0.468043E+05  -0.762283E+01
  2133   0.176912E+03   0.470788E+01  -0.692935E+00   0.467363E+05  -0.704443E+01
  2134   0.176007E+03   0.473606E+01  -0.619871E+00   0.466683E+05  -0.648149E+01
  2135   0.175103E+03   0.476460E+01  -0.549779E+00   0.466005E+05  -0.593599E+01
  2136   0.174199E+03   0.479348E+01  -0.482649E+00   0.465327E+05  -0.540989E+01
  2137   0.173294E+03   0.482268E+01  -0.418482E+00   0.464651E+05  -0.490516E+01
  2138   0.172391E+03   0.485220E+01  -0.357276E+00   0.463976E+05  -0.442375E+01
  2139   0.171488E+03   0.488199E+01  -0.299034E+00   0.463302E+05  -0.396765E+01
  2140   0.170587E+03   0.491205E+01  -0.243752E+00   0.462630E+05  -0.353881E+01
  2141   0.169687E+03   0.494235E+01  -0.191418E+00   0.461958E+05  -0.313919E+01
  2142   0.168788E+03   0.497288E+01  -0.142023E+00   0.461288E+05  -0.277078E+01
  2143   0.167891E+03   0.500361E+01  -0.955676E-01   0.460618E+05  -0.243552E+01
  2144   0.166997E+03   0.503453E+01  -0.520372E-01   0.459950E+05  -0.213540E+01
  2145   0.166104E+03   0.506561E+01  -0.114309E-01   0.459283E+05  -0.187237E+01
  2146   0.165213E+03   0.509683E+01   0.262616E-01   0.458618E+05  -0.164840E+01
  2147   0.164325E+03   0.512817E+01   0.610533E-01   0.457953E+05  -0.146546E+01
  2148   0.163440E+03   0.515962E+01   0.929599E-01   0.457290E+05  -0.132552E+01
  2149   0.162558E+03   0.519114E+01   0.121996E+00   0.456628E+05  -0.123053E+01
  2150   0.161678E+03   0.522273E+01   0.148177E+00   0.455967E+05  -0.118247E+01
  2151   0.160802E+03   0.525435E+01   0.171513E+00   0.455307E+05  -0.118282E+01
  2152   0.159930E+03   0.528601E+01   0.192002E+00   0.454648E+05  -0.123108E+01
  2153   0.159062E+03   0.531767E+01   0.209635E+00   0.453991E+05  -0.132627E+01
  2154   0.158197E+03   0.534933E+01   0.224412E+00   0.453335E+05  -0.146743E+01
  2155   0.157336E+03   0.538099E+01   0.236336E+00   0.452680E+05  -0.165356E+01
  2156   0.156479E+03   0.541261E+01   0.245408E+00   0.452025E+05  -0.188370E+01
  2157   0.155627E+03   0.544421E+01   0.251630E+00   0.451372E+05  -0.215687E+01
  2158   0.154779E+03   0.547576E+01   0.255004E+00   0.450720E+05  -0.247208E+01
  2159   0.153935E+03   0.550726E+01   0.255531E+00   0.450069E+05  -0.282836E+01
  2160   0.153096E+03   0.553867E+01   0.253214E+00   0.449419E+05  -0.322474E+01
  2161   0.152261E+03   0.557001E+01   0.248059E+00   0.448770E+05  -0.366022E+01
  2162   0.151432E+03   0.560125E+01   0.240076E+00   0.448122E+05  -0.413385E+01
  2163   0.150607E+03   0.563238E+01   0.229269E+00   0.447475E+05  -0.464463E+01
  2164   0.149788E+03   0.566339E+01   0.215650E+00   0.446829E+05  -0.519160E+01
  2165   0.148973E+03   0.569426E+01   0.199223E+00   0.446183E+05  -0.577377E+01
  2166   0.148164E+03   0.572499E+01   0.179998E+00   0.445539E+05  -0.639016E+01
  2167   0.147361E+03   0.575555E+01   0.157985E+00   0.444895E+05  -0.703980E+01
  2168   0.146563E+03   0.578595E+01   0.133201E+00   0.444252E+05  -0.772171E+01
  2169   0.145771E+03   0.581616E+01   0.105670E+00   0.443610E+05  -0.843491E+01
  2170   0.144985E+03   0.584619E+01   0.754119E-01   0.442968E+05  -0.917842E+01
  2171   0.144204E+03   0.587600E+01   0.424472E-01   0.442327E+05  -0.995127E+01
  2172   0.143430E+03   0.590562E+01   0.679917E-02   0.441687E+05  -0.107525E+02
  2173   0.142662E+03   0.593500E+01  -0.315130E-01   0.441048E+05  -0.115811E+02
  2174   0.141900E+03   0.596416E+01  -0.724663E-01   0.440409E+05  -0.124360E+02
  2175   0.141146E+03   0.599307E+01  -0.116041E+00   0.439771E+05  -0.133165E+02
  2176   0.140397E+03   0.602173E+01  -0.162214E+00   0.439133E+05  -0.142213E+02
  2177   0.139656E+03   0.605012E+01  -0.210965E+00   0.438497E+05  -0.151497E+02
  2178   0.138920E+03   0.607823E+01  -0.262273E+00   0.437860E+05  -0.161005E+02
  2179   0.138192E+03   0.610606E+01  -0.316117E+00   0.437224E+05  -0.170728E+02
  2180   0.137471E+03   0.613358E+01  -0.372474E+00   0.436589E+05  -0.180657E+02
  2181   0.136757E+03   0.616079E+01  -0.431323E+00   0.435954E+05  -0.190781E+02
  2182   0.136050E+03   0.618768E+01  -0.492635E+00   0.435320E+05  -0.201091E+02
  2183   0.135349E+03   0.621425E+01  -0.556378E+00   0.434686E+05  -0.211577E+02
  2184   0.134657E+03   0.624047E+01  -0.622522E+00   0.434052E+05  -0.222229E+02
  2185   0.133971E+03   0.626635E+01  -0.691036E+00   0.433419E+05  -0.233038E+02
  2186   0.133293E+03   0.629187E+01  -0.761890E+00   0.432786E+05  -0.243993E+02
  2187   0.132623E+03   0.631702E+01  -0.835054E+00   0.432153E+05  -0.255086E+02
  2188   0.131960E+03   0.634180E+01  -0.910496E+00   0.431521E+05  -0.266305E+02
  2189   0.131304E+03   0.636618E+01  -0.988186E+00   0.430889E+05  -0.277642E+02
  2190   0.130657E+03   0.639019E+01  -0.106809E+01   0.430258E+05  -0.289086E+02
  2191   0.130017E+03   0.641378E+01  -0.115018E+01   0.429626E+05  -0.300628E+02
  2192   0.129385E+03   0.643696E+01  -0.123442E+01   0.428995E+05  -0.312259E+02
  2193   0.128761E+03   0.645972E+01  -0.132078E+01   0.428364E+05  -0.323967E+02
  2194   0.128144E+03   0.648205E+01  -0.140923E+01   0.427733E+05  -0.335744E+02
  2195   0.127535E+03   0.650393E+01  -0.149973E+01   0.427103E+05  -0.347579E+02
  2196   0.126935E+03   0.652537E+01  -0.159225E+01   0.426472E+05  -0.359464E+02
  2197   0.126342E+03   0.654636E+01  -0.168675E+01   0.425842E+05  -0.371387E+02
  2198   0.125757E+03   0.656688E+01  -0.178318E+01   0.425211E+05  -0.383340E+02
  2199   0.125181E+03   0.658694E+01  -0.188151E+01   0.424581E+05  -0.395312E+02
  2200   0.124612E+03   0.660653E+01  -0.198169E+01   0.423951E+05  -0.407294E+02
